Reading_Score,Writing_Score,Listening_Score,Speaking_Score,Attendance_Percentage,Practice_Hours,Vocabulary_Score,Grammar_Score,Mock_Test_Score,Final_IELTS_Band
5.3,4.9,5.5,5.9,100.0,2.8,66.6,52.7,6.4,5.5
4.5,4.5,4.8,5.1,100.0,3.2,64.2,58.1,4.3,4.7
4.3,5.2,5.8,5.0,100.0,5.1,63.2,57.7,6.6,5.4
6.6,6.9,7.5,7.3,100.0,7.5,70.3,73.8,6.8,7.2
5.3,5.9,4.2,3.4,100.0,6.2,35.8,53.7,5.3,4.9
3.7,4.0,4.1,4.1,100.0,5.7,45.4,45.9,4.2,4.2
7.7,7.9,7.8,5.1,100.0,5.6,75.7,55.5,5.5,7.1
6.3,5.2,5.6,7.3,100.0,5.6,46.9,71.9,4.7,5.8
3.8,3.6,3.5,4.2,100.0,4.4,52.2,55.5,6.2,4.3
5.5,6.4,5.3,7.6,100.0,5.4,53.9,39.8,5.2,6.0
5.7,5.3,4.2,5.2,100.0,3.9,51.7,32.6,5.2,5.1
5.0,5.3,5.6,4.8,100.0,1.7,42.9,63.3,3.5,5.0
5.3,4.0,6.0,4.8,100.0,3.6,56.6,55.9,5.4,5.3
2.5,2.3,3.5,1.8,100.0,1.5,20.0,21.3,3.0,2.8
3.0,3.7,3.5,3.4,100.0,0.5,20.7,20.0,5.0,3.4
3.9,4.4,5.0,4.3,100.0,5.1,48.0,31.3,4.1,4.5
2.1,2.8,3.3,2.6,100.0,1.4,33.5,32.9,3.3,2.8
7.0,5.8,5.2,4.0,100.0,6.5,43.7,64.5,5.6,5.6
4.0,3.2,3.2,3.1,100.0,4.5,37.5,36.2,3.2,3.6
3.6,5.0,3.2,4.9,100.0,2.1,32.7,34.9,3.6,3.9
6.7,8.2,7.3,8.7,100.0,8.7,85.7,89.6,6.7,7.4
4.1,5.3,4.8,4.9,100.0,5.8,58.1,40.8,4.2,4.6
4.9,6.4,6.0,5.2,100.0,4.6,50.4,54.0,5.4,5.6
2.0,3.4,2.5,3.0,100.0,2.2,23.2,38.7,3.4,2.6
6.2,5.1,4.7,3.5,100.0,5.8,39.6,32.5,4.9,4.8
4.1,6.6,4.2,6.3,100.0,5.5,46.4,53.4,6.3,5.1
2.8,3.9,3.7,5.3,100.0,4.8,37.8,51.5,3.3,3.6
5.1,5.2,6.0,4.7,100.0,2.0,66.1,52.2,5.2,5.2
5.3,2.6,4.1,4.2,100.0,4.2,53.4,51.7,3.3,4.2
4.7,4.6,5.0,4.3,100.0,2.2,41.5,44.2,5.0,4.4
3.3,5.1,3.6,3.9,100.0,4.1,35.9,59.0,3.8,3.8
8.2,8.1,6.0,8.3,100.0,8.8,73.6,61.3,7.5,7.5
5.6,5.5,5.4,3.8,100.0,7.6,30.5,50.4,5.8,5.3
4.2,3.2,5.0,4.1,100.0,2.0,22.1,20.0,3.2,4.0
6.6,4.1,5.3,6.6,100.0,5.4,62.0,55.3,5.6,5.6
5.5,3.1,4.4,3.4,100.0,3.0,35.5,24.6,4.3,4.2
7.0,5.0,5.3,6.0,100.0,3.9,58.0,50.5,5.8,5.6
2.1,2.3,1.7,2.8,100.0,3.5,20.0,20.0,3.1,2.4
4.7,4.0,2.6,4.5,100.0,2.9,25.2,29.4,3.1,3.9
5.5,7.1,5.2,3.9,100.0,5.5,50.3,57.6,4.2,5.5
6.3,6.0,5.6,5.6,100.0,7.0,57.3,45.8,5.4,6.2
3.9,5.0,4.3,5.1,100.0,5.1,59.5,46.2,4.5,4.4
4.7,4.6,3.6,2.5,100.0,3.6,35.2,73.7,5.3,3.9
4.0,4.8,4.0,3.7,100.0,4.5,34.0,48.8,4.8,4.3
3.9,2.4,3.4,2.5,100.0,1.5,24.8,20.0,2.8,3.1
5.0,4.3,4.1,5.0,100.0,4.1,25.5,25.2,3.8,4.3
2.8,4.9,4.1,3.8,100.0,5.8,24.1,45.3,4.8,3.9
6.3,6.5,6.4,5.5,100.0,4.8,50.9,66.9,6.0,6.1
6.3,5.9,6.2,6.1,100.0,3.2,52.7,49.3,5.0,6.2
2.7,3.3,3.2,1.5,100.0,2.4,29.9,45.5,4.3,3.3
6.0,3.7,5.3,3.6,100.0,4.3,61.4,81.0,5.0,4.7
4.8,5.1,5.2,4.2,100.0,4.5,60.1,41.6,5.0,4.7
4.5,3.5,3.5,2.9,100.0,4.5,40.9,48.6,4.5,3.7
5.5,4.7,5.6,4.5,100.0,2.7,61.5,68.4,4.6,5.0
5.3,5.2,6.1,6.7,100.0,7.6,63.0,76.0,5.7,5.7
5.2,6.5,5.2,6.9,100.0,4.6,62.0,57.6,6.7,5.9
4.6,3.8,3.7,4.7,100.0,3.7,58.2,56.8,3.9,4.1
4.6,3.0,3.1,5.6,100.0,3.5,48.0,44.7,3.6,3.8
5.3,5.9,6.8,6.5,100.0,4.7,58.5,59.2,5.7,5.9
5.8,4.8,5.5,4.3,100.0,9.0,53.2,64.7,5.8,5.5
4.2,4.6,5.6,4.8,100.0,4.8,46.9,41.4,4.7,4.7
5.6,5.0,4.8,4.3,100.0,6.1,53.8,50.0,6.7,5.1
3.4,4.5,4.1,3.0,100.0,3.6,44.5,21.5,3.9,3.6
2.5,5.3,3.2,4.1,100.0,4.1,38.4,20.0,4.0,3.6
6.6,4.7,6.1,4.5,100.0,6.8,60.9,60.1,5.8,5.8
6.5,6.6,7.1,5.1,100.0,7.4,68.6,61.5,5.8,6.5
4.9,4.6,5.4,5.5,100.0,6.6,48.2,54.4,5.7,5.3
7.5,6.6,6.8,6.6,100.0,6.7,66.1,69.4,5.8,6.6
5.4,5.6,5.2,5.6,100.0,9.0,68.1,55.6,5.3,5.3
4.5,3.9,3.9,3.5,100.0,5.5,51.0,55.1,5.5,4.4
4.5,5.0,4.3,6.1,100.0,3.8,63.0,55.4,5.2,5.1
6.7,5.8,7.2,7.4,100.0,7.0,93.4,58.5,7.7,6.9
5.4,5.9,5.7,5.0,100.0,5.5,22.9,47.2,5.2,5.5
5.6,7.3,8.0,5.8,100.0,7.4,68.9,85.2,6.5,6.5
2.0,2.7,2.1,1.5,100.0,2.1,20.0,20.0,2.1,1.9
6.1,5.7,5.4,6.7,100.0,7.4,55.6,61.4,5.5,5.6
5.1,4.5,3.9,6.3,100.0,3.1,42.0,57.1,5.8,4.9
5.5,3.6,5.4,4.4,100.0,6.5,28.3,72.0,5.5,4.9
5.4,5.5,3.8,4.9,100.0,4.4,48.3,63.5,5.1,4.8
3.8,1.6,2.4,2.5,100.0,1.1,29.1,21.5,3.6,2.7
3.9,6.5,4.6,5.0,100.0,3.8,54.4,51.9,4.9,5.3
5.5,4.2,5.4,4.9,100.0,6.7,47.8,36.4,6.1,5.1
6.8,7.0,6.8,4.2,100.0,6.8,74.4,61.7,8.9,6.9
3.5,5.9,4.5,5.4,100.0,3.2,55.8,48.7,6.2,4.9
4.8,4.6,2.3,5.6,100.0,3.2,22.7,39.5,3.9,4.0
6.3,4.6,4.4,3.9,100.0,1.6,40.9,45.4,4.6,5.1
6.1,5.2,4.5,5.2,100.0,5.1,66.6,64.1,5.3,5.4
5.8,4.1,5.9,5.3,100.0,3.6,55.0,54.9,6.0,5.4
4.4,5.1,4.0,4.2,100.0,3.8,50.6,43.1,4.6,4.6
5.0,7.1,4.1,6.5,100.0,6.8,42.7,47.1,5.1,5.8
3.7,4.7,4.5,5.2,100.0,6.0,41.4,49.2,6.0,4.5
5.6,5.1,5.8,5.5,100.0,8.3,71.4,52.1,6.0,5.7
3.0,1.8,5.0,3.0,100.0,5.5,22.4,33.3,3.8,3.3
6.0,3.7,4.7,5.4,100.0,3.7,53.2,57.0,4.9,4.8
4.4,4.4,4.8,5.1,100.0,4.4,48.6,42.3,4.2,4.5
3.0,4.8,4.1,4.2,100.0,2.8,35.5,34.0,3.2,4.1
6.1,6.0,5.3,4.5,100.0,2.2,49.7,55.6,6.6,5.4
4.4,5.6,5.9,6.9,100.0,3.6,59.0,50.1,4.9,5.6
4.4,4.6,5.5,3.5,100.0,4.8,38.4,40.0,5.5,4.5
4.8,4.2,3.8,5.3,100.0,4.4,42.3,42.5,4.3,4.7
4.1,4.7,4.4,1.6,100.0,3.6,29.1,30.6,2.6,3.7
4.9,4.7,3.5,3.8,100.0,5.1,34.7,49.5,4.4,4.2
4.8,2.6,5.2,6.0,100.0,1.8,47.0,46.1,6.5,5.0
4.1,3.4,2.9,4.8,100.0,4.6,26.5,44.5,4.6,3.9
5.1,4.0,5.2,4.3,100.0,5.0,50.3,32.4,5.1,4.9
5.6,5.0,6.8,5.0,100.0,6.5,73.5,64.7,5.1,5.8
6.4,7.8,7.1,7.4,100.0,9.4,65.7,67.0,7.0,6.9
5.2,5.1,5.0,5.7,100.0,5.0,52.4,62.5,4.1,5.2
4.5,5.2,5.7,6.4,100.0,7.3,37.7,58.9,6.6,5.4
5.0,6.2,4.7,4.5,100.0,3.6,40.6,30.2,5.1,5.1
2.3,2.0,4.0,1.3,100.0,0.7,28.2,28.6,2.8,2.7
7.0,6.8,5.1,5.1,100.0,5.6,45.3,59.6,5.1,5.7
5.0,4.4,4.8,4.7,100.0,4.5,58.3,63.5,6.6,5.1
6.8,8.0,7.6,6.8,100.0,9.1,90.5,79.3,8.2,7.4
4.7,4.5,4.1,5.0,100.0,7.7,46.5,48.9,4.6,4.4
5.8,5.5,4.9,5.2,100.0,6.0,44.2,61.5,6.7,5.4
6.3,5.4,4.7,5.2,100.0,5.3,56.3,56.8,4.9,5.4
3.1,4.0,3.2,2.8,100.0,1.9,35.5,36.6,2.4,3.3
5.1,5.6,5.9,6.8,100.0,4.2,51.9,62.9,5.3,5.3
6.6,4.8,7.4,4.7,100.0,6.0,51.6,71.2,5.8,6.1
4.8,8.4,5.2,5.2,100.0,7.8,34.2,71.8,6.2,5.7
3.6,3.4,4.0,3.7,100.0,3.2,22.7,34.8,4.5,3.8
6.5,7.4,7.1,8.2,100.0,7.7,67.9,63.2,6.0,7.0
3.3,1.8,3.8,4.0,100.0,5.0,20.0,21.7,3.2,3.1
6.3,5.4,5.7,6.7,100.0,8.0,50.5,72.5,5.1,5.8
7.1,7.5,7.5,8.9,100.0,8.9,96.8,92.4,8.4,7.8
3.6,4.3,4.1,7.0,100.0,3.8,45.4,34.9,4.7,4.7
4.3,1.7,4.5,4.4,100.0,1.9,34.6,39.5,5.7,3.8
5.2,5.3,4.9,6.4,100.0,4.2,59.4,33.8,5.4,5.3
4.5,3.3,3.3,5.3,100.0,3.8,54.6,41.6,5.7,4.5
3.5,3.5,2.8,4.0,100.0,1.4,32.9,20.0,2.6,3.3
5.8,4.1,4.3,6.6,100.0,5.5,54.0,52.6,5.2,5.2
4.0,2.9,3.2,3.4,100.0,6.3,45.0,45.9,3.0,3.2
5.9,5.3,5.6,5.1,100.0,8.0,64.8,47.3,6.0,5.4
2.6,2.9,4.2,4.2,100.0,4.0,24.1,38.6,4.1,3.3
6.9,6.4,8.1,6.7,100.0,8.5,71.4,83.2,5.1,6.8
4.4,2.9,3.7,4.3,100.0,2.7,32.7,40.5,4.9,4.1
5.2,2.9,5.2,6.0,100.0,6.7,56.7,39.9,5.2,5.0
5.4,7.0,6.2,5.6,100.0,3.9,56.4,62.3,5.6,5.7
3.0,2.3,4.5,3.3,100.0,4.5,24.0,41.1,3.7,3.3
4.8,5.1,5.7,5.4,100.0,6.1,63.7,56.0,4.2,5.3
7.0,7.3,5.8,6.4,100.0,5.8,72.2,69.6,6.0,6.5
3.9,2.5,1.8,1.4,100.0,2.3,47.0,37.4,4.3,3.0
4.9,4.4,5.4,4.7,100.0,3.6,44.1,57.9,4.4,4.9
6.0,5.5,4.9,5.9,100.0,3.8,48.7,41.9,5.3,5.4
6.0,7.0,5.2,7.2,100.0,3.8,72.9,68.0,4.9,6.1
3.4,2.4,2.6,2.5,100.0,4.3,20.0,40.9,3.8,2.9
3.2,3.3,3.5,2.4,100.0,4.8,43.4,20.0,3.8,3.2
6.2,4.0,6.7,5.7,100.0,2.5,45.8,35.1,6.1,5.9
5.6,5.0,5.1,3.5,100.0,8.2,60.6,44.0,5.7,5.2
7.1,5.3,5.7,4.9,100.0,5.4,35.3,52.7,6.3,5.9
4.7,4.6,5.3,3.9,100.0,6.0,55.6,65.3,5.0,4.8
4.6,3.7,3.3,5.4,100.0,1.8,26.1,30.9,3.4,3.9
4.9,3.9,5.8,4.6,100.0,7.3,72.7,59.0,4.9,5.1
4.7,5.4,4.6,6.8,100.0,5.7,43.7,25.5,4.4,5.1
4.1,5.2,4.2,5.1,100.0,5.6,31.0,41.1,4.2,4.8
7.3,6.2,7.0,6.7,100.0,9.6,83.3,73.9,7.1,6.7
7.9,5.0,6.2,4.6,100.0,7.7,51.1,78.1,5.9,6.0
3.4,4.1,2.8,3.4,100.0,2.2,39.1,20.0,2.4,3.1
4.9,7.0,6.1,5.7,100.0,5.7,52.7,59.7,5.8,5.8
4.0,2.4,3.2,4.1,100.0,2.6,27.5,20.0,4.7,3.3
4.3,5.8,5.6,5.3,100.0,7.5,61.5,56.3,6.4,5.5
6.3,6.7,3.8,7.0,100.0,7.2,55.2,50.4,5.0,5.8
4.0,3.9,5.5,4.2,100.0,5.4,41.7,60.7,4.0,4.4
6.8,3.8,6.6,5.9,100.0,8.1,73.2,60.9,5.6,5.7
6.3,6.0,4.9,4.9,100.0,3.0,61.7,54.1,5.5,5.4
5.6,7.4,5.2,5.8,100.0,8.3,68.8,61.9,5.7,5.8
7.2,7.4,6.9,6.6,100.0,9.3,59.2,67.1,8.5,7.2
4.1,3.7,5.2,4.8,100.0,4.1,41.7,56.9,4.8,4.4
3.2,3.6,2.7,4.2,100.0,4.4,36.4,45.1,4.3,3.7
4.2,5.6,3.8,4.2,100.0,3.5,51.2,45.8,3.9,4.6
3.0,4.9,5.3,5.6,100.0,4.7,31.9,25.6,4.4,4.5
4.6,5.5,4.1,4.8,100.0,4.3,25.8,60.2,4.8,4.6
4.6,5.8,5.5,6.3,100.0,6.2,45.1,65.3,6.0,5.4
5.8,4.7,6.9,5.5,100.0,5.5,47.5,51.8,5.0,5.9
7.4,5.8,6.4,5.8,100.0,5.6,40.8,71.4,7.0,6.3
4.0,4.9,5.1,4.9,100.0,5.3,59.9,52.9,5.4,5.0
5.3,7.3,7.1,6.7,100.0,10.0,56.1,55.9,6.6,6.5
4.6,6.1,4.4,4.9,100.0,3.6,50.5,44.2,5.3,5.1
8.3,9.0,9.0,7.4,100.0,8.7,79.9,86.0,8.6,8.3
5.9,4.4,5.5,4.5,100.0,4.9,74.5,60.2,6.3,5.3
3.6,4.2,2.6,4.5,100.0,2.9,34.4,47.4,4.0,3.6
3.6,4.4,3.4,4.5,100.0,4.6,29.1,20.0,3.5,3.7
5.9,6.2,4.9,6.2,100.0,6.8,62.5,52.8,5.7,5.9
5.6,4.1,4.5,4.9,100.0,4.7,36.6,38.4,4.4,4.6
4.3,8.7,5.7,6.5,100.0,7.6,66.5,52.9,6.6,6.1
5.3,4.3,6.4,6.2,100.0,6.9,52.3,48.9,6.6,5.8
5.1,3.9,5.4,5.6,100.0,4.6,43.0,49.6,5.3,5.2
3.2,4.2,4.2,3.2,100.0,1.4,36.4,42.5,5.0,4.1
4.6,5.2,3.2,2.2,100.0,4.0,20.0,30.8,4.0,3.6
4.0,3.7,3.7,4.1,100.0,4.6,41.4,45.2,4.3,4.0
6.0,5.8,4.5,6.0,100.0,6.3,66.2,69.1,6.6,5.7
5.7,6.3,5.3,5.0,100.0,4.6,30.1,77.0,4.3,5.3
3.0,3.5,4.1,1.9,100.0,4.2,42.2,32.7,3.6,3.4
3.7,4.9,5.1,6.7,100.0,5.8,60.8,62.8,4.4,4.9
5.1,6.0,5.1,5.2,100.0,5.2,37.2,65.4,5.4,5.3
4.8,4.2,4.3,4.1,100.0,1.8,20.0,54.5,2.9,4.7
4.9,6.2,5.1,6.3,100.0,6.8,60.7,57.9,6.0,5.6
4.4,6.3,6.3,3.0,100.0,6.0,58.5,42.4,4.8,5.2
4.4,3.9,4.5,3.2,100.0,3.7,39.1,35.9,4.3,4.2
5.2,5.7,6.1,5.1,100.0,1.6,41.1,57.9,5.4,5.5
5.3,5.9,6.2,5.4,100.0,5.8,76.7,66.6,4.3,5.5
6.4,6.8,5.4,6.1,100.0,6.3,58.7,57.5,6.0,5.9
6.9,6.3,6.7,7.5,100.0,5.7,68.2,78.5,5.9,6.7
5.3,3.3,3.6,3.9,100.0,4.1,31.9,29.4,3.3,3.9
4.5,5.0,4.3,4.7,100.0,4.7,51.9,44.3,5.0,4.4
6.5,7.1,6.0,5.7,100.0,6.4,59.0,60.8,6.8,6.6
5.2,4.2,5.9,4.4,100.0,7.3,61.9,58.9,5.5,5.1
4.8,5.6,7.6,3.8,100.0,4.2,57.0,60.1,4.7,5.8
9.0,8.3,8.9,7.7,100.0,9.3,88.0,100.0,8.5,8.2
5.8,5.4,6.4,6.0,100.0,6.0,35.4,78.1,6.0,6.0
5.5,6.7,6.0,6.4,100.0,5.8,67.4,46.9,6.3,6.1
6.0,6.8,6.7,6.0,100.0,7.5,50.2,69.7,5.0,6.4
6.1,5.7,6.5,5.5,100.0,5.2,63.3,60.2,5.4,6.0
4.9,2.8,4.9,6.4,100.0,6.5,46.8,43.5,5.6,4.8
6.3,5.0,7.1,5.2,100.0,4.7,62.6,37.8,6.1,6.1
4.3,4.9,3.4,4.9,100.0,7.0,27.9,44.2,4.1,4.1
4.3,2.1,4.4,4.7,100.0,7.7,56.8,45.2,4.4,3.9
4.0,5.6,4.6,4.4,100.0,4.1,47.5,34.4,4.1,4.5
4.1,5.6,5.7,6.1,100.0,6.8,39.4,51.7,5.5,5.0
9.0,9.0,7.9,9.0,100.0,7.9,100.0,81.8,7.9,8.5
2.8,2.6,3.7,2.5,100.0,3.7,20.0,20.0,3.3,2.9
5.6,3.8,5.3,6.5,100.0,5.8,47.0,61.2,6.2,5.1
2.3,3.5,2.2,3.4,100.0,0.7,20.0,31.6,3.1,2.8
6.8,5.7,4.7,4.4,100.0,0.5,27.8,37.4,4.7,5.3
5.4,7.2,6.3,6.5,100.0,6.2,79.9,69.0,5.9,6.3
4.7,4.4,5.5,4.5,100.0,5.5,61.8,52.0,5.0,5.0
4.0,3.8,3.7,3.4,100.0,5.4,41.2,44.3,4.7,3.8
4.6,3.6,3.9,3.6,100.0,4.0,44.8,38.2,4.1,3.9
6.6,5.0,5.8,6.6,100.0,7.5,72.7,68.2,5.7,6.0
5.6,5.0,4.1,4.0,100.0,3.2,36.6,35.9,4.3,4.2
5.7,4.1,5.0,4.1,100.0,4.8,57.5,72.9,4.4,4.8
4.2,4.2,4.9,4.4,100.0,6.6,42.6,46.3,5.2,4.6
4.0,3.2,3.9,1.4,100.0,0.5,38.7,33.4,5.4,3.7
7.8,6.1,8.2,7.1,100.0,8.2,86.7,81.2,7.0,7.3
7.4,5.9,5.9,5.8,100.0,5.4,28.7,52.2,6.0,5.8
1.5,3.7,4.2,2.5,100.0,4.0,20.0,20.0,2.6,2.5
6.2,5.0,5.3,7.0,100.0,4.5,54.4,60.1,5.2,5.8
4.3,2.8,3.8,4.7,100.0,4.8,39.3,20.0,4.2,3.9
6.7,6.8,7.9,6.5,100.0,7.7,58.3,55.6,6.5,7.2
4.0,5.7,4.3,2.6,100.0,1.6,44.0,24.7,3.3,3.9
4.2,4.2,5.6,4.5,100.0,4.6,41.2,49.7,5.4,4.8
6.2,5.1,6.0,5.2,100.0,5.1,45.4,35.7,5.7,5.9
6.6,6.5,6.5,5.3,100.0,7.7,74.8,68.5,4.8,6.2
4.3,5.1,3.9,2.9,100.0,4.2,42.4,38.6,3.8,3.9
4.6,4.1,3.8,3.0,100.0,4.1,39.0,28.7,4.7,4.5
4.0,3.2,4.7,3.3,100.0,2.7,42.2,44.8,3.8,4.1
3.0,4.8,3.3,5.0,100.0,5.6,48.7,45.4,4.3,3.9
7.8,7.9,7.0,7.0,100.0,7.5,76.9,85.9,6.2,7.4
5.8,5.5,5.0,5.0,100.0,3.2,61.4,41.4,5.0,5.5
2.7,3.0,3.7,3.5,100.0,0.8,35.8,20.0,3.5,3.4
5.7,7.1,6.3,7.1,100.0,7.0,60.6,78.8,4.9,6.1
7.2,8.1,7.9,7.6,100.0,6.3,87.0,73.6,6.7,7.7
5.1,5.5,6.4,6.7,100.0,9.3,55.8,60.2,5.5,6.0
2.5,3.2,2.7,2.4,100.0,1.3,31.2,33.5,3.2,2.9
3.5,3.1,4.2,3.9,100.0,4.3,42.0,31.0,4.7,3.9
6.2,7.2,7.2,6.8,100.0,7.1,65.4,66.3,5.9,6.6
3.6,3.9,4.9,5.8,100.0,2.8,26.9,48.3,3.5,4.1
4.2,5.1,4.7,6.8,100.0,2.3,58.0,42.4,5.6,4.9
7.5,5.9,4.8,6.4,100.0,6.4,62.0,56.6,6.0,6.2
4.9,3.9,3.4,4.0,100.0,2.5,27.7,24.8,3.4,3.9
4.3,5.8,5.7,6.2,100.0,5.1,33.1,41.4,6.2,5.2
1.3,1.7,2.0,1.8,100.0,0.5,20.0,20.0,1.2,1.8
4.1,3.6,3.1,1.8,100.0,3.9,32.1,48.7,3.6,3.2
5.6,5.4,4.9,3.8,100.0,7.0,49.3,48.8,4.4,4.8
2.8,3.9,4.8,3.8,100.0,2.3,49.8,36.6,4.2,3.8
7.8,6.5,7.3,5.4,100.0,6.7,74.0,79.5,7.4,6.9
2.8,3.2,4.3,2.5,100.0,0.5,20.0,21.8,2.0,3.2
3.4,4.3,5.2,3.9,100.0,4.0,41.3,45.8,4.0,4.1
5.7,5.6,4.5,4.9,100.0,5.8,64.5,39.0,4.8,5.3
7.8,6.4,6.6,6.5,100.0,6.4,64.8,62.0,6.7,6.9
5.3,2.9,3.3,3.0,100.0,3.5,39.6,27.6,3.7,3.7
5.4,8.3,6.5,7.1,100.0,6.5,69.2,56.8,5.6,6.6
5.6,5.9,5.7,4.8,100.0,3.1,56.6,37.4,5.0,5.4
3.5,3.1,4.1,3.5,100.0,4.0,53.9,28.2,5.0,3.8
6.2,6.1,3.4,4.4,100.0,5.4,38.6,68.4,5.6,5.3
4.1,5.4,4.3,6.1,100.0,5.5,62.0,68.6,4.7,4.8
3.3,4.7,2.7,3.7,100.0,3.2,40.0,40.7,3.3,3.6
4.5,5.2,5.2,4.1,100.0,4.1,41.6,56.9,4.7,4.7
4.6,5.7,4.7,4.7,100.0,4.7,43.2,38.6,3.8,4.9
4.6,5.5,5.3,4.5,100.0,4.8,68.6,31.0,4.9,5.1
6.3,5.7,5.1,5.3,100.0,8.6,73.3,51.0,6.2,5.9
7.7,7.9,7.4,7.1,100.0,8.6,53.8,70.7,6.9,7.3
4.0,3.7,4.0,3.2,100.0,4.0,23.7,32.8,3.2,3.8
8.9,7.7,6.7,9.0,100.0,7.9,91.4,81.0,6.3,8.0
3.0,3.0,1.6,2.6,100.0,0.5,20.5,20.0,3.3,2.5
3.8,4.7,4.8,5.4,100.0,3.6,47.5,42.0,4.6,4.6
6.8,5.7,7.0,4.0,100.0,4.9,43.1,62.3,5.8,6.0
4.9,4.8,6.6,4.6,100.0,5.0,46.8,40.6,4.7,5.2
5.0,3.5,4.7,3.3,100.0,4.0,27.1,48.7,4.0,4.2
6.0,3.8,4.2,3.9,100.0,5.7,30.3,41.0,4.3,4.6
4.8,3.1,5.0,4.8,100.0,4.7,30.0,63.3,3.4,4.3
3.1,3.4,4.0,5.2,100.0,5.9,31.9,38.0,3.6,3.8
5.3,5.9,5.5,6.3,100.0,5.8,55.1,57.9,6.0,5.7
6.5,5.5,3.9,5.2,100.0,5.9,46.9,49.7,5.6,5.2
4.0,3.9,4.2,3.6,100.0,4.5,49.8,34.9,3.7,3.9
6.1,3.8,5.6,7.1,100.0,6.7,54.4,69.6,5.2,5.4
6.0,6.9,5.4,7.2,100.0,7.4,68.9,54.2,5.1,6.1
6.5,7.0,4.3,6.1,100.0,7.4,57.4,72.1,6.5,6.0
6.0,6.2,5.9,6.6,100.0,4.0,63.8,64.1,5.1,6.0
3.8,5.8,2.3,4.3,100.0,3.6,42.3,37.9,4.0,3.8
4.1,3.4,5.1,5.0,100.0,4.1,32.6,45.3,3.9,4.3
6.6,7.7,6.3,4.9,100.0,9.3,57.9,73.2,6.7,6.5
6.2,4.8,5.5,5.3,100.0,5.4,54.1,65.7,5.4,5.5
4.8,5.2,5.4,5.3,100.0,3.5,53.4,52.5,5.5,5.5
6.0,3.9,4.4,6.2,100.0,5.8,50.5,56.0,5.9,5.1
6.4,6.5,6.6,5.8,100.0,7.7,61.7,57.6,7.6,6.5
3.6,4.7,4.9,2.5,100.0,4.0,42.3,66.8,3.3,4.1
5.0,5.5,3.4,5.2,100.0,5.5,61.6,63.5,4.6,4.6
4.0,5.4,4.4,5.6,100.0,6.1,65.5,53.2,5.6,5.2
4.5,4.8,4.7,3.3,100.0,3.4,47.4,46.4,5.5,4.5
7.3,5.8,6.2,5.3,100.0,6.1,66.6,43.5,5.9,6.3
5.3,5.4,7.0,6.1,100.0,5.5,66.7,59.7,3.7,5.8
6.1,6.8,5.2,5.9,100.0,7.9,52.7,63.0,6.0,6.1
6.0,5.9,6.1,7.1,100.0,7.4,52.3,61.4,5.5,5.9
4.8,5.9,3.6,3.9,100.0,3.4,47.2,42.0,4.4,4.8
4.6,7.0,6.9,5.5,100.0,4.6,71.0,56.8,5.9,6.1
4.5,3.0,4.5,5.7,100.0,7.3,57.7,53.1,4.9,4.6
5.2,6.5,5.1,4.3,100.0,7.1,36.1,67.4,6.5,5.3
5.3,6.8,4.8,6.1,100.0,6.1,54.7,49.8,4.6,5.6
5.3,5.4,5.6,4.2,100.0,5.2,29.6,45.8,4.4,4.9
4.8,6.3,6.0,6.5,100.0,8.2,63.5,55.3,6.4,6.1
4.9,5.0,5.9,3.7,100.0,2.1,41.7,38.7,4.3,4.7
7.7,7.2,7.8,6.5,100.0,9.3,64.1,83.6,7.2,7.3
4.0,4.0,3.5,3.4,100.0,2.8,44.9,39.3,3.8,3.7
3.5,2.3,3.1,4.0,100.0,2.8,49.2,27.4,3.3,3.1
6.0,6.5,6.1,6.4,100.0,7.8,66.7,72.7,6.9,6.2
6.1,6.4,4.9,6.9,100.0,6.0,63.3,66.4,7.2,6.2
6.1,6.2,5.8,7.0,100.0,5.3,74.2,55.4,5.2,6.0
4.4,6.8,6.3,4.7,100.0,5.2,48.2,42.2,6.1,5.5
4.6,4.2,4.5,3.9,100.0,2.0,38.8,41.0,3.9,4.4
3.7,3.4,3.3,2.8,100.0,4.8,28.1,52.2,3.2,3.5
5.3,6.9,6.2,4.3,100.0,3.6,51.5,34.2,5.5,5.8
5.1,4.0,3.2,5.2,100.0,6.8,40.2,53.0,4.1,4.3
5.6,6.4,4.7,6.7,100.0,6.0,59.1,47.3,5.4,5.7
4.4,4.8,4.0,4.3,100.0,6.7,44.8,40.1,4.8,4.4
3.6,3.2,2.9,4.0,100.0,1.0,32.2,33.9,4.6,3.3
4.0,6.2,4.9,5.9,100.0,5.6,40.3,63.0,3.6,5.0
5.2,5.0,5.2,7.2,100.0,7.1,48.5,56.5,6.8,5.4
4.9,3.2,4.2,4.6,100.0,6.1,33.9,39.4,4.7,4.4
3.2,3.6,4.8,1.7,100.0,1.5,20.0,28.3,4.4,3.6
5.6,3.4,4.8,5.6,100.0,4.3,51.4,58.9,5.3,4.6
3.9,4.7,5.9,6.1,100.0,6.2,34.1,48.5,6.6,5.3
3.9,3.5,5.5,4.6,100.0,4.5,49.9,40.1,5.1,4.4
4.2,5.0,4.1,5.1,100.0,4.7,37.3,39.4,4.2,4.4
6.6,4.6,5.8,5.6,100.0,4.8,52.3,60.7,5.8,5.8
3.0,4.1,3.1,2.2,100.0,5.2,24.5,35.9,2.7,3.1
1.6,4.7,4.0,2.5,100.0,6.8,26.4,20.0,3.1,3.3
2.5,4.9,3.0,3.9,100.0,4.1,51.9,33.0,5.2,3.6
4.8,4.5,3.6,5.7,100.0,5.4,33.3,39.5,5.0,4.7
5.9,5.5,5.1,4.7,100.0,5.6,38.4,56.5,5.8,5.4
7.1,5.3,6.1,7.2,100.0,9.1,73.3,81.2,7.6,6.6
6.2,5.9,5.7,6.3,100.0,7.5,57.9,64.8,6.4,6.0
5.7,4.0,4.7,6.2,100.0,3.2,51.2,25.7,4.2,5.2
4.5,5.6,5.5,4.9,100.0,4.1,56.9,57.3,6.2,5.5
4.5,6.3,3.5,2.3,100.0,2.0,23.9,21.5,4.2,3.8
3.7,5.5,4.4,5.5,100.0,9.0,55.8,42.6,5.4,4.9
3.9,2.7,4.4,6.5,100.0,5.5,35.5,47.7,4.7,4.1
3.9,5.0,4.8,6.0,100.0,4.6,55.6,54.0,6.2,5.0
3.8,4.1,3.3,3.3,100.0,2.7,25.2,46.3,5.4,3.5
5.6,5.7,4.5,4.7,100.0,7.0,59.1,51.7,5.4,5.3
6.9,6.1,6.9,6.0,100.0,8.7,72.8,63.3,7.6,6.5
4.9,5.1,4.5,6.6,100.0,6.0,37.3,45.3,4.9,5.0
4.7,4.3,6.2,5.2,100.0,5.0,42.4,65.8,4.0,4.9
5.7,4.9,4.8,5.2,100.0,6.5,67.9,66.6,4.8,5.1
3.3,5.1,4.1,4.4,100.0,4.6,39.5,44.9,4.8,4.1
6.4,4.3,6.6,5.0,100.0,3.9,63.5,66.6,6.0,5.7
4.8,5.5,4.3,6.4,100.0,3.6,44.8,61.6,5.5,5.1
4.7,3.8,4.9,4.2,100.0,5.8,64.5,59.3,5.7,4.7
5.3,5.8,3.2,5.1,100.0,4.1,28.9,26.6,5.9,5.1
4.0,4.3,4.1,5.1,100.0,5.9,65.1,58.2,5.4,4.4
4.7,5.4,6.7,6.7,100.0,6.9,59.2,55.4,5.4,5.8
5.9,7.1,6.9,8.1,100.0,9.4,75.8,67.8,6.7,7.0
6.1,5.6,6.2,6.2,100.0,5.3,54.3,57.6,7.3,6.0
7.9,7.7,6.4,7.3,100.0,9.2,89.6,80.6,6.7,6.9
4.7,4.6,4.3,4.1,100.0,5.0,46.1,32.2,5.0,4.2
8.1,7.0,6.9,6.0,100.0,5.8,59.8,64.8,6.1,6.6
3.4,6.0,6.0,3.8,100.0,5.5,31.4,51.0,4.6,5.0
8.1,7.5,8.1,9.0,100.0,7.9,71.7,85.1,6.6,8.0
3.6,3.9,3.2,4.2,100.0,7.0,26.7,43.4,5.1,3.9
3.5,6.2,4.2,3.0,100.0,3.9,41.9,34.5,3.4,4.3
3.8,5.2,4.8,2.5,100.0,4.8,36.4,33.6,4.3,4.1
1.7,1.6,1.2,1.0,100.0,1.4,20.0,20.0,1.7,1.8
5.7,4.5,3.6,5.0,100.0,3.5,36.5,49.8,5.8,4.8
4.8,3.8,4.7,3.5,100.0,1.9,53.3,39.4,4.2,4.3
5.2,5.1,5.8,4.8,100.0,6.9,52.7,50.5,4.2,5.3
6.5,4.2,4.3,5.8,100.0,6.7,57.1,66.8,5.1,5.3
6.0,6.9,7.8,6.8,100.0,7.4,71.9,65.3,8.3,7.2
5.1,7.9,6.2,6.6,100.0,5.1,64.0,64.8,5.4,6.5
2.6,4.9,4.9,4.4,100.0,4.4,31.6,31.7,4.0,4.0
3.4,1.5,3.5,3.8,100.0,2.9,40.0,43.1,4.8,3.3
5.7,6.8,6.1,4.2,100.0,5.4,45.9,35.1,5.8,5.6
3.5,4.5,4.0,2.7,100.0,1.1,37.6,38.2,2.5,3.4
7.3,6.9,6.9,7.7,100.0,8.1,70.1,85.1,7.4,7.3
5.3,7.1,6.4,5.8,100.0,7.1,77.2,58.5,6.3,6.3
5.1,3.6,4.0,5.5,100.0,5.9,62.0,43.6,4.5,4.3
3.1,2.5,4.1,5.0,100.0,2.2,24.3,20.0,3.6,3.4
7.2,8.1,6.5,7.2,100.0,6.5,83.4,74.6,6.8,7.2
3.3,4.6,4.2,6.2,100.0,2.5,55.8,56.5,4.8,4.5
6.7,4.7,6.0,7.1,100.0,8.5,54.2,58.5,6.4,6.4
2.1,3.0,3.2,2.6,100.0,3.9,27.2,20.0,3.9,2.8
4.0,4.2,4.8,4.5,100.0,4.1,46.0,52.0,3.8,4.3
5.4,6.2,4.0,6.8,100.0,3.0,56.1,69.5,3.4,5.3
5.1,5.1,6.4,4.6,100.0,3.2,52.5,55.6,4.9,5.3
3.8,4.1,4.7,3.5,100.0,3.5,44.9,48.9,4.7,4.1
5.8,6.8,6.1,4.7,100.0,7.4,59.4,56.0,5.4,5.8
2.5,3.8,3.6,3.5,100.0,3.8,35.3,35.8,3.3,3.4
5.7,4.1,4.8,3.9,100.0,2.5,35.6,51.4,4.6,4.7
5.0,6.3,5.0,6.6,100.0,5.8,49.4,50.0,5.1,5.6
6.5,5.8,6.4,5.8,100.0,4.5,43.2,71.2,4.7,6.0
5.4,5.9,5.8,6.7,100.0,5.3,55.7,62.4,6.3,5.5
3.2,3.8,4.2,3.4,100.0,4.8,27.2,36.2,1.7,3.2
2.5,2.1,2.8,2.2,100.0,3.8,20.4,25.4,3.5,2.5
7.2,6.0,6.7,5.4,100.0,8.6,58.6,68.6,6.8,6.6
4.8,5.4,4.8,4.6,100.0,5.5,57.7,67.2,5.8,4.9
4.6,3.9,5.0,4.4,100.0,5.2,35.6,40.2,2.7,4.4
6.6,8.1,6.3,7.3,100.0,6.4,69.1,75.0,7.1,7.1
3.6,5.3,4.9,5.7,100.0,4.8,37.7,53.6,4.7,4.8
6.0,7.2,6.2,5.1,100.0,6.3,64.7,64.0,7.6,6.2
4.1,5.1,4.8,5.1,100.0,5.1,62.5,36.9,5.3,4.7
7.5,8.5,8.0,6.6,100.0,6.2,92.5,96.6,6.6,7.4
6.2,7.5,6.9,7.5,100.0,7.3,80.1,87.0,5.9,7.3
5.4,4.7,5.7,5.1,100.0,6.8,43.3,58.8,4.3,5.2
6.1,6.2,5.6,5.1,100.0,4.8,70.2,53.8,6.8,6.2
5.6,4.9,5.9,6.6,100.0,4.0,53.0,74.1,6.6,5.6
7.2,7.1,6.1,8.7,100.0,5.2,67.5,90.2,6.8,7.2
4.6,3.8,4.1,4.6,100.0,7.5,28.1,46.0,3.9,4.1
5.8,5.3,5.8,5.7,100.0,6.7,69.4,76.8,5.6,5.7
5.7,7.3,6.2,6.0,100.0,6.2,73.7,73.9,6.3,6.3
1.5,1.7,3.7,2.7,100.0,2.5,23.3,20.0,3.8,2.4
3.0,3.2,3.1,2.9,100.0,3.6,49.6,37.3,3.3,3.0
2.1,3.5,3.0,2.8,100.0,1.0,23.5,20.0,3.0,2.8
4.8,5.0,4.1,3.7,100.0,3.8,49.5,40.0,4.3,4.4
5.6,5.8,5.9,4.2,100.0,5.8,63.3,63.9,6.6,5.6
7.4,7.0,5.9,7.0,100.0,6.2,59.9,74.4,7.2,6.7
4.6,5.3,4.6,5.1,100.0,4.5,42.2,55.7,5.8,5.0
6.9,5.5,6.9,6.5,100.0,8.0,73.9,56.5,8.3,6.6
4.3,3.0,4.7,2.2,100.0,1.4,28.8,27.8,1.5,3.7
3.2,4.5,3.0,3.2,100.0,6.4,30.3,29.9,3.5,3.4
4.9,4.3,6.1,4.1,100.0,6.0,42.5,56.7,5.3,5.0
5.0,5.2,5.6,5.3,100.0,3.7,56.5,63.9,5.8,5.6
4.5,4.4,4.7,6.5,100.0,1.2,50.4,52.0,5.1,4.8
1.8,2.4,3.6,3.1,100.0,0.9,20.3,20.0,2.7,2.6
4.5,4.3,5.2,3.7,100.0,5.9,48.8,53.7,5.1,4.5
4.0,3.9,3.0,2.3,100.0,3.8,20.0,27.4,4.1,3.4
5.6,6.0,6.1,5.9,100.0,5.8,37.4,69.1,6.4,5.7
4.4,6.2,5.2,4.2,100.0,4.6,46.1,59.8,5.4,5.2
5.3,2.9,2.4,2.1,100.0,2.2,30.6,35.3,3.7,3.4
4.6,4.1,5.1,4.9,100.0,3.6,30.5,34.6,4.4,4.7
2.6,3.5,4.5,4.0,100.0,1.9,33.6,45.3,3.4,3.7
4.6,5.4,6.2,5.3,100.0,4.3,60.0,54.7,6.2,5.4
6.2,5.4,6.5,6.4,100.0,8.4,71.6,85.4,5.2,6.0
5.2,4.7,3.6,3.8,100.0,2.4,39.9,40.5,4.4,4.3
4.7,6.7,6.2,5.0,100.0,6.7,67.4,63.7,6.1,5.7
5.1,3.4,5.0,4.8,100.0,5.3,32.8,27.4,4.0,4.6
5.2,3.6,5.2,5.4,100.0,2.2,33.5,41.2,4.3,4.8
4.4,4.4,4.8,4.4,100.0,3.6,54.5,45.2,5.8,4.7
3.5,6.3,3.6,2.9,100.0,5.1,29.7,42.7,3.5,3.9
3.5,3.9,3.8,3.3,100.0,2.8,37.5,45.0,5.3,3.7
3.4,5.2,3.9,2.8,100.0,3.1,50.7,41.9,4.4,4.1
7.3,6.1,6.2,7.5,100.0,10.0,80.4,100.0,6.8,6.7
5.6,4.1,5.6,3.2,100.0,6.5,68.2,42.5,4.2,4.9
5.0,3.5,4.6,4.5,100.0,4.1,21.3,49.0,4.3,4.4
4.7,4.4,5.7,5.8,100.0,6.6,46.9,60.0,4.4,5.3
3.3,4.6,5.0,3.3,100.0,4.7,52.4,68.1,2.8,4.0
4.7,4.1,5.8,3.9,100.0,6.2,47.6,53.7,4.4,4.7
6.0,5.0,6.4,5.8,100.0,2.9,38.7,65.2,7.3,5.6
6.1,7.0,5.5,5.8,100.0,5.9,59.1,69.9,5.6,5.9
4.1,5.5,3.9,4.8,100.0,1.1,66.8,51.3,4.6,4.5
4.4,5.2,3.7,4.2,100.0,4.4,43.8,55.9,4.8,4.5
5.9,5.2,5.1,5.8,100.0,4.2,51.9,37.7,4.6,5.6
2.5,2.3,1.5,2.0,100.0,3.6,20.0,20.0,2.0,2.2
2.9,2.7,4.0,2.3,100.0,3.8,29.7,44.6,4.1,3.3
6.2,5.7,7.6,5.7,100.0,6.3,70.4,50.9,6.7,6.3
6.8,7.3,6.3,7.6,100.0,6.9,85.9,73.8,6.9,6.8
6.0,3.6,4.6,4.7,100.0,5.2,57.1,47.8,5.3,4.8
5.5,4.7,5.7,6.2,100.0,5.0,62.7,56.9,5.0,5.4
5.4,6.5,6.0,5.9,100.0,5.4,55.4,70.5,4.5,5.6
8.3,9.0,9.0,6.9,100.0,10.0,79.4,100.0,7.5,8.3
7.2,6.7,5.1,5.3,100.0,5.4,49.7,62.9,6.8,6.0
6.4,5.9,4.6,3.9,100.0,4.1,48.9,41.7,4.7,5.4
4.2,3.6,3.7,3.1,100.0,3.1,44.4,38.5,4.4,3.8
3.1,1.8,2.1,2.7,100.0,7.3,39.2,37.6,3.1,2.6
5.3,5.8,4.9,6.1,100.0,6.2,44.2,54.4,4.3,5.3
2.2,4.6,4.4,5.1,100.0,5.6,23.6,37.3,3.8,3.8
3.9,3.4,3.1,3.0,100.0,4.0,38.0,21.7,3.9,3.7
4.3,4.0,3.1,4.0,100.0,5.3,32.2,44.0,4.0,3.6
4.0,4.6,5.8,3.1,100.0,4.1,20.0,37.0,4.6,4.6
6.5,6.1,7.2,7.1,100.0,8.1,70.4,68.1,6.7,6.7
5.8,5.3,6.1,6.2,100.0,4.1,58.1,73.5,6.6,6.0
4.7,4.0,4.2,5.7,100.0,5.5,63.1,66.9,3.7,4.6
7.6,6.9,7.0,7.5,100.0,7.1,80.9,72.7,6.6,7.3
4.8,4.0,5.0,3.1,100.0,5.9,43.8,54.2,4.8,4.4
5.6,3.3,2.6,3.8,100.0,3.6,51.1,26.0,3.0,3.9
7.2,6.2,6.1,8.0,100.0,8.4,74.1,80.2,7.6,7.0
4.6,5.4,6.2,5.3,100.0,7.2,68.7,62.7,5.2,5.4
3.7,2.3,5.2,4.8,100.0,0.5,47.7,31.2,3.2,4.2
4.3,4.9,5.0,4.5,100.0,4.1,44.5,39.7,5.7,4.8
2.2,5.1,4.7,4.1,100.0,0.9,42.6,55.3,4.1,3.9
4.6,3.5,3.2,2.3,100.0,3.3,25.2,33.1,3.9,3.5
6.7,7.6,6.0,5.1,100.0,5.9,73.2,54.7,4.9,6.4
7.7,8.6,8.1,7.9,100.0,9.9,79.5,87.2,6.7,7.7
3.5,4.1,4.5,4.1,100.0,3.2,38.6,31.3,4.8,4.2
4.6,5.7,6.6,5.7,100.0,5.1,73.7,59.0,6.3,5.7
3.8,4.2,3.5,3.1,100.0,5.4,45.7,50.0,3.4,3.5
5.1,5.1,4.4,4.5,100.0,3.8,41.8,20.0,4.6,4.8
3.4,3.9,4.5,5.4,100.0,3.4,40.3,23.0,3.6,4.0
1.9,2.2,3.8,5.5,100.0,4.3,20.0,50.8,5.0,3.2
4.9,5.5,5.3,4.8,100.0,7.5,43.6,49.4,3.4,4.8
3.9,2.9,4.6,2.5,100.0,5.0,46.9,33.3,4.2,3.8
5.4,4.4,6.0,6.1,100.0,6.3,63.8,40.7,5.5,5.4
5.5,4.9,6.2,4.7,100.0,9.1,41.9,51.2,4.1,5.3
5.2,4.6,4.5,5.5,100.0,3.5,48.1,49.6,4.5,5.0
4.1,2.6,2.9,4.2,100.0,2.5,34.5,50.8,4.2,3.6
5.3,4.5,4.6,3.5,100.0,4.4,48.2,45.1,3.0,4.7
4.7,6.8,7.3,6.0,100.0,8.4,83.4,58.3,5.0,6.5
6.0,4.5,5.3,6.8,100.0,4.3,64.6,61.6,5.5,5.6
4.3,5.0,4.3,3.7,100.0,6.2,28.6,46.4,3.2,4.0
4.1,3.6,5.6,4.2,100.0,3.0,50.7,60.4,4.8,4.5
4.7,7.9,6.0,4.5,100.0,5.9,75.3,67.5,5.9,5.9
2.4,2.6,3.0,2.3,100.0,2.8,20.0,27.7,2.3,2.9
5.1,5.8,5.0,5.3,100.0,4.5,52.0,52.3,5.6,5.2
4.8,2.4,2.6,4.9,100.0,3.1,47.2,29.7,4.4,3.8
5.2,5.6,4.9,4.7,100.0,7.1,71.5,46.6,6.2,5.2
3.4,4.3,3.8,5.5,100.0,6.0,44.6,42.5,3.2,4.0
2.3,2.8,3.6,1.7,100.0,0.5,20.0,27.9,2.4,2.5
3.9,2.5,3.0,5.1,100.0,2.8,31.0,36.5,3.5,3.3
5.1,4.1,4.7,6.6,100.0,4.9,54.9,56.3,4.0,5.1
5.2,6.4,4.7,5.4,100.0,5.6,57.4,64.4,5.4,5.5
3.8,3.9,4.4,2.5,100.0,3.2,35.5,35.1,3.9,3.7
6.8,7.2,6.7,5.7,100.0,4.0,60.1,67.3,3.9,6.5
2.4,2.5,3.8,2.7,100.0,4.8,20.0,20.0,2.7,2.7
6.0,4.5,5.4,3.8,100.0,6.6,73.8,48.4,5.2,5.2
3.7,4.3,2.5,3.8,100.0,3.0,33.4,20.0,3.4,3.5
4.1,2.7,4.0,3.5,100.0,3.3,45.7,40.5,3.9,3.9
7.1,3.9,6.5,4.4,100.0,4.2,48.5,63.0,5.2,5.6
3.1,5.0,4.8,3.8,100.0,0.5,45.5,37.8,4.7,4.3
4.3,3.4,3.4,4.0,100.0,5.0,31.2,51.4,4.9,3.8
5.2,4.5,6.2,8.0,100.0,7.7,47.6,67.8,5.7,5.8
5.1,6.1,4.6,3.8,100.0,4.3,41.0,35.6,3.3,4.9
7.4,4.7,5.5,6.4,100.0,6.1,83.1,60.7,6.4,5.9
5.0,3.8,2.0,3.8,100.0,3.5,45.1,44.9,2.8,3.8
6.6,5.7,5.7,5.9,100.0,4.5,49.9,65.1,5.3,5.8
6.6,4.0,6.2,7.1,100.0,6.4,76.8,65.4,6.9,5.9
1.7,1.8,1.5,2.8,100.0,1.0,20.0,20.0,2.9,2.0
2.7,4.5,3.8,4.3,100.0,4.8,42.3,40.1,5.0,4.1
7.3,6.0,5.6,5.9,100.0,7.9,63.7,52.8,5.7,6.1
5.1,5.6,4.7,4.8,100.0,4.4,56.2,45.2,4.4,5.0
5.1,5.1,4.8,5.3,100.0,4.0,39.9,41.0,4.6,4.7
5.3,5.0,4.1,3.5,100.0,4.1,28.3,51.3,5.7,4.3
4.3,4.4,3.8,5.1,100.0,8.1,50.5,50.3,4.9,4.3
5.1,3.5,5.0,5.0,100.0,3.3,37.3,48.2,5.3,4.9
6.3,5.2,4.3,6.8,100.0,8.1,56.4,59.2,6.5,5.6
5.8,3.9,5.1,5.5,100.0,7.4,56.5,51.0,4.9,5.3
5.4,6.4,6.1,5.2,100.0,5.0,45.9,56.3,5.0,5.8
3.3,3.1,3.7,4.5,100.0,3.3,66.4,37.7,3.5,3.6
4.5,4.7,4.9,3.9,100.0,5.1,37.4,40.5,5.2,4.8
5.3,4.2,5.3,4.8,100.0,4.9,40.8,57.4,4.4,4.8
5.4,5.4,3.1,5.3,100.0,6.6,58.9,38.4,6.5,5.1
5.1,5.8,4.4,4.7,100.0,7.5,28.6,45.5,4.2,5.0
4.5,4.9,3.3,6.2,100.0,5.7,59.4,46.5,5.1,4.7
7.5,8.1,7.4,6.9,100.0,6.3,84.5,94.5,6.7,7.4
5.5,6.1,6.0,6.6,100.0,6.4,59.6,61.3,5.8,6.0
5.2,4.5,2.8,4.6,100.0,4.9,47.8,34.6,3.7,4.2
6.5,8.6,7.8,8.2,100.0,8.7,72.3,65.9,6.7,7.5
5.1,3.1,4.7,4.3,100.0,4.1,58.2,47.4,4.6,4.4
3.4,3.8,1.9,3.2,100.0,1.3,44.4,47.2,3.6,3.1
4.3,4.4,4.8,3.8,100.0,1.4,24.3,20.0,2.7,4.3
3.0,2.3,1.5,1.5,100.0,3.0,20.0,20.0,3.6,2.1
3.8,6.1,3.7,4.1,100.0,9.5,45.8,57.8,3.9,4.3
5.0,3.2,3.4,5.8,100.0,4.7,29.5,35.2,5.3,4.3
6.6,6.5,8.3,6.6,100.0,8.2,81.6,75.2,6.2,7.0
5.1,4.2,5.6,3.4,100.0,4.7,56.0,50.1,5.5,4.9
4.4,5.1,5.2,4.7,100.0,2.7,50.4,40.3,2.9,4.5
5.2,4.9,6.2,5.0,100.0,6.9,59.4,60.7,5.5,5.6
1.0,2.8,2.8,2.5,100.0,1.7,20.0,20.0,2.4,2.4
4.7,5.1,5.3,6.6,100.0,1.8,58.3,64.1,6.5,5.5
6.1,5.5,6.1,6.6,100.0,8.6,63.6,74.8,4.4,5.9
2.1,3.6,3.3,4.6,100.0,3.4,20.0,32.1,3.2,3.1
6.4,6.1,5.9,5.9,100.0,6.8,68.9,64.8,6.0,6.1
6.9,4.4,5.4,5.3,100.0,4.9,73.6,57.7,4.0,5.5
5.3,7.2,4.7,3.6,100.0,5.0,46.2,51.8,3.7,5.2
7.1,5.3,5.8,5.2,100.0,6.6,60.9,69.5,5.4,5.9
8.0,5.6,6.7,6.9,100.0,9.0,99.7,87.8,8.1,7.1
6.2,4.4,4.2,4.1,100.0,6.9,45.3,68.0,5.3,4.8
4.7,4.1,6.1,6.5,100.0,7.3,62.6,47.6,4.4,5.3
3.9,5.2,4.2,2.6,100.0,7.3,37.8,54.5,3.1,3.9
1.8,4.3,4.4,5.2,100.0,2.5,48.1,44.3,4.3,3.9
6.9,6.4,5.2,7.1,100.0,5.4,70.4,56.4,5.9,6.0
5.2,3.6,2.9,4.4,100.0,4.3,33.0,39.5,5.1,4.2
4.6,4.8,4.5,4.1,100.0,3.9,48.4,54.1,4.8,4.7
4.2,4.1,4.3,3.0,100.0,3.4,52.6,41.4,5.2,4.3
5.0,5.5,5.1,5.1,100.0,6.4,38.6,55.7,6.0,5.0
5.7,6.2,6.3,6.0,100.0,6.9,50.6,39.8,6.0,5.9
7.1,6.6,6.4,6.2,100.0,8.5,71.8,58.7,6.6,6.5
3.0,4.9,5.7,3.5,100.0,3.9,39.3,40.0,4.7,4.4
5.0,5.2,5.0,5.7,100.0,5.3,47.3,40.2,3.0,5.0
3.6,4.7,2.1,5.3,100.0,3.9,20.0,26.8,3.7,3.6
4.6,4.7,5.2,4.3,100.0,4.4,34.8,53.9,4.0,4.8
5.8,5.8,4.4,5.5,100.0,4.3,62.5,54.6,6.4,5.7
5.8,7.0,6.1,4.6,100.0,4.7,53.8,83.0,5.2,5.9
3.8,3.3,3.3,3.5,100.0,4.6,23.1,38.4,3.7,3.5
5.9,5.2,7.6,6.5,100.0,5.1,73.7,73.4,6.6,6.1
7.4,5.5,7.7,6.9,100.0,4.4,75.5,68.3,6.8,6.9
5.8,5.7,5.0,5.0,100.0,5.6,45.3,49.6,5.6,5.2
7.4,5.5,7.2,7.0,100.0,10.0,79.5,80.8,8.1,6.8
3.1,4.5,4.2,3.7,100.0,0.5,27.8,51.3,4.3,3.9
3.2,3.4,4.1,3.3,100.0,2.7,29.8,30.4,3.1,3.6
3.6,4.0,2.9,3.2,100.0,3.3,25.1,27.8,1.9,3.4
6.8,6.2,6.1,5.1,100.0,4.5,64.4,75.0,7.1,6.3
6.3,5.6,5.3,5.7,100.0,5.7,67.2,58.8,5.2,5.8
6.3,6.0,4.9,5.2,100.0,3.2,58.1,48.7,4.8,5.3
6.2,6.7,6.2,4.8,100.0,3.9,56.8,44.2,6.1,5.9
3.7,3.0,4.0,3.2,100.0,2.7,37.3,33.0,3.5,3.5
7.5,8.1,7.4,7.5,100.0,7.0,72.2,93.2,7.6,7.7
3.1,5.4,5.6,4.7,100.0,3.4,65.6,54.9,5.0,4.7
5.0,5.5,4.9,5.1,100.0,5.1,50.7,53.5,4.9,4.9
5.6,5.6,6.5,6.0,100.0,9.4,51.5,68.1,5.2,5.7
5.9,6.8,7.4,3.7,100.0,6.9,58.7,59.2,6.8,6.1
5.1,3.5,5.0,5.8,100.0,6.9,60.8,53.5,4.9,4.6
3.8,3.6,4.6,3.8,100.0,5.0,43.3,45.5,4.6,4.4
4.1,6.0,5.0,7.3,100.0,4.7,46.2,58.4,4.8,5.5
6.5,7.7,7.2,6.2,100.0,8.3,85.8,75.9,7.7,6.8
7.0,7.9,6.6,5.9,100.0,8.7,69.6,74.9,6.7,6.6
8.3,8.1,6.8,6.7,100.0,8.6,78.9,73.5,6.9,7.3
4.3,4.1,6.2,4.8,100.0,4.5,34.3,39.5,4.5,4.6
4.1,5.1,3.6,2.1,100.0,4.3,45.6,36.7,4.1,4.3
5.6,4.2,5.3,4.1,100.0,8.5,49.9,49.8,4.7,4.8
4.4,6.0,3.7,5.6,100.0,6.3,62.7,39.8,4.9,4.9
6.6,8.1,6.6,5.5,100.0,6.2,51.1,69.7,6.7,6.6
2.4,4.1,3.8,4.2,100.0,2.4,20.0,43.1,2.1,3.2
7.5,6.9,6.5,6.4,100.0,5.7,70.5,63.1,5.9,6.9
4.9,4.5,3.0,4.0,100.0,8.3,62.3,42.6,4.9,4.4
4.7,3.0,4.5,5.0,100.0,6.8,63.2,71.4,3.0,4.2
3.2,4.1,3.8,5.2,100.0,3.6,25.9,26.6,2.6,4.1
3.6,1.9,3.5,3.4,100.0,5.8,25.7,38.0,4.3,3.3
7.7,5.2,7.4,7.1,100.0,7.2,63.9,60.1,7.1,6.8
4.3,3.9,4.8,6.6,100.0,4.5,58.3,51.7,4.7,5.1
3.2,3.0,2.8,2.6,100.0,4.4,39.5,29.3,4.2,3.2
3.6,3.4,2.6,4.3,100.0,3.7,20.0,34.8,4.2,3.7
5.2,4.9,4.7,3.3,100.0,5.8,45.6,29.2,4.9,4.7
6.6,6.4,7.3,7.4,100.0,5.4,55.0,76.9,6.9,6.4
2.4,5.7,4.3,4.6,100.0,3.4,54.2,42.1,5.1,4.0
4.3,3.0,3.8,4.3,100.0,5.0,24.1,20.0,3.8,4.0
5.3,3.9,5.0,5.7,100.0,7.2,34.3,57.5,5.2,4.8
3.3,4.9,4.7,5.2,100.0,6.7,49.2,24.8,3.6,4.4
1.3,3.6,1.1,2.0,100.0,4.3,20.0,31.0,3.2,2.2
6.2,5.3,4.6,5.4,100.0,5.8,61.8,55.4,6.7,5.6
5.9,4.4,3.0,4.8,100.0,5.4,37.6,32.9,3.3,4.2
6.6,4.4,6.0,5.8,100.0,4.7,82.7,73.8,6.2,5.9
7.1,7.0,7.2,8.5,100.0,6.9,86.3,70.2,8.7,7.5
6.4,6.6,6.5,7.7,100.0,3.7,79.8,59.9,7.1,6.7
4.6,4.3,5.0,4.6,100.0,4.1,35.7,28.0,5.4,4.5
4.6,2.1,3.9,3.9,100.0,0.5,51.3,24.8,2.6,3.6
7.4,7.3,8.0,8.2,100.0,10.0,76.5,81.1,8.7,7.8
4.4,6.5,5.1,3.7,100.0,5.7,48.8,59.1,5.2,4.8
5.8,6.4,4.0,4.7,100.0,2.0,63.3,61.9,5.6,5.2
4.9,4.1,4.6,6.4,100.0,4.7,54.7,37.2,4.2,4.7
6.3,5.9,5.3,4.6,100.0,8.2,40.6,55.7,4.5,5.2
4.3,3.7,4.3,6.7,100.0,4.6,59.2,29.4,4.7,4.7
4.3,5.7,4.9,5.3,100.0,2.6,44.8,44.1,4.0,4.9
3.6,4.6,3.9,4.7,100.0,1.5,37.6,63.4,4.2,4.0
5.0,5.9,5.1,5.5,100.0,2.3,34.1,31.7,4.6,5.0
3.2,2.7,4.4,3.5,100.0,5.0,46.2,31.7,4.2,3.7
3.8,4.8,4.7,3.9,100.0,3.3,37.7,46.6,3.7,4.3
4.0,5.1,5.8,6.4,100.0,4.6,53.2,60.0,5.1,5.2
5.2,5.5,5.2,4.2,100.0,4.0,30.3,36.8,3.7,4.9
7.4,7.7,5.3,7.7,100.0,7.0,68.4,87.3,7.2,7.0
1.0,1.9,2.7,1.0,100.0,0.5,20.0,20.0,2.0,1.8
7.4,5.7,7.4,5.3,100.0,7.1,85.1,83.1,5.4,6.4
8.5,7.2,6.1,8.2,100.0,4.7,66.6,73.4,7.5,7.4
2.5,2.5,2.7,2.5,100.0,0.8,33.3,31.6,1.9,2.5
4.1,3.8,3.9,4.1,100.0,6.0,52.7,48.6,5.4,4.2
6.8,3.7,3.2,5.8,100.0,5.0,46.8,51.0,4.8,5.0
2.3,1.9,2.8,4.4,100.0,3.9,20.0,36.0,4.0,2.7
4.1,3.6,3.7,4.9,100.0,7.1,28.6,49.8,4.2,4.0
3.8,4.7,3.4,3.2,100.0,3.2,39.5,33.0,4.1,3.7
8.2,7.3,6.4,6.9,100.0,7.7,71.0,67.3,7.8,7.1
6.4,5.6,5.6,6.4,100.0,6.0,57.9,63.2,7.5,6.3
6.1,7.3,6.5,7.1,100.0,6.2,67.3,62.4,7.3,6.8
5.1,5.1,5.3,5.4,100.0,4.6,59.2,54.8,6.2,5.4
3.4,3.7,4.0,3.8,100.0,3.4,42.1,49.6,2.7,3.4
3.6,4.2,4.9,4.6,100.0,4.7,37.1,48.4,2.6,4.1
5.6,6.3,7.3,6.7,100.0,6.4,65.4,63.1,5.5,6.0
3.1,2.0,4.3,4.2,100.0,3.3,36.1,42.4,3.0,3.4
4.7,5.0,6.0,4.5,100.0,7.5,44.0,66.9,5.4,4.9
5.7,3.1,4.3,4.5,100.0,4.7,49.3,65.1,4.7,4.6
4.2,4.3,4.8,3.7,100.0,3.8,20.0,23.4,5.0,4.3
4.8,7.0,6.1,6.4,100.0,4.7,51.7,50.7,5.4,5.7
5.4,5.0,5.2,6.3,100.0,3.3,61.3,49.7,6.2,5.6
4.6,4.1,5.1,4.7,100.0,6.6,44.5,30.8,4.6,5.0
5.0,7.2,5.4,6.2,100.0,5.7,49.7,68.5,6.4,5.8
4.0,4.7,3.5,3.8,100.0,2.0,22.6,35.4,5.1,4.2
4.9,5.7,6.1,5.9,100.0,5.3,33.1,79.0,5.9,5.2
7.1,6.4,5.5,5.1,100.0,5.5,45.5,67.9,5.7,6.1
5.0,3.6,4.5,3.6,100.0,7.0,51.1,40.3,5.0,4.3
5.1,6.7,5.3,3.6,100.0,5.0,49.3,59.8,6.7,5.4
2.9,5.6,2.9,4.6,100.0,7.1,32.9,20.0,3.5,3.9
6.0,6.6,7.0,6.5,100.0,6.5,64.0,65.3,6.4,6.5
5.3,2.8,4.0,5.1,100.0,7.8,47.6,48.1,4.7,4.1
4.4,3.8,4.6,5.5,100.0,5.6,52.4,33.1,4.3,4.8
6.1,6.8,6.6,5.2,100.0,7.1,63.7,63.7,5.9,6.0
4.2,3.8,3.5,2.6,100.0,6.3,48.5,32.5,3.8,3.6
2.8,4.5,3.4,3.6,100.0,4.6,20.0,20.0,4.5,3.6
2.9,3.7,2.5,3.4,100.0,3.6,37.8,33.4,2.7,3.1
4.1,5.0,6.7,4.2,100.0,9.4,46.2,69.4,4.6,5.1
4.2,3.5,2.6,3.8,100.0,2.3,20.1,35.9,3.6,3.5
7.3,6.2,6.6,6.8,100.0,6.1,69.3,71.9,7.8,7.0
1.9,2.3,1.6,1.8,100.0,0.9,29.6,20.0,3.4,2.2
8.6,6.5,6.1,6.7,100.0,10.0,66.6,71.4,6.2,6.7
5.3,6.4,6.4,3.1,100.0,7.5,46.6,51.0,6.1,5.1
4.1,6.9,5.3,4.4,100.0,4.1,38.9,39.8,6.4,5.3
5.0,3.0,4.4,3.7,100.0,0.7,44.4,52.4,3.9,4.3
5.8,3.6,5.0,6.0,100.0,5.3,63.4,54.0,5.4,5.0
5.3,4.7,5.6,4.8,100.0,3.4,66.5,57.1,4.1,5.0
6.0,4.9,5.7,6.9,100.0,5.9,90.5,52.6,7.7,6.2
5.5,5.2,5.7,2.9,100.0,3.6,58.2,44.8,4.1,5.0
5.0,5.9,4.6,4.4,100.0,2.8,55.9,60.8,4.9,5.2
5.0,6.0,4.1,5.1,100.0,7.3,32.4,53.3,5.1,5.2
3.4,5.1,5.5,4.7,100.0,3.9,68.2,37.1,4.4,4.7
5.0,5.2,6.0,6.1,100.0,7.6,56.8,57.6,4.7,5.3
4.3,1.0,3.4,1.4,100.0,2.1,21.5,27.6,2.9,2.6
2.8,3.4,2.6,4.0,100.0,1.3,33.7,22.7,5.1,3.2
5.4,6.0,5.6,5.3,100.0,6.9,54.8,64.7,5.7,5.7
4.8,5.8,5.3,4.6,100.0,4.7,29.2,36.8,5.1,5.0
3.8,4.1,4.2,5.7,100.0,4.4,53.0,38.0,4.0,4.5
3.3,4.6,6.0,6.0,100.0,5.2,63.7,56.3,5.3,4.8
5.2,4.0,3.7,6.3,100.0,4.3,60.8,55.5,6.1,4.9
4.5,2.2,3.8,6.1,100.0,1.8,41.8,42.7,3.9,3.9
4.0,3.0,3.7,5.2,100.0,3.8,38.5,36.6,4.5,4.0
5.1,3.7,3.2,4.5,100.0,6.7,54.7,58.3,4.8,4.2
3.9,4.1,2.8,4.0,100.0,2.2,36.7,41.2,2.5,3.7
6.3,5.0,5.9,5.2,100.0,5.8,55.5,64.0,5.8,5.6
2.8,2.4,3.0,4.7,100.0,4.7,24.7,25.7,4.5,3.2
5.8,5.3,7.4,7.2,100.0,6.4,81.0,61.6,5.4,6.5
5.3,2.5,6.7,5.4,100.0,5.8,61.8,51.5,5.7,5.2
5.8,6.8,5.6,6.1,100.0,5.5,54.9,43.3,6.3,6.0
7.3,5.2,6.4,5.1,100.0,5.5,71.3,60.7,6.1,6.3
6.5,6.6,7.0,7.2,100.0,6.0,81.6,68.9,6.0,6.7
6.3,4.8,4.3,5.4,100.0,5.0,74.7,81.2,6.2,5.2
3.1,3.7,1.8,1.3,100.0,2.8,20.0,20.0,3.9,2.6
2.7,3.6,3.5,4.2,100.0,4.2,26.0,41.2,3.1,3.1
4.3,3.5,4.7,5.0,100.0,5.3,32.5,38.0,4.4,4.3
3.9,4.7,5.2,5.4,100.0,4.5,58.1,48.3,4.3,4.8
4.2,7.2,5.0,5.5,100.0,7.4,64.9,61.8,5.5,5.4
4.4,4.1,4.8,3.0,100.0,4.4,26.4,24.9,4.4,4.4
4.9,5.0,6.3,4.2,100.0,5.4,56.7,44.8,5.3,5.4
4.3,3.2,4.8,3.2,100.0,0.5,52.4,26.3,3.8,4.1
4.3,2.4,5.0,4.1,100.0,2.9,38.5,37.0,4.6,3.7
2.5,3.2,2.9,4.3,100.0,0.6,32.0,20.0,3.8,3.3
3.9,4.2,4.7,4.8,100.0,4.6,43.5,49.3,4.4,4.3
2.4,4.4,3.5,1.9,100.0,3.1,20.0,23.9,3.2,3.2
4.9,1.7,4.2,3.2,100.0,1.9,36.9,20.0,3.4,3.7
5.2,5.2,6.5,5.6,100.0,7.0,78.5,62.5,7.7,6.0
3.7,3.3,3.8,1.6,100.0,1.4,29.8,43.8,4.0,3.4
7.3,8.2,7.5,8.7,100.0,7.4,97.8,100.0,8.0,8.2
6.0,5.5,5.5,5.4,100.0,4.7,57.7,55.1,4.5,5.6
5.0,5.1,5.9,5.1,100.0,6.1,46.0,47.6,4.6,5.0
3.6,4.4,3.7,5.2,100.0,5.8,36.2,37.0,3.5,4.2
6.5,5.0,6.5,5.9,100.0,5.2,55.2,64.7,6.2,6.0
4.3,5.2,4.8,3.9,100.0,6.1,32.5,30.1,4.1,4.7
5.6,5.6,4.9,5.6,100.0,5.3,49.3,49.4,5.2,5.6
7.3,7.8,9.0,9.0,100.0,9.2,89.1,87.9,7.0,8.2
3.8,6.4,4.6,5.1,100.0,4.8,46.9,49.0,5.9,4.8
6.5,7.9,7.5,7.0,100.0,6.4,64.6,65.8,5.8,6.9
3.9,5.1,4.5,4.0,100.0,4.6,41.7,30.1,4.3,4.6
5.5,2.1,4.9,4.9,100.0,6.1,54.8,52.9,4.6,4.8
7.1,8.6,6.5,7.2,100.0,6.3,65.1,76.1,6.9,7.2
4.4,5.0,4.2,3.6,100.0,3.8,38.1,40.1,3.7,4.2
5.9,9.0,7.0,6.7,100.0,10.0,57.5,66.4,7.4,6.9
7.4,7.0,4.9,7.1,100.0,6.3,59.0,67.0,5.1,6.2
4.2,5.8,4.2,6.1,100.0,4.6,43.1,32.1,4.6,4.9
6.3,6.6,5.2,7.2,100.0,7.7,65.2,75.7,5.7,6.3
5.5,7.5,6.6,5.0,100.0,5.7,66.1,52.8,6.6,6.0
6.0,7.7,6.7,4.5,100.0,5.9,64.8,66.9,6.3,6.5
2.1,3.3,2.2,2.1,100.0,3.9,27.1,20.0,2.9,2.7
4.5,2.6,5.4,4.2,100.0,5.8,32.3,20.0,4.4,4.3
4.4,4.4,4.6,2.2,100.0,1.1,35.1,40.7,4.4,4.3
4.9,5.3,4.2,4.4,100.0,3.8,46.3,26.3,5.9,4.9
6.3,5.8,6.3,7.0,100.0,4.4,51.6,66.6,5.5,6.2
4.2,4.0,4.9,6.1,100.0,5.1,51.5,52.4,5.1,4.8
2.8,1.8,3.3,2.9,100.0,1.6,25.1,44.0,3.1,3.0
5.8,4.7,5.2,5.1,100.0,6.6,59.9,54.0,4.9,5.3
7.4,6.5,5.1,6.2,100.0,6.2,59.6,61.6,7.2,6.3
5.6,7.2,6.2,6.5,100.0,7.2,62.9,55.7,6.0,6.3
6.8,7.2,6.1,5.8,100.0,8.1,70.6,57.5,6.3,6.6
5.9,7.0,5.0,5.8,100.0,7.3,60.7,58.4,5.7,5.8
7.1,5.5,5.9,5.1,100.0,5.2,55.7,44.8,6.4,6.2
3.5,3.2,4.0,3.7,100.0,5.1,54.0,52.8,4.5,3.8
3.1,2.6,2.2,2.8,100.0,1.8,49.5,22.0,3.1,2.9
4.2,5.3,6.4,5.3,100.0,3.6,46.6,55.4,7.1,5.5
3.2,4.8,4.4,4.1,100.0,6.7,53.5,81.4,4.6,4.1
5.6,5.4,3.7,5.9,100.0,5.3,42.1,50.0,5.7,4.9
3.6,3.9,3.9,3.9,100.0,0.8,30.6,34.0,3.7,3.7
3.5,4.5,3.5,4.3,100.0,4.2,27.0,33.2,4.1,3.9
6.2,6.0,6.1,5.6,100.0,6.2,64.6,77.4,6.1,6.3
7.4,3.1,4.7,3.2,100.0,1.9,51.0,51.8,4.5,4.8
5.6,5.4,6.0,6.2,100.0,4.0,55.3,57.5,6.0,5.8
5.4,5.1,4.5,4.4,100.0,4.0,32.6,73.3,4.7,4.9
4.5,6.2,6.1,4.3,100.0,5.4,64.7,41.8,3.4,5.1
6.4,5.6,5.1,5.0,100.0,7.6,72.5,62.1,5.5,5.6
4.2,4.9,4.7,4.1,100.0,5.4,41.0,51.4,4.2,4.6
4.8,5.4,5.6,6.5,100.0,6.0,42.5,43.3,4.3,5.4
5.9,4.5,3.9,4.0,100.0,4.3,43.9,50.7,4.6,4.6
5.4,5.4,3.7,3.5,100.0,6.9,47.1,38.7,3.9,4.4
4.7,4.0,5.4,5.2,100.0,5.6,53.1,55.4,4.6,4.8
3.4,4.7,4.6,5.4,100.0,5.7,62.0,63.1,6.8,4.8
4.1,4.4,4.0,2.6,100.0,5.1,53.3,41.9,5.3,4.3
8.7,5.9,7.1,7.1,100.0,6.3,51.4,58.8,6.9,7.2
3.7,4.4,4.0,5.8,100.0,3.6,33.5,32.7,5.2,4.2
5.7,4.1,3.5,2.5,100.0,1.6,57.1,47.0,4.7,4.1
5.6,4.7,5.7,3.4,100.0,3.8,34.2,52.3,4.4,4.9
6.9,6.6,6.4,4.2,100.0,9.8,83.9,74.9,6.0,6.3
4.6,5.4,4.9,5.2,100.0,5.5,71.1,58.3,6.2,5.1
4.3,5.8,6.4,7.1,100.0,6.7,77.4,69.0,7.6,6.2
3.8,2.9,3.7,3.3,100.0,4.3,34.3,36.2,3.9,3.2
4.7,5.4,6.7,6.5,100.0,5.9,49.5,52.0,6.3,5.8
6.2,6.3,4.9,6.8,100.0,5.2,66.2,65.0,4.1,5.5
4.1,5.1,5.7,6.6,100.0,5.2,37.8,51.5,6.8,5.5
6.1,7.9,6.8,7.3,100.0,4.9,58.2,61.6,6.2,6.8
4.4,3.4,4.3,4.0,100.0,4.5,35.1,52.4,6.1,4.4
6.9,6.6,7.3,6.7,100.0,5.9,71.8,81.0,7.9,6.9
6.9,6.2,8.4,7.0,100.0,9.8,80.6,96.5,8.3,7.5
5.5,4.9,3.6,4.4,100.0,3.7,47.2,36.9,4.3,4.3
4.0,3.4,5.7,4.5,100.0,3.1,52.1,46.8,4.6,4.6
5.4,6.5,5.6,6.7,100.0,7.0,64.7,82.7,5.4,5.8
6.8,6.5,6.1,8.1,100.0,7.9,75.2,88.7,7.6,6.9
4.4,4.6,4.2,4.1,100.0,2.4,38.0,27.1,2.5,4.2
4.6,4.0,5.9,3.7,100.0,3.6,45.6,43.7,4.3,4.4
5.8,4.1,4.4,3.9,100.0,4.7,52.6,43.9,5.8,4.9
3.2,4.8,3.4,4.0,100.0,5.0,39.0,45.7,3.9,3.9
3.8,4.2,4.9,2.7,100.0,0.5,42.9,20.0,2.8,3.9
2.9,3.3,3.6,3.6,100.0,4.4,39.1,24.5,2.8,3.4
4.7,3.8,3.2,5.2,100.0,3.3,24.3,52.8,3.6,4.0
5.1,6.5,4.7,5.2,100.0,4.2,38.7,44.8,5.0,5.4
4.9,5.1,6.3,5.2,100.0,4.3,45.3,40.5,5.9,5.4
5.3,6.2,6.9,6.8,100.0,6.8,76.8,88.4,7.3,6.5
5.0,3.1,5.2,2.9,100.0,4.4,22.1,20.7,3.0,4.1
5.2,5.7,6.7,5.4,100.0,5.7,68.1,75.0,6.6,5.9
4.3,4.2,4.3,4.6,100.0,7.2,49.4,31.2,5.3,4.7
5.2,3.7,5.0,5.2,100.0,5.9,29.9,34.8,5.3,4.8
4.9,4.7,5.2,6.6,100.0,6.3,49.2,62.1,7.6,5.5
2.5,2.9,3.2,3.7,100.0,3.1,43.6,24.7,4.2,3.3
3.8,6.0,8.7,6.6,100.0,7.4,62.7,58.5,6.2,6.2
5.8,4.8,5.9,6.6,100.0,7.3,44.0,70.5,6.6,5.9
5.2,5.4,6.2,6.3,100.0,4.0,47.0,55.8,6.2,5.7
7.7,6.6,4.9,6.4,100.0,4.4,29.8,70.6,5.0,6.2
7.2,9.0,9.0,7.1,100.0,9.6,100.0,90.1,8.8,8.1
3.5,4.0,5.0,3.2,100.0,5.4,40.8,50.0,3.9,3.7
3.9,3.8,5.7,4.8,100.0,3.8,60.9,20.0,3.7,4.6
4.4,3.4,5.6,3.1,100.0,3.0,38.7,47.0,3.6,4.2
4.0,5.0,3.3,4.1,100.0,4.3,44.5,46.5,5.2,4.2
4.7,4.0,3.4,4.9,100.0,6.3,49.4,36.8,4.7,3.9
5.6,6.1,5.7,7.7,100.0,6.8,84.2,86.8,7.2,6.6
5.6,5.9,6.0,6.5,100.0,5.2,76.3,66.4,7.2,6.1
2.9,3.6,4.5,3.7,100.0,4.3,41.5,25.4,4.5,4.0
2.2,4.3,3.6,4.3,100.0,4.9,37.8,45.3,4.2,3.4
5.2,4.3,7.1,4.6,100.0,5.6,46.6,42.8,6.0,5.5
4.1,5.3,5.7,4.2,100.0,6.1,37.9,42.5,3.9,4.8
5.3,5.2,5.8,5.8,100.0,7.2,60.0,72.9,4.8,5.5
6.2,5.1,6.7,5.2,100.0,5.2,66.9,58.0,4.9,5.9
4.2,1.9,4.3,3.3,100.0,2.8,23.0,24.8,3.6,3.3
6.6,6.8,6.5,6.1,100.0,4.6,83.8,69.7,6.4,6.6
5.7,6.8,5.7,6.5,100.0,9.5,76.1,89.6,8.7,6.3
3.8,4.2,4.1,3.6,100.0,3.6,53.2,28.6,4.6,4.0
4.1,5.9,4.1,3.1,100.0,3.8,51.0,51.9,4.6,4.4
4.8,5.5,5.5,5.6,100.0,4.6,60.4,76.2,4.9,5.2
4.8,4.6,5.5,6.2,100.0,6.2,64.8,60.5,6.1,5.3
5.3,5.1,5.8,6.5,100.0,4.3,68.2,57.5,4.9,5.8
7.1,8.0,7.8,7.2,100.0,6.5,90.8,78.6,7.6,7.6
4.3,6.0,3.9,4.1,100.0,4.7,68.7,42.5,4.5,4.6
4.2,4.3,4.3,4.7,100.0,2.9,54.2,31.5,4.1,4.3
3.6,4.0,3.0,3.9,100.0,3.4,34.0,30.5,3.7,3.4
3.4,4.7,4.3,4.3,100.0,3.0,34.6,45.8,3.3,4.1
6.0,6.3,5.6,6.5,100.0,7.3,53.2,65.6,3.8,5.9
6.4,5.3,6.3,7.1,100.0,8.7,57.7,57.4,6.5,6.3
3.1,5.0,4.2,4.2,100.0,5.2,50.5,20.0,5.0,4.2
5.6,6.2,5.2,4.9,100.0,4.4,42.8,69.7,5.5,5.5
4.3,3.7,4.6,3.6,100.0,8.6,61.0,50.3,4.7,4.2
6.7,5.6,7.1,7.0,100.0,6.1,87.6,68.9,7.8,6.8
6.1,7.2,7.5,7.9,100.0,7.7,73.4,92.9,9.0,7.5
5.5,3.7,4.0,4.8,100.0,5.3,41.5,40.2,5.1,4.5
5.0,4.0,3.9,6.0,100.0,4.6,32.0,62.4,3.9,4.6
5.1,6.5,7.0,5.9,100.0,5.3,48.4,70.6,7.0,6.2
4.6,6.6,5.5,3.8,100.0,9.3,59.2,55.8,6.1,5.2
8.6,8.3,7.5,7.6,100.0,9.2,84.1,74.1,6.7,8.0
5.1,4.9,7.1,5.8,100.0,5.9,66.3,57.3,5.6,5.7
3.9,3.8,4.5,3.9,100.0,8.1,46.1,36.8,3.8,4.1
3.9,7.0,6.5,6.1,100.0,7.1,42.2,75.8,5.2,5.6
6.0,7.0,7.5,7.0,100.0,6.6,67.9,67.9,5.5,6.7
5.8,6.1,6.7,5.2,100.0,9.7,47.4,50.6,6.7,6.1
6.2,6.1,5.6,5.3,100.0,6.7,43.3,61.7,5.6,5.8
5.2,6.3,6.7,7.6,100.0,7.5,56.0,80.4,5.6,6.2
5.2,6.9,5.5,5.8,100.0,6.2,78.0,78.1,6.8,5.9
7.0,6.3,6.1,6.7,100.0,7.1,76.2,63.1,6.7,6.4
6.6,6.0,5.3,3.5,100.0,5.4,63.0,48.6,6.5,5.7
3.5,3.3,6.4,3.5,100.0,6.9,38.9,61.8,4.9,4.5
6.0,4.5,4.6,5.3,100.0,2.8,48.3,36.0,4.1,5.1
6.5,5.8,5.9,7.5,100.0,8.9,54.4,71.8,6.1,6.3
4.9,3.7,3.3,2.8,100.0,2.5,51.4,32.1,3.2,3.7
5.4,4.6,5.8,5.5,100.0,5.5,77.5,68.7,5.8,5.5
2.5,4.0,4.6,4.2,100.0,4.0,49.7,33.6,5.3,3.9
4.9,3.6,5.8,5.9,100.0,4.3,57.7,42.5,3.9,4.9
7.4,7.1,7.0,5.5,100.0,8.0,67.6,75.3,6.4,6.9
4.5,5.2,4.2,5.6,100.0,5.3,36.7,60.8,6.1,4.6
4.7,3.4,4.5,4.5,100.0,4.1,42.3,64.3,3.9,4.5
3.2,2.6,4.4,3.6,100.0,3.2,24.9,34.3,3.1,3.2
3.6,6.2,5.7,6.0,100.0,5.1,57.3,64.7,5.9,5.6
7.1,5.3,6.6,5.6,100.0,5.2,53.5,70.2,6.5,6.1
6.9,6.9,7.5,8.0,100.0,6.0,82.9,68.7,8.0,7.2
5.0,4.6,3.9,4.7,100.0,3.9,36.9,36.6,5.2,4.5
5.2,5.6,5.0,5.1,100.0,6.1,75.0,40.4,5.7,5.3
6.3,3.9,4.6,5.0,100.0,5.4,40.1,26.9,5.0,4.9
7.2,7.4,6.5,7.0,100.0,10.0,82.5,82.1,8.1,7.1
4.7,4.1,5.0,5.1,100.0,8.8,46.0,62.9,4.4,4.7
4.6,5.3,5.7,4.5,100.0,4.7,58.8,59.7,3.3,4.8
6.4,5.7,4.6,5.4,100.0,4.7,64.2,62.9,4.4,5.6
3.7,4.7,5.2,4.3,100.0,7.0,54.4,53.6,5.1,4.8
5.0,3.5,4.0,4.4,100.0,4.8,32.0,43.9,4.2,3.9
4.4,5.0,4.8,4.7,100.0,7.0,49.6,69.9,4.8,5.0
7.3,7.8,6.4,7.0,100.0,7.2,67.8,81.6,6.4,7.1
3.9,2.5,3.4,4.4,100.0,3.2,35.7,28.8,4.6,3.7
5.7,6.8,6.2,4.3,100.0,4.9,41.8,63.1,5.5,5.7
4.2,3.9,5.0,4.2,100.0,4.6,52.4,51.8,4.6,4.5
5.0,6.5,7.3,7.0,100.0,6.5,43.0,74.4,5.7,6.4
2.5,2.1,2.8,3.0,100.0,4.5,24.7,31.0,2.8,3.0
4.9,3.6,3.6,3.7,100.0,2.2,32.4,45.1,4.8,4.4
5.6,5.0,5.5,4.5,100.0,7.4,57.5,40.8,5.5,5.1
7.8,5.9,6.8,7.6,100.0,4.5,83.7,57.8,7.2,7.0
5.2,4.7,4.5,5.7,100.0,5.1,34.9,56.8,5.4,5.0
3.6,3.9,3.5,4.2,100.0,3.7,65.2,30.7,4.5,4.1
6.6,9.0,7.2,7.9,100.0,5.5,80.2,64.3,8.4,7.6
3.3,2.1,3.0,1.0,100.0,0.5,32.1,20.0,2.9,2.5
1.0,2.5,2.9,3.5,100.0,0.5,20.0,20.0,1.8,2.3
6.9,5.8,6.0,5.4,100.0,5.7,56.1,60.3,4.3,5.8
4.8,3.4,5.2,4.5,100.0,3.3,52.2,47.0,4.9,4.8
4.8,4.4,2.9,3.5,100.0,1.9,36.8,43.2,3.4,4.2
4.6,5.5,6.1,7.1,100.0,8.1,62.0,56.7,6.8,6.0
6.3,2.9,4.8,4.4,100.0,3.5,53.1,54.7,5.5,5.0
6.1,5.0,3.4,5.6,100.0,5.2,27.8,50.0,4.1,5.0
2.4,2.4,3.2,3.8,100.0,1.7,20.0,35.4,2.7,2.9
6.7,5.0,6.8,6.6,100.0,4.6,74.8,57.2,6.7,6.3
5.8,6.4,5.5,5.5,100.0,5.1,68.6,62.7,5.7,5.8
3.6,4.5,6.0,3.7,100.0,5.8,58.8,28.7,5.1,4.8
7.6,8.1,7.6,8.0,100.0,5.7,69.5,77.7,7.7,7.8
4.4,4.9,3.4,4.0,100.0,3.8,32.4,27.8,3.9,4.0
2.7,2.6,4.0,4.4,100.0,1.3,39.4,42.3,2.6,3.5
5.1,4.9,4.5,4.0,100.0,2.8,27.3,29.8,4.5,4.5
3.6,4.2,4.3,4.6,100.0,5.5,60.6,50.5,5.5,4.2
4.1,7.4,6.6,6.5,100.0,8.6,47.8,49.4,5.6,5.8
4.8,4.0,4.9,6.4,100.0,3.3,37.8,40.8,5.2,5.0
5.4,6.4,5.4,5.4,100.0,6.6,55.0,59.1,5.9,5.8
2.9,4.3,2.9,2.8,100.0,2.7,20.1,27.0,3.2,3.2
7.4,7.0,7.6,7.4,100.0,6.5,52.7,90.2,6.4,7.1
5.3,4.3,5.3,4.7,100.0,6.5,49.5,29.0,6.5,5.0
7.0,6.2,6.8,6.9,100.0,5.4,72.1,73.1,7.3,6.9
5.3,3.3,5.0,5.2,100.0,3.8,67.3,54.3,5.4,4.9
6.0,5.8,6.1,6.9,100.0,6.4,62.9,56.3,6.0,6.2
5.3,6.0,6.3,5.1,100.0,8.2,78.2,61.6,5.0,5.7
7.2,5.7,5.1,6.0,100.0,6.8,70.3,66.7,5.1,6.0
5.1,2.9,4.8,5.3,100.0,3.9,67.0,62.3,4.9,4.7
8.3,5.4,7.0,6.3,100.0,6.1,74.6,80.0,6.8,7.2
5.3,4.5,4.1,4.9,100.0,6.8,65.2,53.4,5.4,4.9
4.8,6.1,6.0,6.5,100.0,8.4,38.5,50.3,6.6,5.7
6.0,5.2,4.6,5.7,100.0,5.2,43.9,47.8,4.7,5.3
6.8,6.6,7.6,7.2,100.0,6.3,53.0,83.1,7.5,6.9
4.9,4.8,3.9,4.1,100.0,6.5,46.5,35.7,4.7,4.3
8.1,6.2,8.0,7.3,100.0,7.6,69.6,66.2,8.9,7.8
5.2,5.5,4.6,5.7,100.0,4.0,79.6,55.6,6.2,5.4
2.8,3.7,4.0,4.1,100.0,1.7,23.4,31.9,4.4,3.8
5.9,5.5,6.6,2.8,100.0,3.4,53.0,44.2,5.8,5.2
4.2,4.0,3.4,3.9,100.0,8.2,35.8,37.5,3.5,3.7
6.6,7.8,6.2,5.8,100.0,8.4,57.7,60.8,6.2,6.6
2.5,4.7,6.2,4.8,100.0,3.0,27.7,40.3,5.8,4.5
4.8,3.5,4.5,4.4,100.0,6.9,30.5,49.8,4.8,4.1
2.2,3.0,2.8,3.4,100.0,3.0,20.0,20.0,2.1,2.5
5.8,5.2,5.0,3.5,100.0,5.0,48.7,50.2,4.7,4.9
2.6,1.5,2.1,2.3,100.0,0.5,20.0,20.0,1.4,2.2
3.3,4.1,1.9,3.9,100.0,1.9,45.6,42.9,2.5,3.4
6.3,6.3,6.7,4.6,100.0,6.1,49.0,78.3,6.2,5.9
5.1,3.7,4.5,8.2,100.0,3.2,76.6,53.2,6.5,5.2
6.8,5.8,5.2,6.6,100.0,4.9,72.1,44.1,4.9,5.8
5.4,3.4,4.7,3.8,100.0,3.6,48.3,45.3,3.4,4.4
5.3,5.5,4.7,4.2,100.0,6.9,51.6,51.9,3.9,4.9
6.3,5.9,4.5,4.8,100.0,4.1,46.6,55.5,4.9,5.2
3.2,3.8,4.2,3.7,100.0,4.5,45.4,26.1,2.2,3.5
6.2,8.4,6.2,7.2,100.0,4.2,64.6,71.2,6.6,6.8
6.1,5.9,5.2,7.4,100.0,8.1,65.9,59.7,6.1,6.0
5.1,5.3,4.9,4.3,100.0,3.3,46.2,49.7,3.5,4.6
4.7,5.8,4.9,5.5,100.0,5.2,41.5,37.9,4.3,5.1
5.7,5.2,4.4,4.1,100.0,5.9,55.9,52.1,5.2,4.8
2.8,3.3,3.0,2.2,100.0,2.3,26.8,20.0,2.4,2.8
3.9,4.1,5.0,5.0,100.0,4.5,37.0,41.1,4.6,4.4
4.6,3.8,3.9,4.8,100.0,2.1,44.4,38.8,4.4,4.3
4.5,2.5,3.6,3.1,100.0,2.2,20.0,40.1,2.6,3.6
4.8,4.9,5.0,4.3,100.0,6.1,35.3,51.7,5.2,4.7
8.1,7.5,8.0,8.4,100.0,6.8,72.4,84.6,6.9,7.8
4.8,6.9,5.6,6.8,100.0,5.8,63.2,44.8,5.3,5.5
4.7,5.1,4.8,4.5,100.0,1.9,50.1,54.1,3.0,4.9
4.8,5.4,6.1,3.7,100.0,7.1,59.4,52.1,5.5,4.9
5.8,5.5,7.3,8.9,100.0,5.1,76.7,65.3,7.0,6.8
5.6,6.5,6.1,6.1,100.0,7.8,62.3,66.6,6.2,5.7
4.3,6.1,4.4,4.8,100.0,3.5,54.9,47.5,5.2,4.8
3.8,4.9,3.9,3.8,100.0,5.6,43.8,43.9,4.0,4.4
5.7,6.9,6.1,6.2,100.0,6.1,55.4,65.9,5.8,6.3
6.1,5.3,6.8,5.8,100.0,4.8,52.3,48.3,4.7,6.0
5.8,5.6,5.7,6.9,100.0,8.7,69.4,61.6,6.1,5.9
4.5,5.1,6.3,4.9,100.0,5.8,77.6,58.0,5.4,5.6
7.2,6.2,6.0,6.0,100.0,6.0,77.8,75.3,5.4,6.4
3.7,4.3,4.4,6.1,100.0,5.6,30.7,37.3,4.9,4.6
6.5,6.8,7.7,6.8,100.0,4.8,58.5,64.7,5.4,7.2
5.6,5.1,5.8,5.1,100.0,1.5,47.6,42.7,5.6,5.6
7.7,7.4,6.6,6.7,100.0,9.8,82.1,72.0,7.9,7.2
5.0,3.4,3.8,4.6,100.0,2.7,40.1,26.2,3.8,4.2
7.5,8.0,8.0,8.0,100.0,8.9,88.4,69.0,7.8,8.1
4.5,5.3,5.3,6.0,100.0,5.4,65.9,68.9,4.8,5.3
6.0,4.1,3.4,4.0,100.0,2.3,40.3,47.1,3.8,4.5
4.6,3.7,3.8,4.7,100.0,5.2,40.5,55.5,3.6,4.3
4.5,3.3,5.1,6.1,100.0,3.9,50.4,35.7,4.6,5.1
6.3,6.8,6.2,6.5,100.0,4.0,67.0,36.9,4.8,6.1
5.8,6.2,5.6,4.9,100.0,4.2,63.4,61.0,5.1,5.7
4.6,2.8,6.1,2.1,100.0,1.5,37.1,59.9,4.3,4.2
7.0,5.7,5.6,5.2,100.0,5.6,43.5,44.8,5.0,5.7
7.4,8.5,7.4,8.3,100.0,6.8,71.0,83.2,8.5,7.7
6.8,7.2,6.5,6.1,100.0,7.5,77.8,60.2,7.7,7.1
5.6,7.1,4.8,5.5,100.0,5.4,62.8,56.8,5.9,5.6
5.9,5.3,5.3,4.8,100.0,3.6,57.9,49.3,4.9,5.1
3.9,3.8,4.8,5.2,100.0,2.9,63.3,30.9,4.9,4.4
4.2,6.1,6.9,5.3,100.0,9.7,74.0,48.8,5.7,5.4
3.3,4.0,4.8,4.9,100.0,3.4,20.9,23.5,3.4,3.9
3.4,4.1,5.1,4.8,100.0,7.3,50.2,30.3,4.2,4.2
2.7,3.5,2.1,2.2,100.0,4.2,29.4,20.0,2.9,2.7
5.9,3.9,5.0,6.3,100.0,5.1,55.2,61.1,4.8,5.4
5.1,6.7,6.7,4.7,100.0,6.2,51.4,53.4,5.2,5.7
3.3,3.6,4.0,5.6,100.0,4.5,57.2,54.2,5.1,4.3
6.9,5.9,7.7,7.8,100.0,10.0,67.7,70.0,5.9,7.0
4.2,3.4,3.9,4.8,100.0,4.4,20.0,34.9,2.8,3.5
1.9,3.7,3.3,3.1,100.0,1.6,28.2,33.0,4.2,3.0
5.9,5.4,4.8,4.8,100.0,5.9,51.0,68.7,5.0,5.2
6.9,5.5,6.2,6.3,100.0,7.8,84.3,58.5,7.2,6.5
7.8,6.5,7.2,6.9,100.0,5.8,80.2,79.7,6.2,7.2
5.4,3.4,5.2,3.9,100.0,5.1,40.1,33.7,4.5,4.6
8.1,6.1,5.7,5.8,100.0,8.6,64.2,83.4,6.9,6.4
4.7,6.0,4.8,4.6,100.0,3.7,47.3,39.0,4.3,4.8
4.9,4.8,4.8,3.8,100.0,3.7,69.6,51.2,6.0,4.7
5.7,6.9,6.5,6.7,100.0,8.1,70.0,78.8,5.8,6.4
5.8,7.2,5.1,5.7,100.0,5.4,45.7,47.8,6.1,5.8
4.3,2.5,2.2,2.8,100.0,1.2,23.9,32.3,2.6,3.0
5.7,6.6,7.3,5.8,100.0,8.5,71.9,62.2,7.8,6.7
6.0,8.7,5.6,5.6,100.0,7.9,59.6,94.0,6.9,6.4
5.4,5.6,5.2,6.0,100.0,4.2,22.8,21.7,5.8,5.4
6.3,3.9,5.4,4.9,100.0,7.3,61.9,40.8,6.3,5.3
5.3,6.0,4.5,6.1,100.0,7.5,49.4,46.2,6.2,5.3
6.0,5.3,5.0,5.5,100.0,5.3,66.4,43.0,4.6,5.3
4.6,5.1,4.6,1.9,100.0,7.1,41.8,47.0,4.4,3.9
5.4,3.5,3.8,5.8,100.0,6.4,35.2,57.9,4.0,4.4
5.0,4.2,5.0,5.6,100.0,2.0,25.4,61.2,5.0,4.7
7.2,5.8,6.9,5.7,100.0,5.2,79.8,69.9,6.5,6.4
7.8,5.1,5.5,5.6,100.0,2.4,61.1,58.2,5.0,6.1
5.0,5.3,3.9,3.5,100.0,4.0,40.0,38.4,4.4,4.5
6.0,4.8,5.7,7.5,100.0,4.3,52.7,65.5,5.9,5.9
2.2,1.0,2.6,1.0,100.0,0.5,23.3,20.0,1.0,1.9
6.1,4.7,7.6,5.9,100.0,8.4,56.6,69.1,7.0,6.2
4.8,3.9,1.5,2.3,100.0,0.5,20.2,20.0,3.1,3.1
4.7,5.8,5.4,4.6,100.0,4.7,50.3,32.5,5.2,5.3
3.4,3.3,3.8,4.9,100.0,3.5,47.7,33.5,4.0,3.9
2.8,3.2,4.1,5.0,100.0,2.9,28.4,30.6,2.2,3.7
7.3,6.8,6.0,6.0,100.0,6.9,60.1,61.5,5.8,6.4
5.1,5.9,3.2,4.8,100.0,1.0,41.9,35.3,5.6,4.6
5.0,5.8,5.8,5.5,100.0,4.3,64.2,60.8,6.0,5.6
5.4,4.3,4.3,4.1,100.0,7.2,60.6,53.8,3.8,4.5
4.4,4.0,4.6,7.7,100.0,3.9,43.4,75.9,5.9,5.1
5.2,4.0,4.1,6.3,100.0,7.6,52.3,65.0,4.5,4.8
3.8,3.5,3.9,3.6,100.0,1.0,20.0,20.0,2.0,3.5
7.6,5.6,6.3,7.6,100.0,4.2,73.8,63.0,7.4,6.8
3.8,4.6,5.0,5.5,100.0,2.8,46.8,28.9,4.5,4.8
2.1,2.6,3.6,3.2,100.0,4.4,20.0,20.0,3.3,3.0
3.8,3.5,4.2,4.8,100.0,3.5,58.9,65.5,3.6,4.0
5.7,5.7,6.8,8.1,100.0,7.8,75.9,87.3,6.0,6.2
7.1,7.5,5.7,5.2,100.0,6.4,65.0,56.5,4.9,6.3
5.8,5.4,4.4,6.1,100.0,4.4,43.0,57.2,5.6,5.5
4.8,6.2,3.9,4.4,100.0,6.4,44.7,58.7,3.4,4.5
5.6,5.1,4.9,6.0,100.0,5.7,41.4,26.0,5.8,5.4
7.6,7.1,8.3,7.5,100.0,6.4,73.7,89.7,6.8,7.4
5.4,6.7,4.9,5.8,100.0,5.2,68.0,50.8,4.6,5.4
5.2,5.5,6.4,5.5,100.0,8.3,51.5,60.3,5.5,5.8
6.0,6.4,6.3,5.8,100.0,7.0,60.2,95.6,5.7,6.2
4.0,5.2,5.5,5.0,100.0,3.1,52.3,69.4,5.4,4.9
4.9,1.9,3.5,5.9,100.0,2.5,60.4,44.8,4.1,4.2
4.7,6.3,3.5,2.7,100.0,6.0,58.4,61.3,4.5,4.6
5.5,5.4,5.0,3.8,100.0,5.9,45.0,29.7,4.4,4.7
5.0,5.3,5.5,4.3,100.0,3.6,61.7,54.5,5.6,5.2
5.7,5.8,5.4,4.9,100.0,7.2,62.0,66.2,6.2,5.8
4.4,5.2,6.3,6.4,100.0,7.5,42.3,57.8,5.2,5.5
5.9,5.3,6.4,7.0,100.0,8.3,56.2,55.9,6.6,5.7
5.5,5.5,4.2,5.4,100.0,7.3,62.5,52.6,5.1,5.0
4.2,3.8,5.1,4.5,100.0,6.0,72.0,59.7,5.2,4.8
2.7,2.8,4.4,3.8,100.0,1.7,23.2,20.0,2.5,3.2
6.3,6.6,5.2,4.7,100.0,5.8,58.1,60.6,5.6,5.9
4.8,5.2,5.8,7.3,100.0,5.5,53.9,46.2,4.9,5.8
5.7,6.6,6.0,5.6,100.0,5.2,57.3,71.6,6.3,6.0
1.7,1.0,2.0,1.3,100.0,0.5,20.0,20.3,2.3,1.6
6.6,6.6,8.4,7.1,100.0,10.0,74.2,75.2,7.9,7.1
5.1,5.1,4.6,3.9,100.0,2.4,47.1,37.0,5.2,4.9
5.6,7.0,7.1,8.0,100.0,4.4,67.8,67.8,5.5,6.6
4.6,2.0,5.4,4.4,100.0,4.7,32.9,22.9,4.1,4.1
7.6,6.2,5.8,6.8,100.0,5.4,57.0,56.9,5.4,6.3
3.0,3.2,4.3,2.7,100.0,0.5,41.8,30.9,3.9,3.4
4.7,4.1,3.8,4.4,100.0,4.0,38.4,46.4,4.6,4.2
6.7,6.0,7.3,7.8,100.0,7.6,77.1,81.9,6.5,6.6
5.6,4.0,4.6,5.0,100.0,4.1,45.4,48.8,4.9,4.7
4.2,6.2,5.8,4.2,100.0,6.4,68.7,69.6,5.4,5.3
6.4,6.1,6.9,7.0,100.0,4.3,58.1,65.7,6.8,6.8
4.9,5.2,5.5,5.7,100.0,5.8,63.4,53.3,5.2,5.3
5.0,5.1,6.3,4.3,100.0,4.9,44.8,49.3,5.1,5.2
4.6,5.9,6.5,3.8,100.0,5.6,59.0,47.8,5.6,5.4
8.5,8.3,8.5,8.4,100.0,6.0,91.5,75.9,7.5,8.6
4.3,4.9,4.6,7.1,100.0,4.1,60.0,35.2,4.5,4.9
5.7,6.3,4.8,4.3,100.0,5.3,49.2,64.4,4.8,5.1
6.0,7.2,5.7,6.4,100.0,7.4,54.6,58.6,6.2,6.2
6.2,6.7,7.0,7.3,100.0,9.4,58.7,69.7,7.6,6.8
6.5,6.5,5.6,5.3,100.0,8.0,77.5,64.8,6.4,6.1
5.2,6.4,6.3,5.3,100.0,6.6,80.4,59.3,6.1,5.7
3.8,3.9,2.8,2.9,100.0,5.2,41.2,44.4,3.7,3.6
8.2,8.0,7.6,7.8,100.0,7.0,61.9,76.3,6.7,7.7
3.0,4.5,3.6,4.8,100.0,5.6,40.8,23.6,3.6,3.9
6.3,4.4,6.3,5.5,100.0,7.1,45.1,48.9,5.9,5.9
5.3,3.1,4.9,3.4,100.0,3.2,35.2,47.3,4.1,4.1
4.3,4.2,6.0,4.5,100.0,7.8,50.9,53.9,4.8,4.6
4.2,6.3,6.4,4.8,100.0,6.2,58.5,64.2,5.2,5.5
5.6,3.9,5.5,4.5,100.0,8.8,55.5,52.4,4.7,4.7
5.1,5.9,4.7,5.4,100.0,6.1,50.3,42.4,6.3,5.3
8.4,7.3,6.2,7.4,100.0,6.6,84.8,79.3,6.6,7.2
5.6,6.7,4.0,6.0,100.0,4.5,51.5,59.3,6.6,5.6
4.1,4.9,3.9,4.7,100.0,4.1,58.9,49.1,4.9,4.4
5.2,4.9,6.2,6.2,100.0,5.6,50.9,50.6,7.2,5.8
7.3,5.5,6.0,6.4,100.0,8.7,70.0,61.4,6.3,6.2
3.1,2.4,3.4,2.4,100.0,3.1,20.0,22.2,3.0,2.7
5.8,5.2,6.1,5.9,100.0,3.5,50.6,63.0,6.5,5.8
6.6,5.7,5.6,5.3,100.0,6.4,55.4,64.9,5.4,5.8
4.3,3.5,3.8,3.5,100.0,4.7,60.7,45.1,5.6,4.1
6.6,8.1,6.6,7.0,100.0,6.4,83.7,80.3,7.1,7.3
4.8,3.5,4.2,4.3,100.0,5.2,56.5,62.7,5.9,4.7
5.7,6.4,5.0,5.4,100.0,5.1,52.2,55.4,4.4,5.5
5.3,5.9,5.8,5.5,100.0,5.7,49.3,54.1,5.5,5.7
4.8,5.9,4.8,4.2,100.0,5.9,62.9,44.8,4.5,5.0
3.7,3.0,5.0,3.8,100.0,3.9,40.6,26.3,2.0,3.9
3.0,3.6,4.3,1.7,100.0,0.9,28.6,38.5,3.9,3.4
5.7,5.7,6.5,8.3,100.0,10.0,88.8,65.2,6.9,6.4
4.2,4.9,3.2,2.8,100.0,1.4,45.4,44.3,4.7,3.8
5.3,3.7,3.8,3.4,100.0,3.3,37.6,52.3,3.9,4.3
1.7,2.0,3.2,3.6,100.0,0.5,20.0,24.2,2.4,2.5
3.6,3.1,3.9,4.0,100.0,4.6,34.9,39.6,5.3,4.1
2.7,1.0,4.1,2.4,100.0,3.2,26.8,20.0,3.5,2.6
7.6,6.0,7.8,7.6,100.0,7.2,79.2,76.3,6.6,7.4
6.6,7.3,5.7,6.8,100.0,8.8,73.5,75.2,6.1,6.4
4.0,3.8,3.7,3.6,100.0,5.6,25.2,37.9,4.3,3.9
7.0,7.5,8.2,7.2,100.0,7.9,64.3,94.0,5.7,7.1
6.3,6.8,6.3,5.8,100.0,7.7,55.2,68.4,6.5,6.0
3.4,6.3,4.1,4.4,100.0,6.9,41.1,48.0,5.6,4.8
2.1,3.3,1.7,1.0,100.0,2.9,24.5,20.0,2.0,2.0
8.4,6.8,7.7,7.6,100.0,8.2,81.6,69.8,7.4,7.8
2.3,1.5,2.2,4.9,100.0,0.5,31.7,24.9,3.6,2.6
1.8,5.3,3.6,2.2,100.0,3.0,29.5,21.0,4.3,3.5
7.5,8.4,5.9,5.7,100.0,7.5,55.1,71.1,6.6,6.8
7.4,8.1,5.9,6.9,100.0,7.5,100.0,86.4,8.1,7.1
7.6,5.4,6.6,7.2,100.0,7.1,64.1,81.6,6.4,6.8
5.6,6.6,5.1,6.7,100.0,5.7,74.1,61.3,4.9,6.0
5.6,5.6,6.9,6.8,100.0,8.0,57.7,53.9,5.7,6.2
6.4,5.9,5.6,4.9,100.0,9.1,59.4,54.7,6.1,5.8
5.2,6.8,5.1,6.4,100.0,7.9,50.3,55.4,4.5,5.3
5.4,5.7,5.7,6.6,100.0,5.3,56.2,55.8,4.8,5.5
4.8,4.0,4.6,5.6,100.0,6.9,74.1,47.8,6.0,4.8
3.9,4.6,4.4,5.3,100.0,5.9,53.2,38.3,4.7,4.5
4.4,4.7,4.5,3.7,100.0,3.8,41.4,48.8,2.3,4.3
4.5,5.2,3.9,4.9,100.0,7.7,39.1,47.3,5.8,4.6
2.8,3.2,1.9,4.1,100.0,1.4,30.5,27.4,2.3,2.5
3.9,5.8,6.1,5.2,100.0,5.8,50.1,40.3,4.5,4.8
5.1,3.5,4.2,2.7,100.0,4.8,34.5,24.8,4.6,4.0
4.4,3.8,3.5,3.3,100.0,2.9,38.4,31.8,3.1,3.7
6.0,2.0,5.2,6.3,100.0,6.1,34.5,32.4,3.8,4.8
6.4,6.2,7.0,7.0,100.0,8.5,69.9,78.7,6.8,6.4
4.7,6.8,6.8,6.2,100.0,6.7,51.8,56.7,6.7,5.9
4.7,2.7,2.6,2.6,100.0,3.4,26.7,23.8,2.8,3.3
3.8,3.4,4.1,4.9,100.0,3.7,27.9,39.4,3.7,4.1
5.5,5.1,5.8,7.6,100.0,7.6,57.6,61.9,5.3,5.5
4.2,4.8,3.7,4.9,100.0,3.2,21.9,23.6,3.1,4.0
5.7,5.3,4.8,6.0,100.0,4.2,57.8,61.7,4.5,5.5
5.6,6.5,5.7,5.3,100.0,5.9,51.5,42.9,6.1,5.9
4.9,2.2,4.4,3.4,100.0,5.3,29.2,20.0,3.9,3.7
6.0,5.0,5.5,5.0,100.0,2.5,66.9,60.3,5.9,5.7
2.5,3.1,2.3,3.4,100.0,1.6,35.7,20.0,4.6,3.0
3.7,4.0,3.3,5.5,100.0,7.5,20.6,53.5,4.9,4.1
6.1,4.8,5.1,6.4,100.0,5.9,68.7,58.6,4.2,5.4
1.0,2.8,4.4,3.6,100.0,2.0,42.6,28.9,2.9,3.0
5.4,6.3,4.9,4.3,100.0,6.9,72.2,50.9,6.2,5.3
3.8,3.1,4.8,3.5,100.0,3.8,56.4,41.5,4.9,4.0
5.3,7.4,5.3,5.9,100.0,2.7,47.3,54.5,4.5,5.7
5.0,5.7,4.9,6.0,100.0,5.9,52.9,44.6,4.9,5.3
6.4,6.6,6.8,6.6,100.0,6.0,56.0,82.5,5.0,6.7
4.7,6.0,6.2,6.8,100.0,5.3,43.2,44.5,5.0,6.1
3.6,3.1,4.8,3.5,100.0,4.8,32.5,48.6,4.0,3.8
7.0,4.5,4.6,4.1,100.0,5.4,45.6,61.9,4.9,5.4
7.1,5.5,7.6,5.1,100.0,3.3,59.8,49.3,6.5,6.3
4.1,6.4,5.1,4.4,100.0,5.1,46.3,54.5,4.1,4.9
6.3,5.0,4.6,5.5,100.0,5.7,45.7,41.7,4.5,5.1
3.8,4.6,5.2,3.8,100.0,1.8,36.6,37.7,3.3,4.2
4.3,3.6,3.9,2.8,100.0,1.7,55.1,35.5,5.0,4.4
3.3,3.8,4.5,4.1,100.0,1.3,50.6,22.0,4.1,3.9
6.6,8.7,6.5,5.6,100.0,8.7,71.7,77.8,7.4,6.8
4.3,4.5,4.5,2.6,100.0,0.5,34.7,20.0,3.7,3.9
4.3,4.1,4.3,2.7,100.0,5.2,31.2,48.9,3.3,3.8
3.8,4.8,5.1,4.3,100.0,4.5,46.9,28.4,4.3,4.3
5.0,6.6,7.4,6.2,100.0,6.0,58.7,50.8,5.3,6.2
3.9,5.1,3.8,6.3,100.0,2.3,38.5,43.1,4.7,4.6
5.2,7.6,7.4,7.3,100.0,5.7,88.7,65.0,6.3,6.9
4.2,5.3,3.2,5.5,100.0,5.2,26.3,43.5,3.8,4.3
4.4,5.2,4.6,5.6,100.0,7.3,29.7,55.0,5.4,4.8
3.8,4.6,3.4,3.1,100.0,2.2,44.8,21.2,4.5,3.8
8.7,7.2,7.9,7.7,100.0,9.9,78.5,92.0,8.9,8.0
4.5,2.7,3.6,4.1,100.0,4.2,25.7,29.4,4.0,3.7
5.3,5.1,5.3,6.0,100.0,5.5,82.0,57.1,7.0,5.6
5.7,5.7,5.9,5.3,100.0,4.8,66.8,81.5,5.9,5.7
7.0,3.9,5.9,5.9,100.0,4.7,55.6,69.1,6.8,6.1
5.2,5.6,5.3,4.0,100.0,7.5,40.1,49.3,5.1,5.4
4.6,2.2,5.6,3.9,100.0,5.1,52.5,34.3,5.0,4.3
3.9,7.7,6.4,4.1,100.0,7.1,33.3,37.1,4.9,5.3
5.1,6.3,4.8,4.8,100.0,5.1,42.6,59.4,5.0,5.2
6.8,5.9,5.8,5.1,100.0,5.8,64.1,60.4,6.5,6.2
7.1,7.7,8.1,7.3,100.0,9.2,85.3,81.5,6.6,7.5
4.6,4.6,3.5,5.1,100.0,7.4,40.2,30.2,4.8,4.5
3.1,2.8,2.9,2.5,100.0,2.0,22.5,33.9,2.3,2.7
4.7,5.1,5.6,4.5,100.0,6.2,57.9,60.1,5.4,4.9
6.1,8.0,8.0,8.2,100.0,9.2,72.2,100.0,8.5,7.7
3.9,3.9,3.2,4.3,100.0,1.6,35.2,33.5,5.1,3.9
7.7,7.1,5.9,6.5,100.0,5.3,69.4,81.0,6.3,6.9
6.5,5.8,7.0,7.7,100.0,6.8,85.3,74.2,6.3,6.5
4.4,4.4,5.2,4.9,100.0,4.7,37.1,50.5,5.1,5.0
5.1,5.8,6.5,6.7,100.0,7.2,62.9,58.5,4.9,5.9
7.2,7.1,7.0,6.9,100.0,5.1,77.8,66.2,6.1,6.7
4.4,4.3,6.0,4.1,100.0,5.4,26.0,57.5,4.7,4.8
4.0,5.8,4.7,4.2,100.0,4.5,46.3,47.9,4.7,4.6
5.4,4.0,4.2,4.6,100.0,4.1,23.8,37.8,4.4,4.5
4.5,4.0,1.9,3.5,100.0,4.4,38.3,36.6,4.2,3.5
3.7,5.5,3.9,3.7,100.0,6.6,33.0,32.9,4.6,4.2
3.9,3.5,4.1,3.1,100.0,3.6,43.5,35.8,3.5,3.7
5.5,5.2,6.2,4.4,100.0,3.0,48.7,48.5,5.1,5.1
4.6,4.0,3.5,4.3,100.0,3.6,30.7,30.5,4.0,4.2
3.9,6.5,5.6,4.0,100.0,6.6,65.5,77.3,5.3,5.1
3.9,2.9,3.9,3.4,100.0,4.0,20.0,20.0,2.1,3.4
4.9,6.6,5.4,6.0,100.0,6.5,63.9,58.5,5.9,5.8
5.7,5.9,4.4,5.5,100.0,5.5,67.2,63.1,6.8,5.5
4.7,1.8,2.8,4.3,100.0,0.5,20.0,20.0,3.1,3.4
5.7,6.1,6.0,5.5,100.0,6.4,42.3,52.2,5.9,5.6
6.2,6.2,5.8,5.1,100.0,5.0,80.8,55.0,5.8,5.8
1.8,4.1,3.4,3.3,100.0,4.2,36.9,52.5,2.5,3.1
8.1,4.4,6.2,7.1,100.0,8.5,67.4,72.4,7.6,6.6
4.4,5.5,3.7,5.9,100.0,4.9,58.7,54.5,5.5,4.9
3.4,3.7,4.9,3.9,100.0,3.8,49.5,58.9,4.3,4.3
4.7,3.9,4.9,4.0,100.0,5.2,50.3,40.9,5.1,4.5
6.8,5.1,6.8,4.7,100.0,4.9,60.8,71.3,5.9,6.1
5.7,4.5,5.7,4.5,100.0,3.0,61.5,57.1,5.6,5.3
5.5,5.6,5.4,5.2,100.0,5.7,73.5,38.3,5.6,5.5
4.1,2.6,3.8,2.9,100.0,3.7,35.0,32.5,2.5,3.3
4.7,5.5,5.6,4.6,100.0,7.3,39.2,56.9,5.7,5.0
3.4,4.6,4.0,3.9,100.0,1.7,20.0,29.2,3.7,3.8
4.9,5.1,5.1,6.3,100.0,6.4,41.4,48.7,3.9,5.0
4.7,4.7,4.7,4.6,100.0,1.9,27.1,30.4,3.1,4.4
4.9,5.2,3.9,5.3,100.0,1.9,22.1,31.8,4.8,4.4
6.9,7.7,5.8,7.3,100.0,6.4,87.0,65.5,7.3,6.9
6.0,8.1,6.3,7.0,100.0,5.2,71.7,86.0,4.4,6.4
6.3,5.3,5.9,5.4,100.0,3.9,53.9,50.1,6.0,5.8
3.6,3.0,2.8,3.8,100.0,6.3,33.3,28.8,3.5,3.1
3.8,5.4,3.7,4.3,100.0,3.8,27.4,45.5,4.7,4.2
6.1,7.1,6.8,6.3,100.0,10.0,79.8,53.6,6.6,6.6
5.2,5.9,4.9,5.2,100.0,3.7,32.6,56.4,4.6,5.0
8.5,9.0,7.7,8.4,100.0,5.9,89.9,71.9,8.3,8.4
5.3,5.5,5.2,5.8,100.0,7.5,37.5,45.0,5.0,5.4
4.3,5.6,6.3,5.1,100.0,4.2,48.7,41.5,5.8,5.4
4.7,3.7,5.5,4.7,100.0,4.7,57.8,29.0,5.3,4.9
5.3,7.2,4.3,5.5,100.0,3.2,35.7,64.7,4.5,5.2
5.0,4.5,4.4,5.4,100.0,4.7,46.2,52.9,4.2,4.8
6.6,5.6,6.5,4.5,100.0,4.0,66.9,69.8,5.9,6.0
7.0,5.8,6.6,5.2,100.0,6.3,69.0,72.7,7.2,6.2
3.6,3.4,4.0,5.0,100.0,3.1,38.9,36.5,3.6,3.8
2.9,2.7,2.6,3.3,100.0,3.3,35.0,29.7,3.1,3.1
2.0,2.3,2.3,2.4,100.0,3.2,20.0,32.6,3.0,2.6
6.2,4.3,5.2,5.4,100.0,6.1,76.9,74.0,6.1,5.6
4.8,2.9,3.9,3.4,100.0,4.0,20.0,20.9,4.1,3.7
2.2,4.3,3.6,2.9,100.0,1.6,29.3,42.9,2.4,3.4
5.3,6.2,5.0,4.5,100.0,4.9,57.7,42.7,5.2,5.4
9.0,8.9,7.3,8.0,100.0,9.4,93.6,82.8,8.2,8.3
5.4,6.1,4.9,5.2,100.0,4.8,57.9,50.6,2.7,5.4
6.4,7.8,6.7,6.4,100.0,6.1,68.1,64.2,7.4,6.7
4.1,3.4,4.1,5.3,100.0,5.7,43.1,70.9,5.0,4.4
5.4,3.7,5.9,5.3,100.0,3.3,45.7,58.6,5.0,5.0
5.4,5.3,6.0,5.6,100.0,8.5,49.3,67.9,7.6,5.7
3.7,4.2,4.1,3.8,100.0,4.2,42.7,56.0,4.1,4.4
5.0,5.0,4.2,7.5,100.0,5.6,57.2,57.5,7.0,5.5
4.9,5.0,5.9,5.1,100.0,5.4,60.9,48.1,5.9,5.6
4.0,4.4,4.1,4.0,100.0,5.0,43.9,44.8,4.5,4.3
5.0,6.2,6.3,6.8,100.0,7.0,47.3,65.6,6.7,6.1
5.6,4.1,4.1,6.2,100.0,4.7,41.8,38.9,4.2,4.7
5.0,2.0,3.9,3.6,100.0,6.0,32.0,51.3,2.9,3.8
4.1,4.7,5.3,4.8,100.0,1.0,44.9,57.5,4.8,4.7
4.7,3.4,3.8,2.8,100.0,5.5,28.2,25.3,4.7,3.9
4.4,4.8,4.6,6.4,100.0,6.4,50.4,40.8,4.4,4.8
5.7,3.9,3.9,4.1,100.0,2.2,64.0,55.2,3.8,4.5
6.2,5.8,8.3,6.3,100.0,8.0,56.8,76.8,6.2,6.6
5.6,4.5,4.6,4.7,100.0,7.3,45.8,61.9,6.0,5.0
4.8,4.8,5.1,3.7,100.0,5.8,43.6,54.5,5.0,4.7
7.0,5.0,4.7,5.7,100.0,3.9,65.6,54.2,6.4,5.5
5.7,5.9,5.2,5.8,100.0,8.1,83.1,71.8,7.5,6.0
6.2,4.4,5.7,5.1,100.0,7.3,57.5,55.1,6.1,5.5
5.9,4.9,5.1,6.8,100.0,4.2,35.7,48.2,4.9,4.9
4.0,2.6,4.3,3.8,100.0,3.7,20.0,29.2,3.0,3.4
5.6,4.6,4.0,4.5,100.0,2.9,35.9,27.4,4.3,4.5
4.2,5.0,4.5,5.4,100.0,5.9,55.4,52.9,4.8,4.9
5.0,4.2,3.6,4.2,100.0,3.6,59.0,30.8,3.6,4.4
4.7,4.0,5.9,4.4,100.0,3.8,35.4,34.2,5.7,4.8
6.1,5.4,5.7,5.3,100.0,5.0,52.2,43.0,5.3,5.6
5.6,6.3,4.7,5.8,100.0,3.8,47.6,66.8,6.1,5.7
4.6,5.1,4.9,4.4,100.0,4.7,40.0,52.3,4.6,4.6
6.6,7.1,5.7,5.7,100.0,6.3,47.5,39.5,6.4,6.1
4.7,5.5,4.8,4.5,100.0,6.4,47.6,56.9,3.9,4.9
1.5,3.5,3.2,2.5,100.0,2.4,20.0,20.0,3.8,2.9
3.5,4.0,4.5,3.6,100.0,1.4,60.7,31.7,2.5,3.8
5.3,5.5,4.7,3.7,100.0,6.8,43.2,45.4,3.8,4.8
4.7,2.8,3.3,1.5,100.0,5.3,41.7,20.0,3.7,3.4
5.8,5.3,6.8,4.9,100.0,6.1,52.4,60.7,5.3,5.6
7.9,7.2,7.5,8.4,100.0,6.2,95.3,60.3,6.6,7.8
5.4,6.8,6.5,6.2,100.0,6.0,71.7,64.8,6.1,6.1
4.4,5.2,3.6,5.4,100.0,4.4,55.2,43.3,4.2,4.7
6.6,7.8,7.0,4.9,100.0,7.7,66.5,80.1,7.0,6.7
5.1,3.8,5.7,4.3,100.0,4.8,62.0,52.6,5.1,4.9
4.7,3.7,2.6,3.4,100.0,3.2,48.3,52.0,5.2,3.8
4.8,4.5,4.4,4.1,100.0,5.6,37.0,28.8,4.3,4.3
4.3,3.9,4.3,6.8,100.0,4.9,34.7,44.4,4.3,4.5
4.6,7.8,4.4,4.9,100.0,2.8,41.8,49.5,5.1,5.2
5.2,5.7,4.6,6.7,100.0,5.7,49.3,65.0,3.9,5.2
4.5,5.1,5.1,5.0,100.0,5.5,61.1,41.0,3.3,4.6
4.9,4.5,6.0,6.2,100.0,3.9,47.7,41.6,3.9,5.2
5.4,5.1,5.2,7.3,100.0,7.4,37.3,61.6,5.3,5.6
6.3,6.5,7.1,6.3,100.0,7.0,74.3,84.0,6.7,6.5
6.2,6.2,5.6,5.7,100.0,6.1,77.2,67.1,4.2,5.9
3.3,2.8,3.8,2.1,100.0,2.6,20.0,20.0,3.2,3.2
1.6,1.7,1.9,1.7,100.0,1.8,29.7,20.0,1.7,1.6
7.1,7.4,6.4,6.2,100.0,6.3,78.0,65.4,6.2,6.7
2.4,4.7,3.4,5.1,100.0,2.8,23.2,33.1,2.0,3.3
4.2,5.0,5.2,3.6,100.0,6.3,35.5,44.4,6.6,4.8
5.8,2.3,1.7,3.6,100.0,1.1,43.0,21.7,3.6,3.5
2.0,3.4,1.8,1.2,100.0,0.5,20.0,34.0,2.0,1.9
4.6,7.1,6.0,5.3,100.0,7.0,51.4,54.6,5.7,5.6
6.5,7.2,4.4,6.2,100.0,9.8,48.2,66.7,7.0,6.1
2.6,5.0,3.9,4.8,100.0,5.4,41.4,23.6,3.4,3.9
1.7,3.3,1.9,2.4,100.0,3.9,25.8,23.1,1.0,2.4
6.1,4.4,3.7,4.7,100.0,3.5,45.6,35.0,4.3,4.5
4.2,6.1,5.0,6.0,100.0,4.6,66.1,69.3,5.4,5.3
1.6,2.6,3.4,3.3,100.0,3.5,24.3,33.9,3.7,2.6
4.0,5.5,5.9,4.3,100.0,6.7,53.7,38.5,6.3,5.1
5.7,6.3,4.3,3.4,100.0,3.0,37.5,52.2,5.5,5.0
6.6,5.1,5.3,5.2,100.0,5.5,57.7,75.3,4.7,5.6
4.7,4.3,4.6,5.0,100.0,5.1,44.3,45.8,4.4,4.5
4.4,3.9,2.1,4.9,100.0,2.5,33.8,52.0,3.3,3.8
7.5,6.2,6.5,6.3,100.0,6.0,65.7,71.8,7.0,6.6
6.2,5.4,5.5,4.6,100.0,6.0,44.5,61.0,5.2,5.3
4.8,4.5,5.7,5.3,100.0,5.7,70.7,51.2,5.9,5.3
2.0,5.5,3.3,3.6,100.0,4.8,53.7,34.8,4.3,3.9
3.8,3.2,3.6,5.2,100.0,4.8,57.5,61.7,4.0,3.7
3.6,5.1,4.0,5.7,100.0,2.4,54.7,43.9,3.8,4.3
4.6,4.1,5.4,6.7,100.0,5.4,61.6,45.1,3.7,5.0
6.9,5.3,7.2,7.1,100.0,6.1,75.5,79.9,7.5,6.9
4.2,3.6,3.6,3.7,100.0,2.5,28.2,23.8,2.9,3.7
4.1,2.8,3.9,4.5,100.0,1.0,28.2,26.9,3.9,3.7
6.6,5.7,6.2,6.6,100.0,6.3,70.0,84.0,7.2,6.4
5.6,3.1,4.6,5.3,100.0,4.8,36.5,45.2,6.1,4.8
4.5,4.2,5.4,3.2,100.0,3.3,42.9,31.2,4.5,4.4
6.3,7.2,6.1,6.0,100.0,5.2,49.9,55.9,6.5,6.5
5.0,4.8,3.4,5.3,100.0,5.8,42.3,41.7,4.1,4.5
7.2,7.2,6.7,6.6,100.0,7.6,67.4,69.3,6.9,6.7
7.5,6.3,5.1,5.7,100.0,5.2,59.4,45.8,5.6,6.1
3.3,4.4,4.7,3.0,100.0,2.6,44.6,30.7,5.1,4.0
7.2,6.2,6.9,9.0,100.0,5.4,78.8,94.1,6.6,7.3
4.2,2.9,4.5,5.4,100.0,3.8,24.5,39.5,4.3,3.9
6.2,5.7,5.4,6.1,100.0,4.0,49.3,61.7,4.7,5.6
6.4,5.2,3.8,5.8,100.0,6.5,59.1,44.8,5.6,5.3
6.5,7.4,6.8,6.9,100.0,7.0,64.0,63.7,6.2,7.1
5.7,7.6,7.0,8.1,100.0,9.7,79.0,67.3,7.2,7.3
5.7,5.6,5.4,4.6,100.0,5.4,50.6,47.7,4.5,5.3
4.7,3.8,3.6,4.7,100.0,2.8,36.7,22.1,3.9,4.2
4.0,4.2,5.0,6.5,100.0,2.9,60.4,67.8,6.0,5.0
4.2,4.6,4.5,5.3,100.0,5.2,33.1,39.7,4.3,4.4
6.1,7.9,8.5,5.4,100.0,6.1,84.2,82.2,8.5,7.3
4.6,2.9,5.2,4.6,100.0,4.6,47.9,61.2,4.8,4.6
3.8,3.8,4.9,3.7,100.0,7.0,69.9,52.9,4.2,4.3
5.9,4.6,5.0,5.4,100.0,6.2,41.4,47.0,6.1,5.6
3.5,3.5,2.3,1.6,100.0,3.6,26.2,35.8,3.1,2.8
2.8,3.1,4.5,2.0,100.0,5.0,32.3,41.4,3.5,3.3
7.1,6.4,7.1,8.4,100.0,8.2,54.5,71.2,6.7,7.0
3.1,4.0,4.7,4.8,100.0,6.4,47.4,50.8,4.1,3.9
4.0,3.6,3.6,3.9,100.0,2.5,30.0,42.3,3.5,3.9
5.0,5.0,6.1,6.0,100.0,5.2,34.3,65.3,5.1,5.3
6.1,5.8,7.1,6.6,100.0,5.4,74.7,81.4,7.4,6.6
6.3,4.8,7.0,6.7,100.0,6.0,54.4,61.1,5.8,6.0
6.6,6.6,6.9,5.6,100.0,6.3,63.9,65.5,5.8,6.7
5.2,4.6,4.1,4.3,100.0,1.2,45.4,46.8,3.9,4.7
3.2,2.6,2.4,3.5,100.0,1.9,25.0,26.9,3.5,3.0
7.0,8.3,6.9,5.9,100.0,9.4,68.8,77.3,7.9,7.0
4.3,4.3,4.8,5.7,100.0,4.9,69.8,39.6,4.5,4.9
4.8,6.2,5.2,4.3,100.0,5.7,24.7,23.4,4.1,5.1
6.9,6.0,7.6,7.5,100.0,6.8,57.1,75.9,8.0,6.9
5.6,3.7,5.6,5.8,100.0,3.0,47.4,42.9,5.8,5.2
4.1,5.9,7.1,7.0,100.0,5.5,74.7,49.8,5.5,5.9
7.9,7.8,6.3,6.7,100.0,9.8,76.0,90.7,7.6,7.4
4.5,4.3,4.5,3.3,100.0,2.3,42.7,48.7,3.3,4.1
5.6,5.5,5.5,5.3,100.0,7.5,59.2,75.7,6.1,5.7
4.0,5.0,3.7,5.2,100.0,2.5,56.9,30.7,5.6,4.4
6.5,4.8,5.2,6.7,100.0,5.4,53.9,57.0,6.2,5.6
7.2,6.5,5.8,8.2,100.0,8.1,75.5,70.4,6.6,7.1
5.4,6.4,5.5,3.6,100.0,5.3,70.5,67.5,5.7,5.3
4.7,5.8,5.7,5.9,100.0,9.5,62.5,72.8,6.5,5.5
5.6,6.9,7.1,3.5,100.0,5.9,58.7,53.0,6.3,6.1
5.6,4.3,3.5,5.3,100.0,3.6,47.6,44.7,5.1,4.6
4.1,3.7,4.6,5.0,100.0,4.0,61.6,45.7,4.3,4.3
3.3,2.6,3.8,3.7,100.0,2.3,40.0,30.9,3.3,3.4
3.0,2.3,3.4,2.7,100.0,0.5,22.0,38.0,2.0,2.5
6.8,4.3,7.2,7.5,100.0,6.4,67.1,76.8,8.2,6.8
4.9,3.1,2.7,3.0,100.0,4.5,40.7,30.4,1.8,3.4
5.8,4.7,3.9,5.1,100.0,4.2,55.4,35.9,4.3,4.7
4.3,5.2,3.7,4.5,100.0,7.1,49.0,47.4,3.7,4.1
4.9,5.1,5.7,6.2,100.0,4.8,55.8,24.4,6.1,5.3
3.9,6.3,7.0,5.9,100.0,7.3,90.6,59.8,7.0,5.7
4.8,3.9,5.6,5.3,100.0,7.1,71.5,75.6,5.5,5.1
3.2,4.2,4.8,2.9,100.0,3.4,53.7,27.3,6.3,4.2
4.9,3.2,3.7,3.2,100.0,3.4,48.2,31.3,5.8,4.2
5.1,4.2,5.5,6.5,100.0,2.8,52.9,65.4,5.5,5.4
3.6,4.5,5.2,4.3,100.0,5.5,52.6,58.8,5.8,4.7
6.7,8.2,5.9,7.2,100.0,9.2,72.8,60.6,6.5,7.1
6.0,5.9,5.4,7.2,100.0,3.4,56.9,74.7,5.4,6.1
6.3,5.9,6.4,5.4,100.0,5.5,65.7,65.3,6.2,6.2
4.3,5.8,3.7,5.2,100.0,5.0,54.8,70.4,5.3,4.8
6.3,5.7,7.4,6.3,100.0,7.6,69.8,59.7,5.5,6.5
4.1,4.7,5.5,5.2,100.0,4.8,53.5,67.6,4.5,4.8
4.2,3.9,4.0,5.1,100.0,5.0,40.2,27.9,3.3,4.1
6.1,4.1,5.2,6.9,100.0,5.0,49.9,52.9,5.8,5.8
3.5,4.8,3.0,4.8,100.0,2.2,20.2,45.1,4.0,3.8
3.8,4.0,4.8,5.6,100.0,3.5,39.0,38.2,3.2,4.2
5.3,6.5,5.6,5.5,100.0,5.3,62.8,43.6,6.0,5.7
4.7,7.4,6.5,6.7,100.0,7.6,78.2,69.9,7.4,6.3
5.3,3.4,5.8,4.8,100.0,4.5,43.4,47.1,4.6,4.8
5.2,4.8,5.9,4.2,100.0,6.1,60.1,47.0,6.6,5.4
7.8,6.2,8.4,8.1,100.0,6.4,86.9,87.9,7.7,7.7
4.4,3.5,5.4,5.8,100.0,4.9,61.1,77.5,4.5,4.9
7.6,7.1,7.6,8.1,100.0,7.7,81.1,79.8,7.7,7.9
4.5,8.0,5.5,5.7,100.0,4.6,51.7,60.5,5.5,5.7
2.1,3.5,3.2,1.6,100.0,4.3,27.9,20.0,2.8,2.7
5.0,7.7,6.6,5.0,100.0,5.1,77.6,84.2,4.1,5.7
6.3,6.3,4.4,5.8,100.0,5.1,55.9,60.6,4.9,5.4
6.0,5.8,6.6,6.1,100.0,8.5,67.7,78.6,6.1,6.1
5.9,5.4,7.0,5.6,100.0,7.1,46.4,71.9,7.2,6.2
4.5,5.4,4.7,4.7,100.0,7.3,44.3,49.2,5.0,4.9
2.5,4.0,4.2,2.9,100.0,3.9,24.5,29.8,3.0,3.5
4.6,4.2,5.1,3.9,100.0,3.8,47.1,62.1,4.4,4.7
4.5,2.5,4.7,2.6,100.0,6.8,22.1,45.0,4.3,4.0
3.3,7.5,3.7,4.2,100.0,5.0,38.0,32.8,4.0,4.4
6.4,5.6,5.1,6.3,100.0,5.7,48.7,51.6,5.3,5.6
6.3,6.7,7.0,5.6,100.0,7.6,84.5,71.2,6.6,6.7
5.1,5.6,4.4,5.5,100.0,5.9,47.3,67.5,5.8,5.3
4.0,3.3,3.4,3.8,100.0,2.9,26.3,46.8,2.6,3.5
5.0,5.7,5.7,4.7,100.0,3.6,59.5,78.2,4.8,5.3
6.5,7.7,7.7,7.7,100.0,9.2,63.4,60.9,5.8,7.1
4.0,4.1,4.6,3.9,100.0,4.1,64.4,42.3,3.5,4.2
4.9,3.7,5.3,4.8,100.0,5.1,57.3,44.0,4.2,4.8
3.1,4.9,5.9,4.9,100.0,8.1,50.4,48.4,5.7,4.7
2.6,3.6,3.4,2.5,100.0,2.8,41.9,47.5,4.8,3.2
6.3,7.1,5.7,6.7,100.0,7.0,36.2,59.3,6.0,6.3
5.7,6.0,6.6,4.0,100.0,3.6,60.5,61.3,5.0,5.5
4.8,5.6,5.4,5.3,100.0,6.1,61.4,51.1,5.0,5.3
3.7,2.7,4.7,4.5,100.0,4.0,36.0,44.1,2.4,3.8
4.7,3.3,5.2,5.8,100.0,5.5,49.1,39.0,4.6,4.7
6.4,5.9,4.8,4.9,100.0,7.9,67.7,42.5,6.1,5.5
2.9,4.9,4.8,4.2,100.0,3.6,40.2,34.2,4.1,4.4
6.4,6.7,7.2,8.3,100.0,9.7,79.7,77.1,6.3,7.0
4.3,4.1,4.8,4.9,100.0,6.6,54.5,63.2,3.6,4.4
5.8,4.7,4.7,5.9,100.0,5.0,57.9,48.8,5.4,5.3
8.1,6.1,5.3,5.2,100.0,6.4,61.5,62.3,6.2,6.5
3.1,1.0,3.0,3.0,100.0,2.1,31.7,33.6,4.2,2.8
1.8,1.8,2.8,2.7,100.0,1.9,37.4,20.0,2.3,2.6
3.5,2.6,4.0,2.4,100.0,0.9,35.0,22.3,3.0,3.1
7.6,7.7,7.8,5.0,100.0,8.1,57.3,69.7,6.5,6.9
4.4,3.6,5.3,3.9,100.0,1.1,47.6,37.4,3.9,4.0
7.3,8.2,8.7,9.0,100.0,7.8,92.9,70.5,8.7,8.6
5.1,4.5,3.6,4.4,100.0,4.1,53.2,35.0,5.2,4.3
5.8,6.5,4.9,6.4,100.0,7.2,53.1,58.9,4.4,5.7
6.0,8.1,7.0,7.0,100.0,6.5,69.4,79.6,6.5,7.2
7.7,7.4,7.0,6.7,100.0,8.7,66.4,93.5,8.4,7.5
8.3,7.0,7.9,8.6,100.0,8.0,74.0,93.5,7.7,7.9
7.4,5.8,7.0,6.6,100.0,8.2,80.2,59.1,6.5,7.0
6.2,6.0,6.6,7.1,100.0,7.1,67.3,57.9,6.5,6.3
5.4,5.3,6.4,4.8,100.0,7.1,57.9,51.9,6.2,5.7
6.9,6.5,5.3,6.8,100.0,5.3,74.6,60.2,6.2,6.3
3.4,4.7,5.0,5.3,100.0,2.7,52.6,35.5,4.5,4.5
4.4,4.6,3.5,4.3,100.0,4.3,30.4,36.0,4.0,4.1
3.9,6.2,4.3,4.3,100.0,4.3,62.0,41.2,6.0,5.0
5.6,6.6,5.2,4.8,100.0,4.8,30.9,55.3,4.6,5.6
4.2,4.6,5.3,5.0,100.0,4.8,47.8,33.7,4.5,4.7
6.9,6.9,6.2,6.0,100.0,7.9,63.9,50.5,7.0,6.4
6.5,5.8,6.2,6.7,100.0,7.6,75.8,69.5,6.4,6.2
4.1,6.2,5.3,6.0,100.0,4.1,55.1,58.5,5.1,5.6
7.9,7.8,6.9,6.2,100.0,5.5,69.7,69.9,7.2,7.5
4.9,4.6,2.8,2.6,100.0,5.8,31.2,41.6,3.8,3.6
5.5,4.9,3.9,4.7,100.0,2.3,74.0,55.1,4.2,5.1
3.5,3.5,4.1,3.8,100.0,3.2,40.1,58.2,4.3,3.7
2.5,1.4,2.8,3.5,100.0,3.2,28.0,29.3,2.2,2.6
5.0,4.9,4.9,4.0,100.0,7.3,28.5,65.8,6.2,4.7
4.3,6.3,5.3,5.8,100.0,4.5,39.9,48.8,5.0,5.6
8.2,6.5,6.7,8.0,100.0,7.3,77.9,86.7,6.1,7.1
5.9,6.5,6.2,5.8,100.0,4.6,43.3,73.7,5.5,5.8
1.6,4.6,3.7,3.8,100.0,3.7,40.1,33.2,4.3,3.4
7.5,7.0,8.5,6.5,100.0,6.1,70.6,70.9,6.4,7.7
6.2,7.7,6.5,6.0,100.0,5.7,58.0,63.2,8.4,6.8
5.6,2.9,7.4,5.3,100.0,7.0,51.4,62.9,4.7,5.2
4.4,3.6,5.0,6.0,100.0,4.0,61.9,35.1,5.4,4.7
4.5,3.0,3.7,3.8,100.0,4.9,38.9,31.1,3.5,3.5
5.4,3.8,3.9,3.4,100.0,4.2,35.3,56.4,4.0,4.3
6.5,6.6,5.3,6.5,100.0,4.6,74.1,73.0,6.7,6.1
7.0,7.5,6.5,8.0,100.0,9.6,86.6,54.7,6.9,7.3
6.8,7.2,6.2,6.8,100.0,5.3,69.3,59.8,8.0,7.0
4.4,5.0,4.7,5.7,100.0,3.4,52.3,64.3,3.4,4.7
3.0,2.7,3.3,4.3,100.0,3.0,43.3,45.0,4.1,3.6
5.6,4.0,5.3,4.2,100.0,6.7,60.6,46.3,5.0,5.1
3.2,3.3,3.8,2.4,100.0,1.6,20.0,20.0,3.1,3.2
6.6,4.8,5.3,5.6,100.0,4.1,43.1,42.4,5.8,5.5
5.8,3.3,6.3,3.4,100.0,5.0,30.9,52.9,3.6,4.8
3.9,5.4,3.6,4.7,100.0,4.0,36.5,62.8,4.6,4.4
3.7,4.4,3.0,1.5,100.0,1.9,22.4,45.2,3.9,3.4
4.9,7.1,5.2,6.5,100.0,6.1,54.8,41.9,6.0,5.8
4.9,4.5,5.0,5.2,100.0,2.4,41.5,39.1,4.1,4.8
3.2,4.2,2.0,4.0,100.0,0.7,49.8,23.9,2.6,3.3
1.0,2.9,1.0,1.0,100.0,3.9,20.0,20.0,1.9,1.8
5.2,4.4,4.9,5.1,100.0,5.1,49.1,36.3,6.3,4.9
5.0,8.2,8.2,6.7,100.0,7.9,58.4,71.1,7.6,6.8
5.6,7.3,7.2,6.1,100.0,6.3,97.2,66.2,7.8,6.8
4.3,5.3,3.5,4.2,100.0,5.7,30.0,48.4,5.1,4.2
4.3,4.5,3.4,4.9,100.0,3.3,33.9,35.8,4.0,4.2
5.3,6.8,6.8,5.6,100.0,1.5,64.0,53.3,5.6,5.9
2.5,4.0,3.4,5.1,100.0,2.7,37.5,40.1,4.4,3.5
4.7,3.9,4.7,6.0,100.0,5.0,71.0,71.0,4.2,5.1
6.2,7.3,7.0,6.5,100.0,5.9,68.7,82.6,6.4,6.7
6.9,5.6,7.2,5.1,100.0,6.5,67.6,73.0,7.4,6.3
4.9,6.1,5.8,4.6,100.0,3.9,58.9,47.6,4.8,5.3
5.7,4.7,4.1,3.8,100.0,3.6,58.6,60.1,5.3,4.9
4.3,5.1,2.8,3.8,100.0,3.2,30.2,48.5,3.5,4.1
3.4,5.1,4.1,3.4,100.0,1.3,47.2,46.4,4.0,3.8
4.5,5.1,5.0,4.4,100.0,1.7,44.4,30.8,4.5,4.6
4.3,5.9,5.7,6.4,100.0,5.7,54.5,67.6,5.8,5.5
6.0,6.5,7.2,6.5,100.0,6.5,65.1,67.3,6.0,6.5
4.9,2.1,2.8,4.9,100.0,5.1,34.1,29.0,2.8,3.3
7.3,6.9,7.4,5.4,100.0,6.9,68.0,65.7,6.3,6.6
5.8,3.6,3.9,4.7,100.0,2.8,55.8,51.8,6.1,4.6
4.7,5.1,5.6,5.8,100.0,2.1,34.4,24.6,5.4,4.9
5.2,3.0,3.8,5.4,100.0,2.5,28.2,37.5,2.6,4.0
1.9,1.0,1.5,1.0,100.0,2.0,20.4,20.0,3.0,1.8
7.2,7.6,5.6,5.8,100.0,8.5,62.5,55.7,5.2,6.3
5.9,6.9,4.8,6.8,100.0,6.2,71.0,56.5,6.5,6.2
5.2,4.7,4.7,4.5,100.0,2.8,49.4,31.0,5.6,4.9
6.3,5.3,4.5,4.3,100.0,3.8,37.7,61.5,5.2,5.1
5.5,5.4,6.2,4.3,100.0,4.5,58.4,36.5,4.9,5.2
3.3,3.7,3.6,2.3,100.0,2.0,31.9,28.3,2.6,3.4
5.4,3.7,5.6,2.9,100.0,5.9,44.4,33.6,4.8,4.7
5.8,6.9,6.2,6.0,100.0,8.0,57.2,81.7,5.1,5.8
2.4,3.3,3.9,4.3,100.0,2.9,28.4,31.4,3.1,3.4
7.1,4.9,6.4,4.2,100.0,5.7,48.8,33.2,5.7,5.7
3.0,3.4,2.9,3.6,100.0,1.8,20.0,35.1,2.9,3.1
5.7,5.0,4.5,6.3,100.0,3.1,42.4,46.1,6.6,5.4
5.9,5.3,5.1,5.0,100.0,7.6,53.4,59.3,4.2,5.4
2.6,2.5,2.0,1.6,100.0,0.5,20.0,32.0,1.0,2.0
5.6,6.8,8.2,6.7,100.0,4.0,73.2,82.2,5.8,6.8
4.3,5.3,5.2,4.1,100.0,6.6,33.0,40.9,4.3,4.9
2.6,3.3,5.6,3.9,100.0,3.8,24.7,46.0,4.6,4.3
5.0,5.1,5.3,4.8,100.0,3.6,48.9,53.4,4.9,5.2
6.6,6.8,6.8,6.5,100.0,7.7,88.2,61.3,6.2,6.8
3.6,3.4,3.5,4.2,100.0,4.6,33.8,45.4,3.8,3.7
3.8,5.5,5.7,7.2,100.0,3.1,57.4,38.6,6.3,5.7
6.8,6.0,4.6,5.6,100.0,4.8,58.1,56.1,5.8,5.7
5.9,6.9,4.0,7.2,100.0,7.4,46.3,54.7,5.5,5.8
6.4,4.6,4.6,5.5,100.0,4.0,67.1,61.1,6.7,5.8
4.4,3.7,3.5,4.5,100.0,4.9,42.0,35.0,4.6,4.1
3.3,3.7,5.1,4.1,100.0,5.9,24.5,33.5,2.5,3.6
5.3,4.2,6.4,4.0,100.0,1.5,46.2,51.7,4.1,4.9
3.5,4.3,2.7,4.0,100.0,2.9,31.9,48.8,4.1,3.6
1.0,1.0,2.4,1.0,100.0,1.0,20.0,20.0,1.0,1.3
6.7,7.8,6.2,4.8,100.0,3.0,49.7,52.5,5.9,6.3
5.6,7.3,5.0,6.2,100.0,5.6,89.8,50.1,5.5,6.0
1.0,2.2,1.9,3.2,100.0,3.0,20.0,20.0,3.0,2.2
4.9,4.6,3.4,5.0,100.0,2.4,41.0,39.0,3.9,4.2
5.3,4.2,6.3,5.5,100.0,3.7,39.5,59.6,4.6,5.1
7.0,9.0,6.6,7.6,100.0,9.8,79.6,81.3,8.1,7.7
3.6,4.5,5.0,5.9,100.0,5.7,54.0,67.7,6.0,4.7
5.5,4.0,3.6,3.0,100.0,3.8,27.9,22.4,3.2,4.1
3.7,3.0,5.1,5.1,100.0,4.6,62.2,70.4,4.2,4.3
6.7,7.1,6.5,5.9,100.0,8.6,75.0,82.4,7.0,6.7
5.0,3.2,3.8,4.1,100.0,4.5,37.1,37.1,4.7,4.2
4.4,4.1,3.9,3.6,100.0,4.8,42.2,41.9,5.7,3.9
4.4,3.9,5.9,4.8,100.0,3.2,36.8,35.9,5.1,4.8
2.5,2.8,3.6,4.3,100.0,0.7,48.2,38.9,5.6,3.6
4.5,4.4,4.4,5.9,100.0,6.1,62.0,73.3,5.2,4.9
7.1,7.2,7.4,7.3,100.0,9.1,78.1,67.9,7.2,7.2
4.8,4.2,5.3,5.5,100.0,5.1,61.0,52.5,5.0,5.0
4.9,4.0,3.7,6.3,100.0,6.0,31.4,38.6,4.3,4.1
5.2,5.3,6.3,3.3,100.0,4.1,60.3,39.7,4.8,5.1
3.9,5.6,2.9,4.6,100.0,2.5,25.6,22.5,2.7,4.0
5.1,6.5,5.8,5.8,100.0,9.0,73.5,52.3,4.2,5.9
6.7,4.0,5.0,5.4,100.0,4.4,56.3,46.2,4.4,5.5
5.4,4.4,6.0,4.5,100.0,4.2,57.4,47.8,5.6,5.2
8.8,8.9,7.6,8.2,100.0,7.0,87.4,93.9,8.9,8.5
6.2,5.0,5.6,5.8,100.0,6.5,45.3,31.5,5.4,5.6
6.0,5.0,5.6,5.0,100.0,2.8,61.2,37.2,3.5,5.1
3.3,4.7,4.6,4.9,100.0,4.6,28.4,43.1,4.7,4.4
6.2,7.2,5.5,5.9,100.0,6.3,56.3,86.2,7.6,6.6
3.2,4.8,4.7,8.3,100.0,4.5,52.1,52.0,6.1,5.0
3.4,4.5,3.4,4.3,100.0,2.7,28.9,37.8,3.5,3.6
6.4,5.9,7.1,6.9,100.0,6.3,58.4,59.5,5.5,6.4
4.2,3.3,4.0,3.9,100.0,5.8,46.1,53.0,5.5,4.1
6.7,9.0,7.8,6.7,100.0,10.0,87.1,68.7,8.0,8.0
4.7,4.5,5.3,6.0,100.0,7.6,66.0,71.3,5.2,5.3
4.8,3.8,3.4,5.4,100.0,6.2,40.6,51.7,3.2,4.2
7.7,5.9,6.2,5.7,100.0,8.2,69.0,76.2,5.5,6.0
4.6,7.5,6.1,4.1,100.0,5.8,46.0,72.7,4.7,5.5
6.4,7.8,6.1,6.5,100.0,8.5,45.8,56.9,6.7,6.8
4.3,7.0,5.8,5.9,100.0,3.8,60.3,71.4,6.2,5.7
4.4,3.7,4.2,3.3,100.0,2.7,45.0,48.9,4.2,4.2
3.9,6.6,5.0,3.3,100.0,2.8,38.8,40.8,4.1,4.7
5.6,6.6,5.8,7.5,100.0,6.1,42.8,83.8,7.9,6.2
4.0,5.5,5.1,4.9,100.0,5.5,39.3,43.5,4.6,5.0
4.2,4.7,3.9,3.3,100.0,2.7,53.0,44.2,4.5,4.2
4.2,3.8,5.3,2.7,100.0,4.3,21.3,35.6,3.5,3.9
4.5,5.3,4.9,5.2,100.0,4.8,63.3,43.6,7.1,5.2
7.2,7.3,6.8,8.1,100.0,7.6,76.5,88.6,8.0,7.5
3.7,4.3,4.1,4.2,100.0,3.7,33.8,40.0,3.0,3.7
4.1,5.4,5.1,6.0,100.0,7.6,43.5,49.3,4.2,5.0
8.1,6.7,6.9,5.4,100.0,6.0,59.8,88.8,5.5,6.8
4.2,6.4,5.1,5.1,100.0,4.8,63.1,44.4,4.8,4.9
5.0,2.7,4.8,6.8,100.0,4.1,64.9,39.5,4.5,4.9
2.9,4.2,4.9,4.9,100.0,2.3,40.5,53.1,2.9,4.1
7.0,6.2,6.2,5.8,100.0,4.0,65.5,66.5,6.3,6.5
5.2,5.9,5.8,6.8,100.0,5.1,52.2,53.5,5.4,5.9
5.4,6.1,5.8,6.7,100.0,7.1,74.2,61.4,7.3,6.1
7.3,6.6,6.7,7.3,100.0,7.8,61.2,71.2,5.4,6.7
8.3,9.0,8.2,8.1,100.0,7.8,100.0,76.2,7.4,8.1
5.9,7.1,6.5,5.0,100.0,6.6,71.6,56.4,5.2,6.0
5.1,5.1,6.2,4.6,100.0,5.7,58.7,45.8,6.6,5.5
4.6,5.5,5.4,5.4,100.0,5.2,50.0,55.5,5.3,5.0
4.8,6.2,3.5,4.4,100.0,2.6,32.5,53.9,5.9,4.8
5.0,3.4,6.7,3.8,100.0,5.7,57.4,44.6,5.9,4.9
6.1,4.0,5.0,3.7,100.0,4.8,62.4,52.8,4.6,4.6
4.2,6.6,4.8,4.9,100.0,5.4,40.9,54.5,5.6,5.0
7.8,7.6,6.9,7.2,100.0,7.6,79.9,76.6,5.3,7.2
3.7,4.3,2.7,3.8,100.0,4.5,30.2,32.5,2.3,3.2
6.6,5.9,7.1,6.3,100.0,5.1,63.2,74.1,6.6,6.4
7.2,5.7,5.5,5.7,100.0,6.7,58.0,62.8,6.6,6.0
4.4,4.3,4.7,4.9,100.0,5.6,40.7,31.4,6.3,4.6
3.1,3.9,2.6,3.6,100.0,1.4,24.6,20.0,1.5,3.1
2.1,3.7,5.0,4.4,100.0,5.5,48.6,35.9,4.5,4.0
6.0,6.7,6.6,5.2,100.0,7.1,71.8,53.3,7.1,6.2
4.2,4.2,5.4,3.9,100.0,2.0,44.6,65.2,5.2,4.4
2.8,4.6,3.8,4.3,100.0,4.8,24.0,34.2,4.6,3.8
4.2,3.9,4.4,4.2,100.0,4.1,43.0,51.6,3.9,4.2
6.3,5.9,6.1,5.9,100.0,3.6,59.0,70.5,6.6,6.4
6.2,4.0,5.5,5.1,100.0,5.4,60.3,58.3,6.1,5.6
4.9,3.2,3.5,5.2,100.0,2.7,43.2,81.8,5.6,4.1
4.0,4.6,4.0,4.3,100.0,5.6,41.5,73.8,4.2,4.2
4.8,3.3,4.7,4.4,100.0,4.4,45.7,58.0,3.7,4.4
4.0,5.9,3.7,3.1,100.0,2.2,39.7,27.1,3.4,4.0
7.7,5.0,6.8,7.7,100.0,8.6,86.5,88.6,6.2,6.7
5.2,3.8,4.4,4.4,100.0,5.2,41.8,27.7,4.2,4.6
6.5,6.5,5.8,7.0,100.0,6.5,73.7,82.2,6.2,6.4
6.1,6.5,6.5,5.8,100.0,5.4,90.9,47.3,6.2,6.4
5.7,5.1,6.0,7.7,100.0,5.2,70.7,61.8,6.2,6.0
4.0,3.6,4.5,5.6,100.0,3.1,55.2,55.6,3.6,4.1
5.2,4.5,5.8,3.8,100.0,6.7,49.8,59.9,5.4,5.0
5.2,4.7,4.8,4.3,100.0,2.4,42.4,34.9,4.6,4.8
4.5,5.8,3.2,4.3,100.0,3.6,34.9,38.1,3.8,4.1
5.3,5.5,4.4,4.2,100.0,5.1,54.3,58.7,5.7,5.0
3.6,4.7,5.5,3.5,100.0,4.8,43.0,34.4,3.3,4.4
6.5,6.9,5.6,6.8,100.0,7.1,60.5,63.7,5.9,6.2
4.0,5.5,4.1,4.3,100.0,5.1,42.1,51.6,4.0,4.4
4.5,2.6,5.6,5.7,100.0,4.5,63.8,64.5,6.0,4.8
3.9,5.0,5.6,4.7,100.0,3.6,56.4,52.7,6.3,4.9
4.1,5.9,5.1,2.7,100.0,4.1,46.0,61.3,4.3,4.5
6.1,5.2,5.4,6.6,100.0,7.0,61.2,57.2,5.6,5.7
3.9,6.1,4.6,5.3,100.0,5.4,31.6,38.0,3.2,4.5
5.9,7.5,6.1,8.2,100.0,5.7,51.6,76.6,5.9,6.6
3.8,2.9,3.2,1.4,100.0,1.7,20.0,43.0,2.3,2.8
5.6,4.7,5.3,5.8,100.0,3.6,54.0,45.7,4.8,5.2
6.5,6.4,8.1,5.6,100.0,7.7,88.3,71.4,8.1,7.1
4.6,3.2,3.8,5.3,100.0,3.7,42.7,52.6,2.7,4.0
5.1,3.0,4.2,4.6,100.0,6.2,51.3,38.8,3.5,4.2
4.7,6.0,6.4,4.8,100.0,6.0,72.3,57.7,5.0,5.3
4.6,3.8,5.9,5.9,100.0,6.2,54.1,50.2,4.0,4.9
6.4,6.0,6.6,4.9,100.0,4.4,54.6,68.5,6.0,6.3
5.5,6.2,4.3,5.9,100.0,5.8,72.1,78.8,5.8,5.2
4.0,4.2,6.4,5.9,100.0,6.2,52.5,60.2,7.1,5.6
5.2,7.8,6.8,7.9,100.0,6.5,54.9,90.8,5.6,6.6
5.3,6.0,4.9,7.1,100.0,5.6,52.8,50.6,4.2,5.4
3.8,5.4,4.9,4.2,100.0,4.8,41.8,43.6,5.4,4.6
5.5,5.1,6.6,6.7,100.0,6.7,60.6,66.8,5.5,6.1
7.3,7.9,6.7,7.6,100.0,9.6,70.0,70.3,6.9,6.9
6.0,5.9,5.2,3.6,100.0,1.4,51.7,54.6,5.9,5.6
3.6,3.7,4.5,3.2,100.0,5.2,29.7,30.2,4.0,3.9
7.2,8.3,5.6,8.4,100.0,4.1,78.9,51.2,7.0,7.3
6.0,4.9,4.8,5.2,100.0,5.3,36.2,30.8,4.4,4.8
3.5,3.5,2.6,3.3,100.0,5.3,20.0,20.0,1.9,3.0
6.2,6.3,5.4,5.8,100.0,6.2,59.4,66.9,5.8,5.5
2.8,4.9,3.7,3.9,100.0,4.5,44.3,28.4,4.8,4.1
5.3,3.3,4.8,4.9,100.0,4.4,57.9,50.4,4.9,4.5
6.2,5.8,6.0,5.2,100.0,6.5,57.6,56.8,5.7,5.7
5.2,4.5,5.7,3.9,100.0,5.8,51.6,51.2,3.4,4.5
7.2,5.0,5.2,5.0,100.0,5.1,67.6,51.4,4.5,5.7
5.2,6.2,4.9,5.1,100.0,4.2,51.9,45.9,2.9,5.1
6.1,5.4,5.0,5.3,100.0,4.1,60.4,56.3,5.3,5.4
5.6,3.7,3.5,4.7,100.0,4.4,50.0,55.9,3.7,4.4
6.2,5.5,5.6,6.1,100.0,5.5,67.5,48.2,7.1,5.9
3.7,4.5,6.5,6.0,100.0,6.1,42.8,60.4,5.7,4.9
3.5,5.3,4.3,4.9,100.0,2.5,32.5,23.2,4.0,4.3
7.3,5.6,6.3,5.3,100.0,6.3,70.1,63.9,5.5,6.4
3.7,4.9,4.1,4.9,100.0,4.2,39.0,31.0,3.5,4.4
5.8,7.3,5.7,6.6,100.0,6.3,59.2,52.9,7.1,6.4
4.6,5.0,5.5,6.3,100.0,6.0,59.3,55.5,6.7,5.5
8.6,7.7,6.4,6.0,100.0,7.5,81.5,71.9,7.5,7.3
6.1,3.7,4.5,5.0,100.0,3.5,51.3,61.3,3.3,4.8
3.9,6.9,4.4,6.1,100.0,4.6,36.8,56.6,4.3,5.1
5.1,5.9,4.0,4.9,100.0,4.7,35.5,57.8,5.2,4.9
4.1,4.5,4.0,5.1,100.0,6.1,53.5,53.3,4.5,4.4
6.5,5.2,6.3,6.6,100.0,7.9,54.6,63.3,4.4,5.7
3.5,3.0,3.1,2.2,100.0,0.5,20.0,38.8,4.4,3.1
4.4,3.4,3.5,5.3,100.0,4.3,25.2,31.3,3.1,3.7
4.0,5.6,3.1,4.2,100.0,4.6,45.5,55.2,2.8,3.9
8.5,5.0,7.3,6.6,100.0,4.4,66.4,54.8,6.1,6.9
6.2,7.2,6.4,5.6,100.0,8.4,79.1,64.4,7.9,6.4
3.5,4.9,5.1,5.6,100.0,6.2,55.3,34.5,5.2,4.9
4.5,4.7,4.4,5.2,100.0,3.3,47.0,35.3,3.9,4.7
3.8,5.0,5.1,6.5,100.0,4.8,61.2,34.8,4.0,4.9
5.2,6.3,6.7,6.1,100.0,7.0,55.5,69.6,4.8,5.8
3.1,4.7,2.9,3.0,100.0,4.5,25.2,44.6,3.7,3.6
4.5,5.9,5.3,4.7,100.0,3.9,42.2,53.9,4.9,5.1
5.4,6.6,7.0,5.7,100.0,8.2,68.8,50.8,6.5,6.4
6.0,2.7,6.9,4.6,100.0,2.7,62.6,52.8,5.1,5.1
4.8,5.5,5.1,6.4,100.0,7.3,48.1,61.3,5.9,5.3
6.1,4.6,6.2,7.4,100.0,7.3,62.7,61.6,6.7,6.0
2.5,2.4,3.3,1.6,100.0,0.5,22.1,20.0,1.2,2.5
5.2,7.2,6.6,5.5,100.0,7.3,53.2,45.0,6.1,6.2
4.0,3.3,3.8,2.6,100.0,2.4,43.1,36.0,5.2,3.8
3.1,2.6,2.4,3.4,100.0,2.4,20.0,20.0,2.1,2.9
4.1,5.0,6.3,7.1,100.0,6.1,68.6,56.8,5.5,5.5
4.7,7.8,5.9,6.1,100.0,7.4,76.9,75.4,6.5,6.0
5.1,4.9,5.6,4.7,100.0,3.5,33.9,45.1,4.6,4.9
6.5,7.8,6.4,6.5,100.0,5.7,61.7,66.1,6.7,6.6
8.6,7.3,7.3,8.5,100.0,7.6,53.4,78.9,7.6,7.7
6.7,6.8,6.4,6.8,100.0,5.9,78.7,57.4,6.9,6.7
7.6,7.0,6.5,7.1,100.0,7.9,95.1,93.5,7.2,7.1
5.7,6.7,6.9,6.0,100.0,5.2,39.3,53.7,5.5,6.2
5.3,3.4,4.9,3.8,100.0,6.6,36.9,56.3,5.3,4.5
4.4,3.2,2.8,1.8,100.0,4.9,27.6,20.0,2.2,3.2
3.0,4.6,4.6,4.0,100.0,4.2,46.1,47.4,6.5,4.0
4.3,4.7,4.1,4.9,100.0,5.1,33.2,38.8,5.0,4.1
9.0,7.4,6.9,7.3,100.0,7.9,65.2,99.2,8.3,7.8
5.0,3.8,4.4,4.3,100.0,3.3,50.6,45.0,5.1,4.7
6.5,5.2,4.7,4.7,100.0,4.5,60.7,64.8,5.4,5.6
5.2,4.6,6.3,5.5,100.0,6.0,86.7,61.2,4.4,5.6
5.0,3.2,4.4,6.6,100.0,2.4,63.7,69.2,4.1,4.7
7.1,7.7,5.8,6.9,100.0,8.5,62.4,57.6,6.2,6.7
2.5,4.8,2.8,3.6,100.0,4.2,40.5,45.5,4.3,3.2
4.3,5.7,4.2,5.3,100.0,6.8,58.8,26.2,5.0,4.9
3.2,5.4,5.1,5.7,100.0,4.8,32.0,38.3,4.7,4.4
4.1,2.8,3.4,3.0,100.0,3.2,38.0,40.4,2.7,3.7
5.0,2.9,4.6,3.2,100.0,3.5,47.9,55.3,5.0,4.0
5.2,4.9,5.3,4.5,100.0,7.2,61.8,56.8,4.4,5.0
5.1,4.2,4.5,4.6,100.0,7.6,51.6,40.7,4.2,4.8
4.0,3.4,4.1,4.8,100.0,3.5,42.5,45.1,4.8,4.1
4.3,3.2,4.1,4.2,100.0,4.5,22.5,54.1,3.7,3.8
4.9,4.3,5.0,4.0,100.0,3.8,35.8,49.5,4.0,4.1
3.2,1.4,4.2,2.4,100.0,1.9,29.6,37.0,4.0,2.9
5.7,5.5,6.4,5.6,100.0,5.6,57.4,57.1,6.0,5.9
5.6,4.0,4.7,5.7,100.0,6.2,48.2,61.9,3.6,5.1
2.9,3.5,2.9,2.1,100.0,1.2,39.4,37.2,2.6,2.8
5.4,4.0,4.1,4.1,100.0,6.9,59.1,39.3,4.3,4.5
3.2,5.2,5.0,3.6,100.0,5.3,26.4,46.5,3.3,4.5
4.5,6.9,5.1,6.2,100.0,6.5,52.7,63.0,6.3,5.7
7.2,7.3,6.0,7.1,100.0,6.6,65.8,77.5,6.3,6.9
2.7,1.3,3.0,3.5,100.0,3.4,25.0,21.5,3.1,2.6
4.8,6.6,5.1,6.3,100.0,0.8,29.1,64.0,5.3,5.7
5.5,6.3,5.0,4.5,100.0,5.4,33.0,38.2,5.3,5.2
5.3,5.8,7.2,4.8,100.0,6.2,58.9,60.2,7.0,5.9
5.1,6.5,5.9,4.2,100.0,2.5,61.1,54.3,5.7,5.8
5.2,3.6,4.1,2.5,100.0,4.5,39.5,50.4,5.4,4.1
5.8,2.8,3.6,4.2,100.0,5.4,51.9,35.5,5.1,4.3
5.3,3.3,3.7,3.7,100.0,1.0,40.0,40.5,4.1,4.3
6.1,8.0,6.8,7.0,100.0,4.8,78.9,61.2,6.5,6.8
6.0,3.6,4.2,5.0,100.0,8.1,65.2,51.4,3.1,4.6
6.5,7.3,8.8,6.8,100.0,7.6,70.9,82.4,7.0,7.2
4.2,5.0,4.9,4.8,100.0,6.4,57.9,36.3,4.8,4.7
2.3,3.7,4.2,3.2,100.0,5.6,44.5,52.0,4.5,3.5
4.5,2.8,2.7,4.1,100.0,3.3,52.3,31.6,3.2,3.8
2.1,2.9,3.2,2.1,100.0,3.8,20.0,20.0,3.1,2.9
3.0,2.6,2.3,2.1,100.0,0.5,25.1,22.8,2.1,2.5
4.6,4.0,6.9,6.0,100.0,5.1,43.7,68.9,4.2,5.1
6.2,5.8,6.6,6.1,100.0,1.1,47.9,61.8,4.8,6.1
2.8,4.1,3.8,1.6,100.0,0.5,30.1,20.0,4.2,3.3
5.0,6.9,5.1,6.8,100.0,5.5,65.5,55.6,5.2,5.8
4.8,3.6,4.6,3.8,100.0,3.3,48.2,49.0,3.9,4.1
4.0,4.0,6.0,4.8,100.0,5.3,57.4,59.6,5.3,4.6
6.3,6.7,7.4,7.1,100.0,7.4,71.8,77.8,5.8,6.7
4.4,7.6,5.4,6.6,100.0,6.5,61.0,60.5,5.4,5.6
3.5,5.3,4.2,5.1,100.0,4.9,36.3,54.1,5.2,4.4
4.1,4.6,3.6,3.9,100.0,4.2,29.6,33.5,3.6,4.2
1.0,3.3,2.0,2.0,100.0,0.5,20.0,20.0,3.6,2.2
3.0,4.5,5.2,4.5,100.0,2.8,41.2,55.1,2.9,4.3
4.7,4.9,3.4,4.6,100.0,4.6,53.9,51.7,4.5,4.5
3.4,4.5,4.3,5.4,100.0,3.5,41.3,27.3,3.5,4.3
6.4,4.3,3.9,5.4,100.0,3.2,63.6,49.4,4.8,4.9
6.6,3.7,4.4,4.3,100.0,6.7,41.4,51.4,4.2,4.9
4.0,5.4,3.3,4.3,100.0,5.7,44.3,43.1,4.3,4.3
4.7,5.4,3.8,4.3,100.0,2.7,31.4,42.6,4.8,4.5
5.8,4.1,6.3,6.3,100.0,4.9,65.3,43.2,5.0,5.6
5.1,6.3,5.7,6.8,100.0,8.7,51.6,65.4,4.8,5.6
2.5,5.3,2.8,3.3,100.0,3.6,45.2,33.6,5.2,3.6
6.7,6.7,7.4,5.9,100.0,7.7,85.7,55.1,6.7,6.8
4.7,4.1,5.8,3.9,100.0,3.9,52.7,46.2,5.3,4.7
4.7,5.1,5.1,5.2,100.0,4.6,53.2,44.1,5.6,5.3
6.2,5.3,7.3,7.9,100.0,8.3,61.0,30.7,5.8,6.4
4.7,4.7,5.9,5.8,100.0,5.5,50.3,51.9,4.7,5.5
5.2,6.6,6.6,4.7,100.0,6.3,59.9,74.7,6.3,5.9
5.4,3.8,4.8,4.7,100.0,5.4,52.8,53.2,4.8,4.7
4.6,2.9,4.7,3.7,100.0,7.9,59.1,47.9,4.5,4.1
4.5,5.5,5.6,4.7,100.0,5.6,45.0,55.5,5.3,5.2
4.4,3.6,4.0,3.3,100.0,2.0,34.9,28.3,4.4,4.1
3.7,5.5,4.6,5.5,100.0,4.2,58.7,44.3,4.3,4.3
4.5,6.8,5.1,5.6,100.0,6.1,46.7,36.7,5.5,5.4
4.5,4.9,4.2,5.7,100.0,2.5,51.0,56.1,5.2,4.5
4.3,5.4,3.3,5.3,100.0,5.5,33.0,55.4,4.7,4.6
2.3,1.8,3.5,1.0,100.0,1.1,35.0,20.0,3.3,2.6
5.8,5.1,3.3,3.4,100.0,1.4,53.1,21.5,4.6,4.5
4.4,4.6,5.2,5.0,100.0,3.7,50.4,56.1,5.6,4.9
7.1,5.3,5.4,5.3,100.0,5.3,43.6,43.4,5.6,5.5
4.1,3.7,4.0,4.5,100.0,5.6,42.5,36.0,3.8,4.0
6.6,7.5,6.3,6.6,100.0,8.3,57.5,53.6,6.1,6.5
4.3,2.7,4.2,4.0,100.0,3.3,27.0,37.9,3.5,3.7
8.2,4.0,6.5,6.4,100.0,7.9,64.0,63.2,6.0,6.5
4.7,5.3,6.0,5.3,100.0,5.1,71.6,32.3,6.1,5.7
3.3,4.7,5.5,4.3,100.0,1.8,46.7,56.5,4.7,4.6
6.5,7.3,7.3,8.1,100.0,7.7,70.2,73.4,7.9,7.2
3.6,4.8,3.6,3.5,100.0,1.0,20.0,29.5,4.4,3.7
4.7,6.5,5.5,6.1,100.0,7.6,64.2,69.1,5.9,5.7
6.2,5.7,6.5,6.2,100.0,7.7,67.5,64.5,7.6,6.4
5.6,2.0,4.7,5.3,100.0,2.7,39.2,43.6,4.1,4.4
6.8,6.4,6.5,5.7,100.0,7.3,89.0,59.4,6.3,6.4
4.5,5.7,5.1,6.3,100.0,4.8,44.9,44.8,4.9,5.3
4.9,5.0,5.1,4.3,100.0,6.7,31.5,35.2,5.7,5.0
6.0,5.3,5.8,4.7,100.0,3.5,49.8,51.5,4.8,5.2
4.2,5.2,5.5,5.5,100.0,5.7,52.5,62.4,4.7,5.0
7.5,5.0,6.6,6.9,100.0,4.2,66.0,47.1,5.7,6.6
7.5,6.6,6.0,4.7,100.0,7.4,60.1,58.4,6.1,6.4
3.1,4.5,2.2,1.9,100.0,4.0,20.3,20.0,3.5,3.0
6.6,6.4,6.1,6.8,100.0,6.0,49.6,69.6,6.4,6.4
3.8,1.9,3.4,5.1,100.0,4.3,25.9,29.7,3.4,3.5
7.1,6.2,8.0,7.3,100.0,4.2,62.1,69.3,5.2,7.1
5.7,4.2,6.1,6.1,100.0,8.3,69.4,60.9,7.0,5.6
3.3,4.0,4.0,1.6,100.0,5.5,38.5,20.0,3.4,3.4
3.4,4.9,4.1,4.6,100.0,4.9,56.2,31.4,4.2,4.1
4.0,5.3,3.0,4.0,100.0,3.0,23.9,46.0,4.0,4.1
5.3,4.6,4.3,4.4,100.0,5.1,33.8,55.6,5.1,4.5
3.6,5.0,3.1,3.9,100.0,3.6,39.6,44.5,4.5,4.0
5.6,5.1,6.9,6.1,100.0,10.0,54.3,63.3,5.3,5.7
5.5,6.2,5.0,5.7,100.0,6.1,61.4,59.4,6.2,5.7
6.0,5.2,6.5,8.3,100.0,9.1,85.4,83.8,6.7,6.5
4.8,4.1,3.5,5.7,100.0,3.0,43.1,34.4,4.7,4.5
4.2,4.5,4.1,5.3,100.0,7.1,66.6,51.2,4.2,4.8
2.7,3.3,4.0,3.1,100.0,5.5,24.7,20.0,2.5,3.1
2.7,3.4,4.2,3.5,100.0,4.4,26.2,36.1,4.2,3.6
6.3,6.2,5.5,6.1,100.0,6.9,56.4,77.0,6.1,6.2
6.9,6.6,6.5,8.4,100.0,6.0,84.5,64.8,7.0,7.2
2.9,3.2,3.0,4.3,100.0,1.5,20.1,39.0,1.6,2.9
4.1,4.4,4.3,4.5,100.0,4.6,46.7,30.3,4.1,4.3
5.1,5.0,5.1,5.8,100.0,7.1,46.0,40.6,5.6,5.1
4.7,6.1,6.7,5.8,100.0,4.6,44.9,54.1,4.9,5.6
2.8,3.9,2.6,4.4,100.0,7.1,51.7,47.6,4.4,3.4
7.0,5.2,5.5,6.4,100.0,4.7,50.5,53.4,4.6,5.8
3.9,4.3,4.2,4.9,100.0,4.6,34.6,49.1,3.3,4.4
4.9,4.3,5.7,5.7,100.0,5.3,49.0,61.2,5.3,5.1
6.5,5.3,5.9,5.8,100.0,5.7,53.1,50.5,5.6,5.9
7.8,7.0,5.4,4.8,100.0,1.9,72.2,34.8,4.8,6.1
3.5,3.6,4.7,4.0,100.0,3.4,54.1,39.9,5.1,4.1
5.2,4.6,4.2,4.3,100.0,5.1,42.4,61.1,4.6,4.7
4.3,4.5,5.8,3.5,100.0,4.7,43.9,40.5,4.4,4.7
4.1,4.3,5.1,3.8,100.0,5.4,24.3,54.6,4.0,4.5
4.1,4.4,5.3,3.9,100.0,5.7,47.5,43.5,4.0,4.3
6.0,7.2,7.8,6.5,100.0,7.0,66.5,91.5,7.3,6.8
5.6,4.0,6.0,7.0,100.0,4.4,59.3,80.9,5.4,5.5
3.5,5.6,5.7,4.5,100.0,6.9,25.9,55.9,5.5,5.0
6.6,6.4,6.1,6.0,100.0,4.0,60.2,44.0,3.7,6.1
4.6,3.4,4.4,4.8,100.0,3.6,62.0,21.0,5.3,4.3
6.7,4.2,6.4,7.8,100.0,5.5,68.1,68.2,6.7,6.4
5.1,4.5,5.4,4.9,100.0,6.7,47.8,64.6,5.4,5.1
4.6,4.6,4.5,4.7,100.0,6.8,48.2,53.4,3.9,4.7
5.8,8.0,6.7,5.4,100.0,5.4,56.1,49.5,4.3,6.5
2.2,3.6,3.3,4.1,100.0,3.0,48.4,20.0,3.7,3.2
3.4,1.9,3.7,4.8,100.0,4.0,29.8,42.4,3.8,3.7
2.9,2.9,3.8,4.0,100.0,5.9,20.1,50.7,3.7,3.3
4.5,5.1,7.3,6.3,100.0,2.6,52.4,45.4,5.1,5.6
5.4,7.3,6.3,7.2,100.0,8.7,77.9,84.2,7.7,6.6
8.7,6.4,7.1,7.5,100.0,8.9,89.1,100.0,7.3,7.3
5.2,5.6,4.8,6.8,100.0,5.4,67.1,57.7,5.5,5.5
6.5,4.9,5.4,6.0,100.0,6.2,77.1,55.8,5.5,5.7
3.7,1.8,3.0,2.2,100.0,3.4,20.0,28.6,2.7,2.6
3.3,4.6,4.0,5.2,100.0,5.1,35.0,39.0,5.3,4.1
3.2,4.8,3.7,3.9,100.0,7.1,20.0,51.6,3.2,3.9
6.3,5.1,4.4,4.0,100.0,4.3,47.3,36.6,2.8,4.8
6.2,5.3,4.4,5.6,100.0,4.8,38.6,47.2,3.8,5.0
4.4,4.0,4.7,4.4,100.0,4.0,51.8,28.5,4.9,4.5
2.8,3.3,3.4,3.0,100.0,2.9,20.0,20.0,2.6,3.2
5.4,6.2,6.4,6.5,100.0,6.1,78.5,51.1,4.7,6.0
4.1,3.8,4.3,3.0,100.0,3.4,20.0,37.4,3.8,3.6
4.7,4.7,6.1,5.6,100.0,5.4,63.8,36.9,5.1,4.9
5.9,7.0,7.7,8.7,100.0,7.9,90.1,90.9,7.9,7.2
2.8,4.0,3.8,3.1,100.0,2.7,41.5,27.5,4.5,3.7
2.0,4.3,1.4,2.4,100.0,1.8,20.0,29.9,3.8,2.7
3.8,4.9,4.4,3.9,100.0,4.1,51.0,59.4,3.8,4.1
6.3,5.7,5.9,7.2,100.0,7.6,67.8,71.9,5.0,6.1
6.5,6.6,7.9,8.2,100.0,8.1,61.1,64.0,7.8,7.3
2.9,3.1,3.8,3.2,100.0,2.6,47.1,25.3,4.2,3.4
6.3,7.7,6.1,7.5,100.0,8.1,54.0,48.5,4.7,6.6
4.6,4.1,3.6,5.4,100.0,4.1,57.8,35.3,3.5,4.3
4.9,5.7,5.9,5.5,100.0,5.8,47.7,64.2,5.1,5.5
8.9,7.8,7.9,8.7,100.0,7.9,99.5,88.1,9.0,8.4
3.6,3.4,2.4,4.1,100.0,0.5,20.0,20.9,2.6,3.1
6.5,6.1,5.0,4.4,100.0,4.5,56.0,46.3,5.4,5.7
5.2,5.0,7.3,5.7,100.0,2.5,58.5,51.7,4.2,5.5
6.0,5.7,6.0,6.6,100.0,6.3,63.1,71.6,6.2,6.0
4.1,6.7,4.9,4.8,100.0,7.3,42.8,35.2,5.0,5.0
5.0,6.3,5.2,5.8,100.0,4.1,24.0,55.6,6.4,5.6
5.3,5.3,4.4,5.6,100.0,1.3,35.7,48.4,4.0,4.8
6.4,6.1,4.8,5.0,100.0,7.7,61.0,36.7,5.8,5.7
5.4,5.0,4.7,4.5,100.0,3.8,30.9,30.7,4.0,4.6
4.3,7.7,6.5,5.0,100.0,5.9,47.4,58.8,5.8,5.9
5.4,4.6,4.8,3.0,100.0,5.6,30.1,58.9,6.1,5.0
4.0,6.0,4.7,6.1,100.0,6.4,57.7,67.7,6.7,4.9
5.7,3.6,4.7,4.9,100.0,6.1,40.6,43.5,6.4,4.8
6.1,5.6,6.0,6.4,100.0,8.0,79.1,81.0,6.6,6.3
5.5,3.8,5.0,4.1,100.0,2.3,56.6,46.0,4.8,5.2
1.8,4.1,3.8,2.7,100.0,0.5,25.4,20.1,3.1,3.2
7.5,4.1,6.4,7.5,100.0,8.6,72.0,69.9,6.8,6.3
2.7,3.5,3.8,3.9,100.0,2.5,28.8,44.8,4.2,3.5
3.7,1.3,5.5,4.2,100.0,3.0,32.6,34.1,3.7,3.6
3.5,3.5,4.9,4.5,100.0,2.2,48.2,37.1,3.7,4.2
5.2,6.2,7.1,5.6,100.0,6.5,79.8,58.1,6.2,6.3
2.5,3.8,3.8,3.0,100.0,1.3,25.0,21.5,3.2,3.5
9.0,9.0,9.0,7.7,100.0,8.3,92.4,100.0,9.0,8.7
8.4,5.5,4.8,5.4,100.0,5.0,61.9,75.8,8.6,6.2
5.3,6.3,5.9,4.3,100.0,5.8,44.0,39.7,5.6,5.7
5.8,5.0,3.8,4.8,100.0,3.7,56.9,45.3,4.4,5.0
5.5,5.4,5.7,5.0,100.0,4.5,34.7,66.7,5.0,5.2
6.0,4.5,4.4,5.6,100.0,2.5,35.8,60.1,5.5,5.0
5.5,4.8,5.4,5.0,100.0,8.9,39.6,60.0,6.9,5.5
5.8,4.9,5.4,6.6,100.0,7.2,36.9,58.4,6.2,5.5
5.5,5.2,4.6,5.8,100.0,4.4,64.9,56.8,4.1,5.2
4.3,4.8,4.5,4.6,100.0,3.4,54.9,49.9,4.7,4.4
4.8,6.3,5.6,4.4,100.0,4.8,35.7,42.0,3.8,4.9
4.7,5.1,4.3,4.3,100.0,4.7,46.0,55.9,5.2,4.7
7.0,3.8,6.8,6.1,100.0,4.8,81.7,55.0,5.9,6.0
4.9,6.0,5.0,4.5,100.0,2.1,63.9,72.1,5.3,5.0
1.4,1.0,1.3,1.0,100.0,0.5,27.0,20.0,1.0,1.2
7.3,4.9,6.0,6.5,100.0,3.6,58.7,65.3,6.3,6.1
6.2,4.5,4.5,5.5,100.0,5.5,46.4,51.3,6.1,5.2
6.1,4.3,4.0,6.4,100.0,5.2,38.9,45.0,4.5,5.1
4.6,3.2,4.9,4.3,100.0,3.0,44.4,57.7,4.4,4.3
6.6,6.5,7.2,6.0,100.0,5.9,76.2,74.3,6.0,6.5
6.9,4.8,6.1,5.8,100.0,9.1,65.2,63.6,6.0,6.2
5.3,4.4,3.7,3.8,100.0,5.0,34.8,55.9,3.5,4.3
3.9,7.6,5.6,4.9,100.0,4.9,68.7,65.9,4.7,5.5
2.8,2.6,3.9,4.1,100.0,7.0,40.7,27.4,4.8,3.1
4.4,3.1,3.5,3.4,100.0,1.1,28.2,20.0,1.4,3.3
4.0,1.8,2.4,3.8,100.0,2.8,32.9,41.7,4.6,3.1
5.5,5.7,5.3,7.1,100.0,6.1,60.4,76.8,6.2,5.7
5.1,6.8,5.5,7.8,100.0,4.1,69.0,70.4,7.3,6.4
5.2,6.3,5.7,6.6,100.0,8.5,49.9,73.4,5.4,5.7
4.7,5.9,6.0,6.4,100.0,6.4,48.5,54.9,5.6,5.4
7.3,6.5,6.1,6.3,100.0,4.6,52.9,56.6,5.0,6.4
4.2,6.7,4.4,5.9,100.0,4.7,39.9,39.4,4.5,5.0
5.5,7.2,4.6,6.2,100.0,5.9,70.1,58.9,5.0,5.6
6.4,5.5,7.0,5.4,100.0,5.7,50.4,69.7,5.1,6.2
6.7,4.5,6.8,6.3,100.0,4.3,63.6,77.6,5.4,6.1
7.2,6.0,5.5,7.0,100.0,4.6,65.1,86.3,5.7,6.4
6.7,4.9,6.1,5.0,100.0,9.3,58.3,77.3,5.1,5.8
4.9,5.9,5.0,5.2,100.0,3.5,70.7,62.0,5.5,5.5
6.0,5.2,6.4,7.3,100.0,9.2,66.9,62.6,6.1,6.1
5.6,4.9,5.7,3.4,100.0,3.7,40.5,51.9,5.4,4.9
3.5,4.7,5.5,2.8,100.0,4.9,45.7,43.3,4.0,4.2
4.8,4.7,5.3,4.6,100.0,5.5,55.7,48.9,3.9,4.6
4.4,3.2,4.3,4.4,100.0,4.9,28.8,29.7,2.6,3.7
4.8,5.3,3.9,3.0,100.0,5.1,27.9,35.2,3.4,4.4
3.4,3.0,5.0,4.7,100.0,2.4,51.9,56.5,5.4,4.0
4.6,3.7,5.0,5.1,100.0,2.8,37.8,35.6,4.6,4.4
4.4,4.6,4.6,4.7,100.0,2.5,40.7,45.6,5.3,4.7
3.3,2.7,2.1,3.6,100.0,2.4,32.2,20.8,3.3,3.1
5.9,5.4,4.1,4.7,100.0,3.3,47.3,44.3,6.0,4.9
6.3,5.6,5.4,4.3,100.0,2.0,54.2,48.3,5.3,5.5
5.1,4.0,4.2,4.8,100.0,3.4,49.5,33.2,5.3,4.5
6.9,5.4,5.3,6.1,100.0,2.7,56.5,53.0,6.0,6.0
7.3,5.7,6.9,5.1,100.0,6.8,45.8,53.5,7.6,6.4
3.3,2.5,2.8,2.4,100.0,0.7,21.9,24.9,2.6,2.6
4.1,4.8,4.0,5.5,100.0,2.6,40.5,44.7,3.6,4.3
4.8,3.5,4.1,3.3,100.0,0.5,48.5,49.7,3.9,4.1
4.5,4.7,3.6,4.7,100.0,6.1,30.7,22.0,3.8,4.5
5.7,6.0,6.2,5.6,100.0,4.0,79.7,78.5,5.8,6.0
5.1,4.3,5.6,4.8,100.0,4.2,34.1,50.0,5.2,4.9
4.7,5.3,3.9,4.9,100.0,1.9,47.7,34.8,4.6,4.5
1.9,1.9,2.9,1.0,100.0,0.7,20.0,20.0,2.2,2.1
6.8,6.4,5.9,4.5,100.0,8.6,73.0,40.8,5.5,6.0
3.6,3.7,3.6,3.6,100.0,3.6,20.0,20.0,4.4,3.7
6.7,4.5,5.7,4.4,100.0,4.0,55.2,68.1,5.3,5.5
4.0,5.8,5.4,6.2,100.0,5.4,51.7,47.2,4.1,5.2
6.2,7.2,7.0,5.2,100.0,6.2,85.7,75.8,7.7,6.6
3.5,4.5,3.9,3.9,100.0,2.9,22.1,29.3,3.7,4.1
2.3,2.3,1.0,1.0,100.0,1.6,20.0,20.0,1.8,1.8
5.5,5.7,5.4,4.9,100.0,4.8,44.4,56.4,5.9,5.3
7.4,6.1,7.0,6.2,100.0,8.0,78.9,56.2,7.9,7.1
5.6,8.8,6.4,8.2,100.0,7.2,64.9,81.8,5.8,6.7
4.3,3.9,5.0,4.1,100.0,4.8,49.3,52.2,4.5,4.3
4.7,5.3,4.7,4.3,100.0,3.2,22.8,37.6,6.1,4.7
4.9,6.4,6.0,4.4,100.0,5.4,66.3,66.8,5.5,5.7
3.4,2.7,4.1,5.2,100.0,4.6,24.6,28.2,4.1,3.7
6.0,5.5,5.6,5.9,100.0,6.9,46.0,59.2,6.7,5.7
4.8,5.5,4.5,5.7,100.0,4.1,42.0,55.9,5.3,5.1
7.6,7.5,6.3,7.6,100.0,6.2,55.3,73.0,6.0,7.1
9.0,7.6,8.4,8.4,100.0,8.0,96.4,89.3,9.0,8.7
4.2,5.2,5.6,5.7,100.0,6.8,60.4,45.6,5.6,5.0
3.6,2.1,4.0,4.5,100.0,3.5,49.0,46.0,4.7,3.9
3.1,6.6,4.1,5.5,100.0,8.3,39.3,46.9,4.9,4.3
2.3,1.8,3.3,2.4,100.0,2.7,25.6,20.0,2.5,2.7
4.8,4.5,4.0,4.0,100.0,5.7,33.4,41.6,3.9,4.4
4.2,4.4,4.6,5.2,100.0,2.9,53.4,38.5,5.4,4.8
4.7,4.3,4.2,4.6,100.0,4.2,46.4,45.6,4.2,4.5
4.0,6.0,5.2,5.1,100.0,6.2,45.7,43.7,5.5,4.9
4.7,5.6,3.7,2.8,100.0,2.2,48.1,25.6,3.3,4.3
5.9,6.6,5.6,7.7,100.0,6.7,71.9,78.6,7.8,6.3
5.0,5.6,5.3,4.4,100.0,6.6,36.1,58.4,5.2,4.9
4.9,5.3,4.6,5.9,100.0,4.5,33.1,49.8,5.2,5.0
3.6,5.6,4.7,4.8,100.0,3.2,31.6,49.5,5.3,4.6
4.3,4.7,5.5,4.0,100.0,7.9,68.8,60.4,4.8,4.8
6.8,7.0,5.6,7.1,100.0,4.5,52.2,62.3,6.8,6.4
4.3,5.0,3.1,4.2,100.0,3.9,55.8,24.9,2.9,4.1
5.1,5.2,6.0,5.4,100.0,3.0,29.5,43.1,3.8,5.0
4.9,4.0,4.3,4.5,100.0,3.1,33.7,55.5,4.1,4.4
3.5,3.2,3.8,4.0,100.0,4.1,38.6,35.7,2.0,3.4
2.6,4.2,5.4,2.5,100.0,3.5,47.0,38.3,3.6,4.0
4.2,3.1,5.0,4.0,100.0,4.9,48.4,48.5,4.4,4.4
6.0,7.6,5.8,4.9,100.0,2.9,69.9,60.9,5.3,6.0
6.9,5.3,5.3,5.0,100.0,6.1,45.9,64.4,4.4,5.2
5.8,5.5,4.6,5.6,100.0,4.2,61.2,66.4,5.3,5.1
7.2,5.5,6.7,5.5,100.0,3.5,65.2,49.8,6.0,6.5
5.3,3.6,5.2,5.6,100.0,7.6,44.3,59.1,4.6,4.9
4.9,4.9,5.1,4.7,100.0,6.5,56.8,78.2,4.6,5.2
5.0,5.1,4.1,5.7,100.0,5.2,59.1,53.7,4.6,5.0
5.5,6.0,4.4,6.5,100.0,7.3,57.9,63.8,4.8,5.4
3.5,4.5,5.0,5.2,100.0,4.5,20.0,34.8,4.4,4.4
1.8,2.4,2.2,1.8,100.0,0.5,22.3,20.0,1.7,1.9
4.7,4.5,5.0,3.0,100.0,4.5,56.1,45.9,4.8,4.4
8.0,7.2,6.1,7.2,100.0,6.1,67.6,67.3,5.8,7.0
4.4,7.5,5.1,6.0,100.0,5.6,65.1,50.8,5.1,5.5
7.1,6.8,6.9,5.3,100.0,4.6,65.6,62.8,6.6,6.7
5.7,7.3,6.5,6.0,100.0,5.4,48.7,76.9,7.0,6.5
4.0,5.4,5.8,6.4,100.0,6.5,47.3,38.3,4.8,5.2
6.2,3.8,5.0,4.2,100.0,5.8,49.3,54.8,5.3,4.9
4.8,3.3,4.1,4.7,100.0,3.3,39.1,42.2,3.9,4.1
5.6,5.1,5.1,4.8,100.0,3.0,40.0,42.2,5.4,5.3
6.4,5.7,6.3,5.4,100.0,5.3,65.9,64.2,5.6,6.1
8.1,6.9,7.0,7.0,100.0,4.3,60.0,72.1,6.1,7.4
5.3,6.4,4.6,6.3,100.0,5.0,57.0,44.2,5.5,5.6
4.3,5.2,4.9,4.2,100.0,5.7,49.4,53.9,3.9,4.6
5.3,6.2,5.8,4.8,100.0,8.6,63.6,55.6,5.1,5.6
6.7,5.8,5.6,6.3,100.0,4.2,76.4,74.8,5.0,6.0
2.6,2.5,2.9,4.1,100.0,4.2,45.7,27.7,3.7,3.0
1.7,2.2,3.2,2.1,100.0,0.5,20.0,20.0,2.8,2.4
4.1,3.6,3.9,4.1,100.0,2.5,45.2,39.7,3.4,4.0
1.9,5.0,4.0,1.6,100.0,1.5,24.5,43.5,2.5,3.2
4.5,5.1,4.3,3.7,100.0,4.4,75.2,40.9,4.6,4.7
3.3,5.3,3.5,3.8,100.0,3.4,53.9,46.9,6.2,4.4
4.5,5.6,5.3,5.1,100.0,3.4,57.4,62.8,5.1,5.2
7.4,4.8,4.8,6.5,100.0,6.5,76.1,58.3,6.6,6.0
5.0,6.0,4.0,5.1,100.0,4.4,28.5,58.5,4.8,4.7
6.7,4.1,5.7,5.4,100.0,4.2,46.7,53.9,4.5,5.5
4.6,5.7,6.1,5.0,100.0,2.3,52.5,56.8,6.3,5.4
4.6,3.3,3.2,5.0,100.0,3.4,29.0,23.4,4.3,3.8
6.8,6.9,6.4,7.4,100.0,6.7,69.2,58.9,5.8,6.8
3.5,5.1,3.1,6.3,100.0,3.7,53.9,44.8,4.7,4.4
8.0,7.1,6.3,6.4,100.0,6.5,33.8,65.0,5.8,6.8
3.7,3.1,3.9,3.7,100.0,5.5,31.6,42.4,5.0,3.8
2.4,3.8,3.1,4.6,100.0,2.7,21.8,20.0,3.2,3.3
4.9,6.1,6.0,5.4,100.0,8.2,76.1,50.3,5.3,5.6
5.3,3.9,5.8,4.7,100.0,8.9,61.6,61.1,4.6,5.3
3.8,3.0,3.9,3.4,100.0,7.4,34.6,42.8,3.3,3.6
4.0,3.8,2.6,4.4,100.0,1.9,39.2,22.3,4.9,3.4
6.1,7.4,7.9,5.7,100.0,4.9,50.0,75.6,6.7,6.4
4.1,4.0,4.4,3.4,100.0,2.5,38.8,32.0,3.3,4.2
6.7,5.9,6.0,5.6,100.0,7.7,70.7,82.1,4.9,5.7
2.4,3.8,3.7,4.3,100.0,6.0,28.4,28.0,3.3,3.3
5.6,7.7,5.6,4.4,100.0,6.9,72.7,45.7,6.0,5.8
2.7,4.7,5.4,3.8,100.0,2.7,47.8,42.0,4.9,4.2
6.0,5.4,4.2,6.8,100.0,5.0,52.4,56.4,6.0,5.6
3.6,4.8,4.0,5.4,100.0,4.1,35.8,38.6,3.4,4.1
4.9,5.5,3.5,5.1,100.0,2.5,51.2,43.7,4.9,4.6
6.1,4.6,4.8,5.3,100.0,5.1,53.5,67.5,4.3,5.2
3.0,4.3,3.5,3.3,100.0,1.7,35.3,20.0,3.8,3.9
6.7,5.6,5.9,5.2,100.0,3.6,49.1,52.7,5.3,5.9
4.0,5.1,3.9,4.1,100.0,2.8,31.7,38.1,5.2,4.2
6.1,4.9,4.2,3.4,100.0,5.3,39.1,46.8,5.0,4.9
3.5,4.3,4.3,4.0,100.0,4.1,33.1,42.2,3.7,4.2
1.3,1.2,2.3,2.0,100.0,1.3,20.0,20.2,2.9,2.0
5.3,4.0,5.2,3.9,100.0,6.2,45.5,57.9,4.5,4.5
7.5,8.8,7.8,9.0,100.0,9.9,85.0,91.0,6.9,8.1
5.3,5.9,5.5,6.5,100.0,6.5,80.6,44.5,6.7,5.8
4.6,5.3,4.9,5.6,100.0,5.1,58.2,33.1,5.2,5.1
4.6,4.4,5.0,4.3,100.0,4.8,57.9,57.5,4.5,4.6
6.1,5.9,3.5,5.0,100.0,4.8,55.0,61.2,4.6,5.2
4.1,5.1,5.9,6.2,100.0,2.6,58.9,64.6,6.0,5.3
3.6,3.5,3.8,3.7,100.0,4.9,36.4,24.1,4.2,3.9
6.8,7.1,6.4,7.7,100.0,7.3,69.0,63.5,5.8,6.8
6.0,7.0,5.8,5.7,100.0,4.2,68.8,56.7,6.3,6.1
6.9,5.4,4.0,5.4,100.0,8.2,51.0,50.5,6.0,5.6
5.5,7.4,5.2,6.1,100.0,4.8,63.8,59.2,4.9,5.9
4.9,5.3,6.3,3.9,100.0,4.9,52.0,71.8,5.0,5.3
6.3,4.8,5.8,6.6,100.0,7.5,42.0,55.1,5.4,5.7
5.8,6.1,5.5,4.6,100.0,6.2,59.7,71.8,6.6,5.9
4.3,4.2,4.6,5.1,100.0,6.5,31.6,35.8,4.1,4.6
4.7,4.7,4.6,3.7,100.0,3.6,36.0,26.0,5.4,4.6
4.6,5.1,5.6,5.5,100.0,7.7,49.9,61.4,5.2,5.3
6.4,6.9,6.7,7.7,100.0,6.2,58.2,71.0,5.6,6.6
3.1,2.6,3.8,3.6,100.0,5.1,30.9,44.1,1.9,3.2
4.3,4.2,4.4,2.2,100.0,0.5,28.7,42.7,3.1,3.9
2.6,4.1,5.9,4.4,100.0,3.6,60.0,49.7,6.2,4.6
5.4,4.0,6.7,4.4,100.0,5.5,46.2,64.2,5.9,5.2
5.2,5.6,4.7,3.5,100.0,4.7,55.3,43.8,5.3,4.7
3.9,6.8,6.5,6.3,100.0,5.3,52.7,44.7,4.8,5.7
5.0,4.4,4.2,4.8,100.0,4.7,42.5,57.4,4.4,4.5
7.2,7.5,7.0,5.8,100.0,5.4,55.6,56.9,6.9,7.0
3.6,4.1,3.6,4.4,100.0,0.9,24.9,26.0,3.9,3.6
1.9,4.8,3.6,3.4,100.0,4.1,45.0,50.1,4.4,3.7
6.0,4.6,4.9,5.1,100.0,3.8,39.1,61.6,5.6,5.2
2.4,2.0,3.7,2.3,100.0,4.5,23.2,21.0,3.5,2.6
5.3,2.7,4.3,3.0,100.0,4.4,46.7,57.5,5.5,4.1
7.6,6.7,8.2,5.8,100.0,8.6,85.9,63.7,5.4,7.1
4.3,6.2,4.0,4.6,100.0,5.7,50.6,43.6,4.4,4.8
5.8,4.2,6.7,6.1,100.0,4.4,56.3,55.8,4.5,5.4
3.2,4.2,4.2,3.8,100.0,0.5,31.0,34.9,2.6,3.6
2.6,3.3,4.2,4.4,100.0,5.9,35.8,30.3,4.3,3.6
5.5,4.7,4.3,2.8,100.0,3.0,33.0,63.0,3.5,4.3
4.0,5.3,4.3,5.7,100.0,3.9,42.4,26.5,3.9,4.7
5.9,5.9,6.4,6.7,100.0,6.7,73.2,69.8,6.5,6.3
5.3,5.8,5.6,5.6,100.0,5.8,59.6,60.3,4.5,5.4
3.9,3.3,4.6,4.7,100.0,4.8,48.1,20.0,3.3,4.1
5.2,6.0,6.7,6.4,100.0,5.4,63.2,66.9,5.8,6.0
6.0,5.8,5.7,6.6,100.0,5.6,69.9,50.1,4.7,5.8
5.3,6.4,5.8,6.2,100.0,8.2,46.8,68.1,6.9,5.9
6.3,8.4,6.5,6.0,100.0,8.3,89.5,77.0,6.3,6.5
3.7,4.4,3.7,4.7,100.0,2.4,37.4,20.2,4.0,4.2
5.5,3.4,3.3,2.8,100.0,2.1,41.9,27.1,3.2,3.9
3.4,3.4,2.6,5.2,100.0,1.9,40.1,46.8,3.8,3.8
5.6,4.6,6.2,4.7,100.0,4.6,46.7,45.8,4.5,5.1
5.6,5.6,5.8,4.6,100.0,3.8,46.3,30.0,5.9,5.6
5.8,8.6,5.6,5.1,100.0,6.6,79.3,61.8,5.8,6.0
4.7,5.3,5.5,3.8,100.0,4.7,41.2,48.5,5.3,4.7
4.5,2.7,3.8,4.7,100.0,0.7,35.3,47.4,5.2,4.0
5.7,4.7,4.4,5.2,100.0,3.1,49.9,32.3,5.3,4.9
5.1,2.1,3.4,2.9,100.0,0.5,33.6,37.2,3.7,3.7
7.8,7.2,8.7,7.2,100.0,7.6,81.4,73.0,7.3,7.9
4.0,1.2,2.9,1.9,100.0,4.2,24.9,28.1,2.2,2.8
4.4,4.4,3.5,5.7,100.0,2.4,66.2,57.8,5.4,4.7
7.1,6.0,8.3,7.4,100.0,6.1,84.9,84.4,7.9,7.4
4.4,5.4,4.8,4.7,100.0,4.8,41.5,64.1,6.1,4.7
5.0,4.8,3.4,3.6,100.0,3.1,39.9,69.1,5.7,4.6
4.3,4.9,4.3,4.3,100.0,2.9,40.8,33.3,3.9,4.6
5.4,4.7,5.2,4.4,100.0,5.5,43.5,43.5,4.9,4.8
5.9,5.3,6.9,6.9,100.0,6.3,65.4,78.0,6.6,6.3
2.4,2.8,3.6,2.5,100.0,0.5,20.0,20.0,3.2,2.8
7.4,8.7,6.2,7.5,100.0,4.2,75.9,45.8,6.3,7.5
1.6,3.7,3.3,2.9,100.0,6.2,24.1,26.7,3.9,2.8
6.4,4.3,4.2,3.0,100.0,6.3,36.5,58.3,4.0,4.6
4.3,3.1,3.4,5.4,100.0,3.7,48.4,29.6,4.4,4.1
4.1,4.8,6.3,4.9,100.0,6.0,67.3,61.0,5.1,5.1
3.2,3.5,3.4,2.1,100.0,1.9,23.6,20.0,1.7,3.3
5.6,6.6,5.8,5.5,100.0,6.5,74.7,65.6,4.9,6.1
7.4,7.7,7.7,7.7,100.0,6.8,100.0,82.8,7.2,7.4
4.2,4.1,2.9,2.9,100.0,2.1,34.5,23.9,4.4,3.7
5.8,5.9,4.5,4.8,100.0,6.0,48.2,48.7,4.4,5.2
4.4,4.7,4.2,3.9,100.0,6.2,42.8,25.1,3.8,4.4
5.9,4.9,6.3,6.8,100.0,6.8,44.1,66.5,4.5,5.8
4.9,5.2,6.2,5.0,100.0,6.9,41.6,42.3,5.9,5.2
5.7,3.4,4.8,3.4,100.0,3.6,23.6,45.4,3.9,4.2
4.4,5.6,5.6,4.7,100.0,4.8,51.0,47.7,5.3,5.0
7.3,7.5,7.4,6.9,100.0,4.8,64.7,99.0,6.9,7.2
4.8,6.4,4.8,5.0,100.0,4.8,53.4,62.7,3.4,5.1
6.5,4.6,5.1,6.3,100.0,6.6,53.3,81.5,4.8,5.4
2.8,3.9,3.5,3.6,100.0,2.6,33.4,52.5,2.8,3.6
2.5,5.3,2.9,3.1,100.0,2.4,43.1,29.3,4.3,3.6
5.7,6.3,5.5,5.2,100.0,7.6,68.8,48.2,3.8,5.7
7.0,7.6,8.0,7.4,100.0,8.2,68.7,92.5,7.2,7.4
6.6,6.0,6.0,4.4,100.0,7.5,58.4,53.9,5.7,5.7
3.6,5.9,4.0,4.2,100.0,3.1,48.7,53.6,3.3,4.4
5.9,4.0,4.9,5.5,100.0,3.9,62.7,43.8,4.8,5.0
5.4,2.2,2.9,4.3,100.0,4.9,39.1,25.2,4.3,3.5
5.4,5.7,5.7,5.6,100.0,5.8,72.1,67.4,5.0,5.7
5.0,4.0,6.8,5.7,100.0,5.5,46.6,43.5,5.7,5.3
4.1,5.6,4.9,3.3,100.0,3.6,36.6,51.1,6.4,4.7
4.4,5.6,6.2,4.9,100.0,4.3,53.3,48.2,4.7,5.3
5.8,4.9,6.2,6.5,100.0,6.9,59.8,48.7,5.1,5.6
4.0,4.1,4.6,6.7,100.0,4.1,42.2,43.7,4.1,4.4
6.2,4.9,5.4,5.3,100.0,6.1,44.3,50.8,5.2,5.6
6.6,7.6,7.4,7.5,100.0,8.9,89.4,83.9,8.0,7.3
3.3,4.8,3.9,3.9,100.0,3.3,26.5,53.2,3.2,4.0
5.5,5.1,5.5,2.9,100.0,3.1,52.5,36.5,3.0,4.9
2.4,4.1,4.9,4.4,100.0,3.4,41.2,67.3,3.5,4.0
5.7,6.8,5.7,8.0,100.0,4.1,56.3,59.1,5.8,6.3
7.3,5.2,5.0,5.9,100.0,4.0,52.3,46.0,4.8,5.8
4.2,3.6,5.1,5.2,100.0,6.3,36.4,59.7,3.0,4.5
5.7,7.9,7.2,6.8,100.0,6.9,70.1,51.5,6.4,6.9
6.7,5.4,5.7,7.0,100.0,6.0,70.8,90.6,6.7,6.1
4.2,4.2,4.5,2.1,100.0,7.0,48.4,41.9,3.7,4.0
2.9,3.7,2.6,3.4,100.0,0.8,23.6,20.0,2.4,2.9
6.7,5.5,7.0,5.7,100.0,5.1,46.0,53.9,5.7,6.1
3.3,4.5,4.9,3.6,100.0,5.8,25.8,27.0,4.5,4.2
7.3,6.5,6.9,5.7,100.0,7.2,51.0,58.4,6.0,6.5
2.8,1.8,1.8,2.3,100.0,1.8,25.0,23.2,1.8,2.2
6.7,6.0,5.5,5.4,100.0,7.6,69.0,69.6,6.8,6.1
3.0,3.4,4.3,3.6,100.0,3.6,48.5,34.5,2.6,3.5
6.9,5.3,5.5,5.4,100.0,4.3,50.8,55.9,4.6,5.8
4.8,7.2,3.9,5.1,100.0,1.4,63.3,63.6,4.8,5.1
4.1,3.1,4.2,2.5,100.0,2.7,20.0,62.4,3.7,3.7
3.8,5.5,4.1,4.3,100.0,6.0,44.1,58.8,4.6,4.4
5.0,5.4,7.1,4.9,100.0,5.4,62.7,56.7,5.0,5.7
5.7,4.1,5.3,4.6,100.0,5.8,54.0,56.6,5.8,5.0
5.3,5.8,5.8,5.8,100.0,6.2,55.7,64.4,6.9,5.7
6.7,8.0,7.1,6.0,100.0,5.4,80.8,95.7,7.4,7.1
2.6,4.0,4.3,2.4,100.0,2.0,20.0,23.2,3.4,3.5
7.5,8.4,7.2,7.4,100.0,8.0,82.9,64.6,5.4,7.3
4.6,8.0,4.8,3.9,100.0,4.0,54.1,62.9,4.8,5.4
3.8,4.2,3.3,5.5,100.0,3.1,40.1,40.6,3.4,3.9
3.4,2.8,3.4,4.5,100.0,3.6,27.3,20.0,2.8,3.4
3.2,5.2,4.1,4.3,100.0,4.8,43.9,54.2,4.3,4.1
4.9,5.9,6.8,5.4,100.0,8.0,69.1,82.2,5.7,6.0
5.1,5.7,3.5,5.0,100.0,5.4,64.0,41.1,3.8,4.9
6.2,5.6,6.7,5.5,100.0,5.8,58.7,63.8,6.5,6.1
4.1,5.5,3.7,1.5,100.0,2.1,20.0,28.5,2.5,3.6
5.8,5.8,5.2,4.6,100.0,5.0,52.5,56.6,5.6,5.2
4.1,1.9,3.0,3.4,100.0,5.1,27.9,30.5,3.7,3.3
6.9,4.8,5.9,5.5,100.0,4.8,56.7,66.8,5.7,5.9
6.0,6.8,5.4,5.5,100.0,3.7,63.1,65.9,6.8,6.1
5.0,5.6,4.5,5.6,100.0,5.0,49.9,53.8,3.9,4.8
1.4,1.0,2.3,1.0,100.0,0.5,20.0,20.0,2.1,1.6
7.2,5.9,5.6,4.2,100.0,3.4,40.9,40.7,6.0,5.9
7.1,3.7,5.0,6.0,100.0,5.7,48.7,53.2,4.9,5.3
5.5,5.4,6.3,4.5,100.0,7.1,54.5,42.6,4.0,5.4
6.8,7.6,6.5,5.4,100.0,6.0,56.0,72.6,6.0,6.4
4.8,3.2,4.2,3.8,100.0,4.1,33.6,20.0,4.4,4.0
5.7,4.4,6.9,4.9,100.0,7.0,60.8,55.7,5.1,5.5
5.9,6.6,7.2,6.3,100.0,8.0,64.3,65.0,6.1,6.4
3.6,2.3,3.7,2.2,100.0,1.2,25.4,20.0,2.3,3.2
5.4,6.0,5.5,4.6,100.0,3.8,38.7,51.7,5.2,5.3
4.5,3.5,5.0,2.5,100.0,2.8,32.9,42.5,3.6,3.9
4.2,4.2,5.1,5.0,100.0,6.1,37.4,61.5,3.8,4.6
4.0,3.5,4.5,4.3,100.0,6.5,64.0,44.8,5.1,4.4
4.6,4.6,4.6,4.3,100.0,2.8,65.8,46.3,4.2,4.7
4.9,4.0,4.4,3.7,100.0,7.2,31.1,45.4,5.0,4.6
4.9,3.9,5.5,4.9,100.0,3.4,48.2,50.3,5.1,4.9
4.8,3.9,3.6,3.6,100.0,4.9,26.8,28.7,2.9,3.9
3.1,4.7,3.1,3.9,100.0,5.7,35.9,22.3,3.2,3.5
5.0,5.6,6.3,5.2,100.0,6.2,54.1,79.2,6.3,5.8
3.6,3.9,2.7,4.7,100.0,2.1,35.6,33.5,3.3,3.6
5.7,6.1,6.8,4.2,100.0,4.9,66.6,56.8,5.0,5.7
6.2,4.4,5.4,5.4,100.0,5.3,44.7,78.2,5.6,5.3
2.3,4.9,3.1,3.7,100.0,4.0,26.8,26.3,2.4,3.4
5.3,3.7,4.6,4.6,100.0,2.2,21.9,65.3,4.5,4.5
8.0,7.1,6.9,5.6,100.0,4.0,65.3,53.7,6.7,7.0
3.8,4.6,2.8,3.1,100.0,4.1,32.0,32.9,3.0,3.5
5.4,4.3,5.0,3.6,100.0,5.2,40.7,29.3,5.7,4.8
4.7,6.1,5.8,6.1,100.0,8.6,53.8,55.7,5.5,5.6
6.8,6.2,5.5,5.3,100.0,4.1,56.8,60.5,4.0,6.0
5.5,3.3,4.2,4.9,100.0,4.4,43.6,41.6,5.0,4.3
5.0,4.0,4.0,4.5,100.0,5.8,43.4,41.6,2.4,4.3
6.7,6.1,5.8,8.8,100.0,7.3,74.0,67.2,7.5,6.9
4.7,6.6,8.3,7.4,100.0,7.3,77.2,75.0,7.1,6.5
5.7,4.9,7.2,5.5,100.0,7.7,58.9,57.1,6.1,5.9
4.6,6.2,5.4,3.8,100.0,4.2,62.1,65.7,5.0,5.3
3.2,5.6,3.9,3.8,100.0,5.1,53.1,26.8,4.4,4.1
4.1,4.9,3.9,3.9,100.0,1.9,24.7,39.7,3.6,4.1
5.3,6.8,6.2,3.7,100.0,3.5,59.5,45.9,5.6,5.5
4.8,5.2,6.8,4.9,100.0,5.2,51.6,47.9,5.5,5.5
5.8,6.1,6.3,6.9,100.0,3.3,80.3,63.7,4.5,6.3
5.2,5.0,5.0,5.3,100.0,6.1,59.6,58.4,6.1,5.5
4.1,3.8,4.3,4.0,100.0,0.5,28.0,29.2,3.7,4.0
5.7,6.5,5.0,4.9,100.0,7.0,70.7,54.7,6.5,5.5
3.4,3.7,3.1,4.4,100.0,3.8,32.1,30.9,4.0,3.6
4.2,5.8,4.4,5.3,100.0,4.3,61.0,34.3,5.6,4.7
5.6,5.7,4.2,6.1,100.0,6.0,58.9,43.4,5.2,5.3
7.8,6.6,8.2,6.0,100.0,8.3,89.3,91.3,7.3,7.5
6.3,8.1,9.0,9.0,100.0,9.2,94.4,82.7,8.2,7.8
6.5,6.4,5.3,5.1,100.0,8.7,57.9,59.8,4.3,5.7
5.9,5.8,5.7,3.5,100.0,5.3,55.4,64.2,5.0,5.2
4.8,6.2,6.7,5.3,100.0,7.0,65.1,70.1,5.2,6.0
5.3,7.9,6.0,5.3,100.0,7.9,50.8,67.6,4.6,6.0
4.3,6.2,4.3,5.4,100.0,5.5,46.5,45.0,4.5,5.0
6.5,7.6,8.8,7.6,100.0,10.0,81.7,84.3,7.0,7.6
5.5,4.5,5.8,4.3,100.0,5.6,52.1,57.1,5.0,5.2
4.0,4.3,5.8,5.0,100.0,5.7,61.3,71.7,5.6,5.1
4.9,5.4,6.8,5.5,100.0,5.0,59.1,58.7,4.6,5.6
6.7,6.2,5.7,5.4,100.0,5.2,33.9,66.3,6.2,5.9
5.3,7.8,5.6,6.9,100.0,5.2,49.5,59.3,6.3,6.1
5.3,4.7,4.3,4.9,100.0,5.1,50.5,59.7,5.1,5.1
4.6,5.5,5.1,4.4,100.0,2.8,39.2,40.0,3.9,4.9
2.2,3.4,2.2,3.5,100.0,3.5,35.4,20.0,3.9,2.6
6.0,6.1,5.3,4.0,100.0,6.5,56.6,57.4,4.1,5.3
5.8,6.7,6.9,7.1,100.0,6.4,53.4,69.3,5.3,6.4
5.2,3.6,5.2,5.2,100.0,4.3,52.2,73.2,4.5,5.1
7.2,6.6,8.1,8.4,100.0,8.6,78.4,65.2,7.1,7.3
5.4,5.9,6.0,5.2,100.0,4.9,54.2,32.5,4.1,5.6
6.4,6.1,5.8,7.6,100.0,1.7,81.9,65.0,5.4,6.3
4.6,2.5,3.3,4.2,100.0,1.9,28.8,38.3,3.6,3.5
4.9,2.2,4.3,3.3,100.0,6.5,60.9,30.1,4.2,4.2
4.7,5.5,7.8,5.3,100.0,8.3,51.8,57.1,4.8,5.6
5.6,6.0,7.4,5.9,100.0,7.1,67.6,59.9,7.1,6.5
7.0,3.8,4.7,3.9,100.0,5.7,47.4,53.8,4.7,4.7
5.5,5.1,4.5,4.6,100.0,3.7,47.7,44.8,6.0,5.0
5.1,3.7,3.3,2.0,100.0,2.3,27.2,22.9,2.4,3.6
5.7,5.2,4.7,4.6,100.0,6.3,38.4,45.8,4.2,5.1
6.3,3.8,5.2,6.3,100.0,7.0,72.4,49.6,6.1,5.6
5.9,4.4,5.7,4.8,100.0,6.0,50.2,77.6,6.7,5.6
5.6,5.3,6.6,7.3,100.0,5.5,60.7,66.9,6.7,6.1
3.7,5.6,3.8,5.1,100.0,6.8,58.3,43.7,4.7,4.7
5.0,5.5,5.6,4.3,100.0,6.7,63.9,38.9,4.4,5.2
5.2,4.7,5.2,2.8,100.0,5.0,49.8,29.7,4.1,4.7
5.4,5.5,5.4,5.9,100.0,6.1,66.2,66.3,6.6,5.7
5.8,5.2,6.7,5.3,100.0,5.1,49.9,46.2,5.5,5.8
6.3,4.9,5.1,6.3,100.0,6.8,49.5,54.9,5.8,5.5
3.6,5.1,4.7,4.2,100.0,2.6,30.7,25.2,5.2,4.3
2.1,1.5,2.2,1.4,100.0,0.5,20.0,23.1,3.1,1.9
5.5,7.1,6.1,7.8,100.0,4.5,66.4,72.2,7.0,6.6
3.8,4.6,4.0,4.8,100.0,6.1,35.5,41.0,4.9,4.2
2.9,3.9,4.5,3.7,100.0,2.6,49.1,39.0,4.9,3.9
5.1,5.2,6.4,6.0,100.0,6.6,54.6,68.4,5.0,5.6
5.7,3.2,4.5,4.9,100.0,4.2,45.1,45.8,6.1,5.0
5.5,5.7,5.3,5.0,100.0,10.0,63.3,73.7,7.0,5.7
5.8,5.4,6.0,5.9,100.0,6.6,45.2,47.6,5.6,5.5
5.4,3.5,6.1,5.4,100.0,3.2,71.1,64.0,6.6,5.4
4.3,3.2,3.2,3.8,100.0,4.7,36.5,31.4,3.1,3.5
7.5,7.3,7.8,5.8,100.0,6.2,76.3,80.2,6.8,7.2
6.0,5.9,4.2,4.8,100.0,5.1,59.9,54.2,5.7,5.3
4.8,4.1,3.0,6.0,100.0,3.4,36.9,43.5,5.2,4.6
5.0,5.2,4.6,6.3,100.0,5.5,44.8,46.6,4.8,5.0
1.9,2.3,3.4,1.0,100.0,2.6,27.9,38.3,3.5,2.5
7.0,5.6,4.7,6.5,100.0,4.6,71.6,32.6,5.2,5.9
3.2,5.2,3.1,3.7,100.0,2.7,38.4,39.7,4.3,3.8
3.9,4.3,4.1,2.8,100.0,3.1,39.5,29.5,3.4,3.7
4.0,3.7,3.5,2.3,100.0,0.5,21.9,25.3,1.9,3.2
5.9,5.9,6.6,5.5,100.0,4.5,77.7,63.4,5.8,6.0
5.1,5.0,4.8,3.6,100.0,6.6,36.4,40.0,4.9,4.8
7.5,5.2,6.5,5.8,100.0,7.8,75.4,77.8,6.6,6.4
5.7,4.1,4.1,3.2,100.0,3.4,38.3,34.0,5.2,4.5
2.6,3.5,3.5,2.0,100.0,0.5,33.3,25.7,2.1,2.7
2.6,4.4,2.7,3.9,100.0,3.2,42.3,36.8,4.2,3.4
6.1,7.1,4.9,6.5,100.0,8.3,53.8,59.0,6.4,6.1
5.0,5.1,4.5,5.3,100.0,8.7,60.9,52.7,4.6,4.7
4.4,4.2,5.0,4.3,100.0,7.0,65.5,45.4,3.5,4.7
4.9,5.7,5.4,4.0,100.0,3.9,48.8,44.4,5.3,5.0
4.1,4.7,6.2,6.0,100.0,5.0,56.3,45.6,4.9,5.4
6.7,5.5,4.9,5.5,100.0,4.5,79.2,58.6,5.9,5.8
8.3,6.8,7.0,7.3,100.0,5.9,72.4,73.1,6.6,7.0
4.9,4.7,5.0,3.5,100.0,4.1,44.6,43.8,4.3,4.6
3.9,1.7,2.4,2.8,100.0,2.5,49.1,44.0,4.1,2.9
5.0,4.9,5.1,4.2,100.0,7.5,30.3,40.1,2.6,4.6
5.6,6.1,5.2,5.9,100.0,3.4,46.0,45.0,5.2,5.8
4.6,3.8,6.1,4.0,100.0,3.5,39.7,42.1,3.6,4.7
4.2,6.1,2.3,3.9,100.0,0.5,20.0,25.8,3.8,3.9
5.2,4.8,6.4,7.1,100.0,6.0,51.4,47.2,5.0,5.5
4.3,4.6,4.7,3.3,100.0,2.9,45.4,41.5,5.7,4.6
4.8,4.7,3.9,4.1,100.0,6.7,60.1,20.5,4.9,4.6
4.3,4.0,3.7,3.1,100.0,3.4,45.6,44.3,4.2,4.1
4.5,4.4,4.9,3.2,100.0,2.6,29.7,55.9,5.4,4.4
4.1,2.5,4.6,3.3,100.0,0.5,29.2,45.3,3.9,3.8
6.4,5.5,7.3,6.7,100.0,4.9,56.5,82.2,5.2,6.3
6.9,6.1,7.3,5.7,100.0,6.9,63.4,80.6,5.9,6.5
3.8,4.0,2.1,2.5,100.0,2.9,20.0,20.0,2.7,2.8
3.9,6.0,4.7,2.4,100.0,2.9,40.6,47.1,2.7,4.2
2.2,4.5,3.5,2.5,100.0,4.1,20.6,26.6,2.7,3.2
3.9,3.5,3.7,3.8,100.0,2.3,46.1,36.0,4.2,3.7
4.9,4.2,4.7,5.5,100.0,0.5,48.7,41.2,6.3,5.0
1.8,3.1,2.7,1.8,100.0,3.2,20.0,25.6,3.5,2.6
5.0,5.6,3.9,3.5,100.0,5.6,50.1,39.5,4.0,4.7
3.9,3.6,3.3,4.8,100.0,5.4,49.1,50.8,5.0,3.8
5.6,4.0,4.5,4.9,100.0,3.4,56.0,60.4,5.7,5.0
6.2,4.6,5.4,3.2,100.0,4.3,48.6,43.3,5.6,5.3
3.6,4.9,4.6,5.3,100.0,5.0,28.6,28.7,3.8,4.3
5.7,5.9,5.1,5.9,100.0,4.3,63.4,58.3,4.3,5.7
4.3,4.2,5.3,5.1,100.0,4.3,50.0,50.8,4.5,4.6
4.5,5.3,4.5,3.1,100.0,3.5,37.8,58.2,6.0,4.6
6.4,4.8,6.8,8.3,100.0,5.9,68.2,72.4,8.1,6.4
7.9,6.7,7.1,5.9,100.0,5.7,74.7,74.8,7.1,6.8
3.1,4.3,3.3,3.0,100.0,4.5,20.0,39.1,2.9,3.1
6.6,5.2,6.1,5.4,100.0,6.3,56.2,48.9,4.9,6.0
4.5,5.2,4.2,6.8,100.0,8.1,51.8,64.9,5.4,4.9
4.6,1.8,3.6,3.5,100.0,4.1,22.7,41.8,3.8,3.3
6.8,7.5,4.7,6.4,100.0,8.6,55.1,67.4,5.6,6.2
6.9,6.2,6.0,6.9,100.0,8.5,82.1,72.3,7.6,6.5
3.5,3.9,2.7,3.6,100.0,4.5,20.0,59.3,2.6,3.4
4.2,4.5,3.1,3.1,100.0,3.4,40.6,55.5,3.8,4.1
8.1,7.7,5.8,7.8,100.0,10.0,67.8,65.4,5.7,6.7
3.9,5.2,5.0,4.0,100.0,5.6,63.8,52.2,6.0,4.8
6.3,5.1,6.1,6.0,100.0,2.9,60.8,65.3,6.1,5.6
4.7,5.6,5.6,5.7,100.0,5.9,51.3,54.5,4.8,5.1
5.5,6.7,4.1,6.5,100.0,4.1,47.7,68.6,6.1,5.6
3.2,3.2,3.5,4.6,100.0,4.5,40.0,20.0,2.2,3.3
5.9,5.3,6.5,6.1,100.0,7.7,70.7,63.3,5.0,5.9
6.4,4.9,6.2,6.9,100.0,6.5,62.6,74.4,5.8,6.1
3.8,3.6,4.7,6.3,100.0,3.3,55.6,56.6,3.3,4.1
5.8,5.8,5.1,4.9,100.0,5.2,44.9,34.5,4.9,5.4
1.7,2.9,3.7,2.2,100.0,1.7,27.0,20.0,3.1,2.8
6.0,5.0,4.5,5.3,100.0,7.0,51.7,41.0,5.3,5.2
5.4,5.0,5.5,4.5,100.0,6.7,63.9,49.8,6.1,5.2
4.0,5.0,6.0,5.3,100.0,9.3,39.1,36.3,4.4,5.0
6.5,6.1,7.4,7.3,100.0,6.0,63.9,72.3,5.4,6.4
3.4,4.3,5.2,4.5,100.0,4.0,38.4,47.3,4.0,4.1
5.7,7.0,6.1,4.3,100.0,5.6,61.1,56.9,4.8,5.8
2.6,5.3,5.0,4.7,100.0,3.3,38.6,35.0,3.3,4.4
5.3,3.4,6.4,3.4,100.0,6.5,38.6,61.6,5.4,4.8
4.1,5.1,4.7,3.4,100.0,4.3,51.4,37.0,3.5,4.4
4.9,4.5,4.6,5.1,100.0,8.3,38.6,34.1,5.0,4.8
4.8,4.3,4.4,4.8,100.0,5.3,66.4,51.6,5.2,4.8
4.2,5.1,7.1,5.2,100.0,4.1,42.9,44.1,5.6,5.3
5.9,5.8,4.9,5.9,100.0,5.1,72.9,52.2,5.5,5.6
3.3,4.7,4.1,6.0,100.0,5.9,45.5,49.0,6.1,4.5
3.6,3.7,2.1,3.1,100.0,2.6,28.3,20.0,2.3,3.2
8.5,7.4,7.2,8.0,100.0,7.6,64.6,67.7,6.9,7.4
8.9,6.0,5.8,7.4,100.0,6.2,79.2,46.8,5.8,6.7
3.5,2.8,3.4,2.3,100.0,3.0,31.1,33.2,3.8,3.6
6.5,4.4,4.4,5.7,100.0,5.1,65.0,76.1,7.8,5.6
3.0,3.6,4.8,6.3,100.0,6.3,41.5,36.7,5.7,4.5
6.5,7.2,6.2,4.9,100.0,6.5,55.3,46.0,5.9,6.3
6.0,4.6,5.1,4.8,100.0,5.2,45.5,72.3,4.9,5.3
4.3,3.6,4.6,4.9,100.0,4.4,45.0,52.8,4.6,4.5
5.0,4.4,3.9,3.6,100.0,4.0,34.0,62.0,4.9,4.4
4.0,4.1,4.3,3.5,100.0,4.0,32.6,41.2,4.7,4.2
3.5,3.7,3.9,3.5,100.0,2.2,37.6,38.5,4.0,3.7
4.4,5.4,4.6,5.3,100.0,0.9,41.2,52.0,4.1,4.9
4.1,5.4,5.8,4.8,100.0,3.7,51.5,47.5,5.7,5.4
5.0,3.6,3.6,3.0,100.0,3.7,38.2,41.7,5.1,4.1
5.0,5.4,5.6,4.5,100.0,4.9,64.3,36.0,4.7,5.3
5.9,6.3,7.4,8.7,100.0,8.5,74.7,89.7,6.9,6.8
3.6,5.1,3.3,4.1,100.0,3.8,42.3,45.2,4.7,4.0
5.9,5.0,3.9,5.7,100.0,8.2,55.3,52.5,4.9,5.1
5.1,3.9,5.8,4.9,100.0,4.9,69.3,66.6,6.5,5.2
4.5,5.5,5.9,5.8,100.0,5.9,45.0,45.3,5.4,5.4
4.6,3.6,4.6,6.4,100.0,4.7,48.0,45.6,6.0,4.9
5.9,8.0,5.5,5.3,100.0,6.8,64.5,66.7,5.6,6.3
4.6,4.7,5.0,6.0,100.0,7.3,41.4,57.7,5.8,4.9
2.6,3.4,2.9,2.3,100.0,4.1,45.3,35.9,3.7,3.1
7.7,6.3,6.5,7.8,100.0,3.3,65.6,65.5,7.2,6.9
5.4,5.8,5.2,6.3,100.0,7.1,72.9,69.6,6.6,5.9
3.8,3.8,3.9,3.7,100.0,2.3,49.7,25.3,3.8,4.0
4.8,5.5,4.4,4.8,100.0,4.6,54.7,63.4,4.8,5.1
5.5,7.3,4.8,5.4,100.0,7.1,37.9,55.4,5.6,5.5
5.2,5.5,5.4,4.3,100.0,3.0,48.3,47.4,4.8,5.1
7.0,7.7,5.9,4.1,100.0,8.3,68.2,60.1,5.6,6.4
7.6,6.8,8.0,7.8,100.0,8.0,74.6,82.6,7.8,7.7
3.1,4.4,3.0,3.9,100.0,7.1,20.3,40.5,5.0,3.2
4.4,3.5,2.8,3.8,100.0,3.0,33.9,36.6,4.3,3.6
5.3,5.7,5.9,4.9,100.0,8.0,42.1,63.6,4.2,5.4
7.3,7.2,7.7,5.2,100.0,7.9,81.4,65.1,4.6,6.8
2.9,4.5,3.3,4.7,100.0,3.7,49.2,40.6,4.3,4.0
6.9,6.4,6.6,5.3,100.0,5.2,85.3,75.5,5.5,6.5
4.9,3.9,3.7,3.5,100.0,3.2,30.2,32.3,2.5,3.8
5.5,4.1,5.4,4.2,100.0,5.2,67.9,61.0,6.1,5.2
4.1,4.0,4.9,5.3,100.0,6.5,41.4,46.3,4.2,4.7
7.3,6.9,6.4,7.7,100.0,7.2,85.8,63.0,5.8,7.1
6.9,6.5,7.5,6.6,100.0,7.5,59.5,59.6,8.2,6.9
3.8,5.1,3.7,4.7,100.0,1.8,47.4,50.4,3.8,4.2
4.1,3.3,5.2,4.4,100.0,4.8,48.4,40.4,4.0,4.3
5.5,5.9,5.5,5.1,100.0,4.5,61.4,67.1,6.8,5.5
5.5,4.8,4.3,2.8,100.0,5.1,40.1,35.5,4.8,4.7
5.3,6.2,5.6,5.2,100.0,5.8,46.3,61.9,4.9,5.4
5.2,5.0,4.3,4.3,100.0,3.9,53.2,53.9,4.7,4.7
3.3,3.6,2.7,3.7,100.0,3.6,33.3,20.0,3.1,3.4
4.8,5.7,3.7,5.0,100.0,4.6,44.5,52.7,4.7,4.6
3.6,4.3,3.4,3.6,100.0,1.8,22.6,22.2,4.0,3.6
3.9,3.4,4.7,6.0,100.0,6.6,67.4,46.3,3.6,4.5
6.7,5.4,6.0,7.2,100.0,5.8,78.4,86.5,7.6,6.4
2.6,3.6,3.1,1.0,100.0,3.9,27.2,34.3,4.6,3.1
5.6,5.5,6.3,5.5,100.0,6.9,74.1,64.1,6.1,5.7
4.3,5.5,4.2,3.4,100.0,5.2,55.2,42.6,4.3,4.1
6.4,5.4,5.3,4.0,100.0,5.1,50.7,56.6,5.3,5.5
3.7,5.8,6.1,5.8,100.0,4.7,57.1,74.2,6.4,5.3
5.3,4.3,5.7,5.7,100.0,8.0,61.8,50.8,5.1,5.2
7.1,6.2,6.6,5.9,100.0,7.3,69.5,62.1,6.5,6.6
6.3,5.2,6.4,7.1,100.0,7.2,47.3,66.8,5.9,6.2
5.2,3.9,5.7,5.2,100.0,2.5,47.3,49.0,3.7,4.8
4.3,3.3,4.9,4.8,100.0,2.6,43.8,33.1,4.2,4.5
3.2,3.6,3.3,3.9,100.0,4.4,36.4,45.2,4.5,3.7
2.2,5.1,4.9,5.1,100.0,0.8,38.1,43.3,4.1,4.5
8.7,8.5,8.7,8.3,100.0,9.9,100.0,100.0,7.7,8.4
5.9,6.1,6.2,6.2,100.0,4.9,66.6,57.5,6.2,6.1
2.7,1.9,3.6,1.7,100.0,1.7,29.7,20.0,4.2,2.8
3.0,3.9,4.2,4.3,100.0,0.9,33.3,50.8,3.6,3.7
7.0,4.8,5.9,5.5,100.0,6.1,55.4,68.7,5.6,5.9
7.6,5.8,7.0,8.2,100.0,7.5,44.3,50.1,5.6,6.9
5.8,5.3,6.4,5.3,100.0,6.3,60.4,66.9,6.4,5.9
4.3,5.5,5.1,4.8,100.0,5.3,48.4,41.5,5.4,4.9
3.9,4.7,4.1,5.3,100.0,5.1,44.5,31.1,3.8,4.3
5.8,5.3,5.3,4.4,100.0,6.5,53.6,33.9,6.1,5.3
6.5,5.6,5.2,5.4,100.0,5.8,20.0,51.1,5.5,5.4
2.1,4.4,2.8,2.4,100.0,0.5,28.8,32.3,3.5,3.0
2.8,5.6,5.2,4.5,100.0,6.0,55.6,61.8,4.7,4.8
4.5,3.9,4.1,5.0,100.0,4.9,23.9,49.8,4.8,4.6
6.0,5.2,5.3,4.4,100.0,4.7,45.9,60.9,5.5,5.5
7.3,8.1,9.0,8.8,100.0,6.5,100.0,98.0,7.8,8.2
5.6,4.5,4.8,6.7,100.0,5.9,44.0,67.0,6.2,5.4
5.0,4.1,5.8,4.0,100.0,5.0,50.1,25.2,5.2,4.6
6.0,5.4,4.6,5.8,100.0,5.7,58.9,73.7,5.6,5.4
4.9,6.2,6.6,7.6,100.0,6.0,61.3,46.0,5.8,6.1
6.3,4.5,5.5,5.9,100.0,7.2,56.8,47.2,7.0,6.0
5.4,7.0,6.5,5.3,100.0,9.5,56.3,66.1,5.4,6.0
6.3,8.2,7.7,8.2,100.0,8.3,84.7,90.1,8.0,7.6
2.0,3.7,3.9,3.1,100.0,3.8,28.1,26.9,2.9,3.1
6.6,5.6,6.0,4.2,100.0,4.5,39.3,63.6,5.2,5.6
4.4,3.4,4.5,5.1,100.0,2.9,26.8,41.7,4.5,4.4
5.7,5.9,5.4,4.7,100.0,5.6,47.9,55.2,5.9,5.4
3.5,4.9,4.6,6.1,100.0,5.4,20.2,37.8,3.8,4.5
4.1,3.8,3.7,4.1,100.0,5.6,47.4,64.5,5.7,4.3
3.8,3.2,4.6,6.5,100.0,7.5,43.8,42.8,4.0,4.4
5.8,6.8,6.8,5.0,100.0,4.2,68.2,62.2,6.1,6.1
4.4,6.4,6.8,7.0,100.0,4.4,69.0,65.3,6.5,6.1
2.9,2.4,3.8,3.9,100.0,4.8,38.9,29.5,2.9,3.4
4.8,4.4,4.8,5.8,100.0,7.3,54.9,58.7,5.4,5.0
4.6,3.3,4.8,5.0,100.0,4.0,29.6,54.0,4.9,4.3
3.5,2.8,3.0,3.1,100.0,0.5,36.9,28.7,3.4,3.3
5.4,4.4,6.0,3.6,100.0,3.6,49.0,38.2,4.2,4.8
5.7,4.4,4.6,4.6,100.0,5.0,67.3,65.1,4.4,4.9
8.8,7.3,6.8,8.1,100.0,7.3,86.5,87.6,6.0,7.6
5.9,4.8,4.7,5.1,100.0,5.9,60.3,39.4,6.2,5.2
3.4,3.1,3.4,3.6,100.0,5.8,28.4,48.0,3.5,3.1
3.5,4.5,4.4,4.6,100.0,6.3,42.0,52.8,4.2,4.3
6.8,5.9,7.6,5.4,100.0,7.7,65.1,81.3,5.0,6.1
8.8,8.6,6.8,7.9,100.0,8.0,77.0,95.7,8.3,7.9
3.4,3.6,3.1,2.9,100.0,1.9,28.0,52.7,2.8,3.3
4.3,1.2,2.0,2.1,100.0,3.3,28.0,20.0,3.2,2.7
6.0,7.7,6.9,7.9,100.0,7.8,73.9,70.1,7.2,7.0
4.5,6.0,6.7,4.8,100.0,5.7,64.2,50.9,4.3,5.3
4.6,3.5,3.1,3.6,100.0,1.4,44.1,31.8,4.9,3.8
5.9,4.2,6.1,5.7,100.0,4.7,49.2,59.2,6.4,5.7
2.9,1.8,2.1,3.0,100.0,2.2,20.0,20.0,2.4,2.4
5.0,5.0,5.0,5.2,100.0,3.4,54.5,38.2,5.2,4.9
4.7,4.3,5.8,5.9,100.0,5.9,49.0,46.2,4.5,4.9
5.9,4.7,5.3,5.8,100.0,7.0,53.4,60.9,6.7,5.5
2.6,3.7,5.0,3.7,100.0,4.2,52.0,46.2,5.4,4.0
4.2,4.9,6.5,5.1,100.0,6.0,41.6,45.5,5.2,5.2
4.7,3.5,3.9,4.1,100.0,4.6,20.9,44.2,4.0,3.8
6.0,5.2,7.1,5.0,100.0,4.4,46.0,40.6,4.5,6.0
4.2,2.9,3.6,5.1,100.0,1.5,38.9,20.0,2.4,3.6
3.1,4.1,4.8,4.2,100.0,3.1,44.6,42.5,4.3,4.1
3.5,4.3,4.8,2.3,100.0,4.6,53.9,29.0,4.9,3.9
4.8,5.4,5.5,8.2,100.0,4.2,52.1,50.9,6.7,6.2
7.0,4.4,5.0,5.7,100.0,4.7,65.2,52.9,6.0,5.8
4.3,4.3,3.6,5.9,100.0,3.1,57.8,39.4,5.0,4.4
4.2,4.0,6.5,6.3,100.0,2.3,44.0,40.7,4.2,5.1
3.3,3.5,2.9,4.1,100.0,1.1,35.3,20.0,3.3,3.2
4.1,4.9,4.5,4.5,100.0,6.1,27.2,31.9,4.3,4.3
6.1,3.3,4.1,5.2,100.0,3.8,66.8,28.0,5.0,4.9
7.6,8.9,8.8,7.0,100.0,6.3,99.3,67.2,7.9,8.3
2.5,2.6,3.1,5.4,100.0,2.6,26.5,57.9,3.5,3.1
5.0,8.3,6.4,6.0,100.0,8.0,80.3,71.3,7.5,6.4
6.2,6.1,6.4,6.0,100.0,3.7,78.1,80.2,7.6,6.5
4.9,4.1,4.6,5.4,100.0,6.9,41.3,52.4,5.2,4.9
6.0,6.0,7.0,7.0,100.0,5.5,70.4,74.9,8.1,6.5
6.4,5.8,6.5,4.9,100.0,5.0,69.0,58.6,4.6,6.0
6.0,5.1,5.8,6.7,100.0,5.0,56.5,62.2,5.4,5.6
4.9,4.8,5.0,5.8,100.0,4.1,53.6,36.7,4.0,4.9
7.6,8.0,6.6,6.8,100.0,6.7,69.1,64.6,6.2,6.9
6.8,5.6,6.0,6.0,100.0,7.8,75.4,69.5,6.8,6.2
3.6,4.3,5.7,5.2,100.0,4.0,45.7,21.3,5.1,5.0
2.6,4.8,2.8,3.0,100.0,2.1,31.3,43.2,2.9,3.2
5.4,5.0,4.9,6.1,100.0,5.4,25.9,57.6,5.1,5.1
4.4,2.5,4.1,4.1,100.0,4.1,44.4,20.0,4.9,3.9
5.1,5.4,5.7,6.0,100.0,3.9,56.3,40.3,5.7,5.5
5.8,5.4,7.3,6.4,100.0,6.9,56.2,69.6,6.7,6.1
4.9,5.8,4.4,4.5,100.0,3.2,31.4,51.6,4.0,4.8
4.3,4.2,5.2,6.0,100.0,3.6,54.5,64.6,4.5,4.8
5.0,7.9,5.3,7.0,100.0,6.3,52.8,44.5,4.5,5.8
7.2,7.4,4.4,7.4,100.0,6.9,43.0,86.1,6.0,6.2
1.8,1.5,1.2,3.1,100.0,2.8,20.0,20.0,1.7,1.8
3.0,4.3,3.8,4.8,100.0,5.0,44.0,38.7,4.8,3.9
4.4,6.0,4.8,4.8,100.0,4.0,59.9,58.8,5.4,5.0
7.2,7.2,5.6,6.7,100.0,8.3,62.2,71.1,6.6,6.5
4.6,4.8,4.9,3.6,100.0,3.8,41.1,45.2,3.1,4.1
2.6,4.0,2.7,3.1,100.0,3.6,20.0,41.8,2.8,3.1
5.3,5.6,5.6,6.1,100.0,5.7,72.5,61.8,5.4,5.4
4.6,3.9,3.3,2.5,100.0,4.5,42.2,30.6,5.8,3.7
2.9,3.2,3.5,3.6,100.0,3.7,25.5,23.8,2.7,3.3
4.5,5.1,2.4,4.6,100.0,5.3,29.1,55.4,4.1,3.8
4.2,5.1,4.7,4.7,100.0,2.3,34.6,54.1,5.1,4.3
3.6,4.6,4.3,4.6,100.0,1.7,59.0,25.4,3.6,4.4
1.8,3.1,2.5,1.2,100.0,2.7,20.0,20.0,3.7,2.3
5.8,4.1,5.0,5.4,100.0,6.9,59.5,63.7,7.5,5.6
6.5,6.8,6.7,7.4,100.0,5.7,67.0,75.3,5.9,6.5
6.0,6.0,5.0,5.8,100.0,6.5,53.5,53.0,5.4,5.4
1.0,5.2,3.0,3.9,100.0,1.2,31.9,20.0,5.2,3.3
4.1,3.3,5.3,4.3,100.0,9.6,47.3,35.7,5.8,4.3
4.7,6.5,6.4,5.0,100.0,7.0,50.1,66.4,4.7,5.6
6.9,5.8,5.8,3.7,100.0,6.8,46.4,64.0,6.0,5.8
4.9,6.3,5.2,6.5,100.0,6.1,68.9,70.0,4.8,5.7
4.2,5.7,4.3,5.7,100.0,3.0,33.5,50.6,5.7,4.8
6.3,5.6,5.8,4.2,100.0,3.2,44.6,45.0,5.2,5.7
4.5,5.9,6.0,4.7,100.0,5.5,49.8,53.1,6.0,5.2
7.1,7.0,8.7,7.1,100.0,5.9,61.3,70.2,6.1,7.3
5.2,5.4,5.3,7.1,100.0,4.9,63.2,64.7,5.0,5.6
5.5,5.9,6.1,5.9,100.0,4.1,70.8,72.7,6.3,6.2
4.5,4.4,6.2,4.0,100.0,5.5,44.0,70.0,6.5,5.2
6.1,6.6,7.8,6.5,100.0,6.6,52.7,79.3,6.3,6.7
7.7,3.2,4.1,4.6,100.0,6.4,45.9,64.4,4.8,5.0
4.6,4.4,4.0,3.4,100.0,4.4,32.6,56.3,4.2,4.4
7.6,6.6,7.8,6.4,100.0,7.4,58.7,69.0,7.9,7.1
6.2,5.5,7.9,5.0,100.0,10.0,54.5,72.4,5.4,5.9
3.2,4.7,5.0,3.8,100.0,5.6,37.8,49.1,4.3,4.0
4.7,3.0,4.2,4.5,100.0,2.4,42.7,49.0,5.0,4.2
6.2,7.2,4.6,5.5,100.0,6.1,39.9,52.3,6.0,6.0
4.9,5.5,7.2,4.3,100.0,5.6,62.7,43.0,5.4,5.8
6.0,5.1,5.8,5.6,100.0,3.3,69.6,56.4,6.0,5.7
5.9,4.4,4.8,5.0,100.0,3.3,69.0,58.2,5.8,5.3
8.5,7.1,6.9,7.7,100.0,8.2,69.7,69.7,7.1,7.4
6.0,7.6,6.5,7.0,100.0,7.7,72.8,65.1,6.9,7.0
4.4,6.2,5.6,4.7,100.0,3.7,58.4,44.0,5.8,5.5
5.8,6.9,5.5,6.7,100.0,7.9,63.7,55.4,5.4,6.1
4.9,4.3,3.3,3.0,100.0,3.9,36.3,29.7,4.8,4.0
4.0,5.1,4.3,6.6,100.0,7.4,62.8,42.7,5.7,5.1
5.5,5.8,7.9,6.5,100.0,9.3,86.0,71.3,8.2,6.7
4.8,4.5,4.5,5.0,100.0,4.4,38.6,53.9,4.8,4.4
3.6,3.8,4.3,3.8,100.0,6.2,44.8,51.8,4.2,4.2
4.2,5.2,5.2,3.3,100.0,2.3,56.9,61.0,4.5,4.8
4.4,4.0,3.9,4.5,100.0,7.0,42.5,29.7,4.1,4.2
3.6,5.6,4.0,3.5,100.0,2.5,53.6,50.2,5.2,4.3
3.1,5.7,4.7,3.1,100.0,4.4,20.0,47.8,4.9,4.2
4.9,2.9,3.4,1.0,100.0,2.0,34.9,26.5,3.3,2.9
4.2,3.3,5.9,4.2,100.0,4.5,52.9,54.3,5.7,4.5
5.2,7.4,6.3,7.3,100.0,10.0,73.8,74.6,6.4,6.7
4.8,5.2,3.5,5.0,100.0,2.9,25.1,31.4,6.0,4.7
6.5,5.5,7.6,6.2,100.0,8.6,67.7,67.6,7.0,6.3
5.6,7.1,6.5,5.3,100.0,5.4,66.7,53.6,6.5,6.1
6.6,6.6,5.3,5.8,100.0,8.0,54.9,59.2,6.9,5.8
5.1,4.4,5.3,3.0,100.0,3.2,42.6,52.1,2.7,4.3
5.8,7.6,6.3,5.2,100.0,6.7,62.6,55.2,5.5,6.2
4.9,5.0,3.9,4.6,100.0,4.3,31.7,27.7,3.4,4.6
4.4,6.7,6.8,6.5,100.0,5.3,69.1,66.5,5.0,6.1
5.8,5.7,4.8,5.4,100.0,9.4,41.4,54.9,4.9,5.3
5.0,6.3,6.4,4.5,100.0,6.9,50.5,54.2,4.7,5.5
4.7,3.2,3.3,3.7,100.0,2.9,31.0,49.2,2.8,3.5
4.0,3.9,2.9,1.9,100.0,2.6,24.6,30.3,4.1,3.5
5.2,4.9,5.0,6.5,100.0,6.0,71.3,57.2,7.1,5.7
4.4,3.5,4.3,4.1,100.0,1.8,27.8,20.0,2.9,3.7
6.3,5.2,4.9,4.4,100.0,8.4,64.8,53.9,4.7,5.0
3.9,2.7,4.5,4.8,100.0,3.6,20.7,20.0,3.0,3.7
5.2,6.1,6.9,4.4,100.0,6.1,69.8,53.6,5.9,5.8
3.1,3.2,4.5,4.0,100.0,4.7,20.0,20.0,2.4,3.5
5.7,6.1,5.8,6.2,100.0,4.7,72.4,49.4,5.2,5.6
5.7,4.2,5.9,4.7,100.0,4.2,70.7,58.6,5.2,5.2
4.8,4.1,3.3,4.1,100.0,3.8,34.0,37.1,4.4,4.1
4.1,5.8,6.4,4.3,100.0,6.1,50.5,54.6,6.0,5.2
5.6,5.0,5.6,2.8,100.0,6.2,58.5,50.7,5.2,5.2
4.1,4.2,4.8,3.4,100.0,2.0,26.7,36.9,4.1,4.4
3.1,2.3,5.0,3.2,100.0,2.8,35.2,34.5,3.3,3.4
2.1,3.0,2.2,3.2,100.0,0.5,20.0,20.0,2.7,2.7
5.2,6.0,5.3,5.5,100.0,3.8,52.7,58.0,4.7,5.3
1.0,3.6,3.4,3.2,100.0,3.7,20.1,24.5,4.2,2.7
4.6,6.1,4.4,4.2,100.0,6.6,43.4,47.1,4.0,4.6
4.0,4.9,4.5,4.2,100.0,2.9,63.1,53.8,4.2,4.6
6.2,6.3,6.2,5.0,100.0,5.5,68.0,66.2,6.4,6.0
4.0,4.8,4.4,3.6,100.0,4.6,30.7,45.1,4.4,4.1
4.4,5.3,5.5,4.1,100.0,6.1,36.3,57.0,5.1,4.7
7.1,4.4,4.8,5.9,100.0,8.4,69.6,61.8,7.1,5.9
6.2,4.5,6.2,4.9,100.0,5.7,64.7,53.4,6.0,5.7
6.1,6.9,5.9,5.1,100.0,5.1,40.9,54.1,4.5,6.0
5.2,3.2,5.2,6.2,100.0,3.5,64.0,58.7,4.7,5.0
3.6,3.0,2.5,2.7,100.0,2.9,29.6,20.0,3.0,3.1
5.7,7.0,4.4,4.7,100.0,9.2,41.9,42.6,6.2,5.6
5.6,5.6,5.2,6.2,100.0,7.9,55.2,62.0,6.6,5.6
4.1,3.4,4.5,4.0,100.0,3.7,33.4,43.1,3.2,4.0
4.2,4.8,4.7,5.0,100.0,5.1,46.8,36.3,4.4,4.8
6.1,4.6,5.8,5.5,100.0,3.9,36.2,60.1,4.8,5.3
4.7,4.9,4.4,5.2,100.0,4.3,40.4,31.5,4.6,5.0
5.9,4.7,5.9,5.4,100.0,5.7,48.8,49.4,6.5,5.7
7.9,7.8,6.2,8.8,100.0,7.4,66.1,88.5,6.6,7.7
7.1,7.7,5.6,5.2,100.0,8.1,61.0,69.8,6.4,6.3
2.3,3.3,3.3,2.9,100.0,4.5,29.0,27.3,4.1,2.9
6.1,4.4,5.3,6.6,100.0,6.7,62.4,61.9,6.9,5.8
7.3,6.1,5.5,6.7,100.0,5.5,87.7,81.9,6.6,6.5
6.2,5.3,5.3,6.1,100.0,4.1,64.5,41.4,6.4,5.7
5.4,6.8,6.4,6.5,100.0,5.3,79.5,79.5,7.6,6.2
6.9,6.4,8.3,8.6,100.0,8.4,75.4,75.3,7.3,7.4
7.0,5.5,6.9,5.3,100.0,3.5,55.3,72.4,5.8,6.3
4.7,5.8,6.2,6.5,100.0,5.4,61.8,47.6,6.9,5.7
6.0,7.2,6.8,7.3,100.0,8.7,65.5,82.5,7.1,6.7
6.4,4.6,5.4,4.1,100.0,6.2,59.5,51.9,5.2,5.4
5.0,3.7,4.1,5.6,100.0,4.5,41.5,37.1,5.5,4.7
4.0,7.7,4.7,4.5,100.0,3.4,51.2,49.4,3.8,5.0
6.2,7.6,7.3,6.3,100.0,8.6,71.7,86.5,7.7,6.8
4.3,3.8,5.1,2.4,100.0,4.2,33.1,49.6,2.7,3.9
5.8,7.7,7.3,5.9,100.0,6.9,69.3,73.9,7.6,6.8
5.4,5.5,6.5,6.2,100.0,4.9,62.4,65.6,5.1,5.6
3.6,4.2,2.6,4.0,100.0,3.0,36.8,24.8,2.1,3.3
6.5,5.6,5.2,5.3,100.0,5.1,51.9,61.4,4.0,5.4
3.0,2.6,2.8,3.2,100.0,3.0,21.9,22.1,2.1,2.8
5.2,5.6,6.6,6.6,100.0,7.8,62.8,30.4,6.3,5.9
7.0,4.7,6.0,6.2,100.0,4.3,70.7,53.3,5.1,5.9
4.0,6.1,4.2,3.7,100.0,2.3,51.0,43.2,3.4,4.4
4.2,4.2,5.6,5.5,100.0,7.2,70.0,53.5,4.8,5.0
7.2,6.0,6.5,7.8,100.0,8.2,74.7,79.0,7.9,6.9
5.5,4.2,5.6,5.0,100.0,2.5,57.0,43.3,5.1,5.6
3.9,2.8,3.1,4.5,100.0,4.9,35.3,46.2,3.8,3.4
6.8,6.7,5.4,5.6,100.0,7.7,61.3,75.8,7.5,6.4
8.7,8.0,7.4,6.9,100.0,10.0,72.9,56.1,7.9,7.8
3.9,6.0,6.2,3.3,100.0,4.7,54.7,69.5,4.7,4.7
5.2,7.0,6.6,6.9,100.0,8.2,72.4,46.1,6.9,6.4
5.3,6.3,7.2,6.4,100.0,4.8,60.0,79.7,5.7,6.0
4.4,4.2,4.1,4.5,100.0,6.0,31.2,23.2,4.5,4.3
4.6,4.8,4.3,3.1,100.0,5.7,37.4,57.0,3.6,4.2
7.7,4.8,5.4,7.7,100.0,9.3,59.8,65.7,6.6,6.2
7.2,7.6,5.4,6.0,100.0,9.2,56.5,79.1,7.9,6.5
5.4,4.3,5.8,6.4,100.0,5.7,36.3,38.6,5.8,5.5
3.9,5.9,4.9,4.0,100.0,1.9,33.0,44.1,3.9,4.5
7.5,7.0,7.6,7.2,100.0,7.1,82.3,84.0,7.5,7.4
3.0,4.2,4.8,4.1,100.0,1.6,48.6,48.2,4.8,4.2
6.8,3.9,5.7,4.0,100.0,3.1,31.3,54.5,6.1,5.3
5.8,4.8,5.6,6.6,100.0,6.2,41.7,56.9,5.9,5.6
7.0,9.0,6.8,6.9,100.0,7.3,68.0,71.2,6.5,7.5
6.5,6.9,5.4,4.9,100.0,5.9,62.8,54.7,5.9,6.3
6.1,4.0,7.0,5.2,100.0,4.4,66.3,51.8,4.8,5.9
5.4,7.0,5.9,5.7,100.0,3.0,64.1,69.0,4.7,5.9
4.5,6.2,4.4,5.8,100.0,5.3,47.0,42.3,3.3,4.9
6.1,5.4,4.8,5.1,100.0,6.4,62.0,39.9,5.3,5.6
2.3,2.3,2.9,1.5,100.0,0.5,20.0,20.0,1.0,2.1
4.0,4.6,3.9,4.7,100.0,3.8,46.3,51.6,4.7,4.6
6.4,7.2,6.6,6.1,100.0,7.7,53.0,50.6,4.9,6.5
3.9,2.9,1.6,2.4,100.0,5.0,46.8,38.8,2.8,2.8
6.0,5.6,6.5,5.9,100.0,3.4,60.7,35.8,3.9,5.9
5.9,4.3,5.1,4.3,100.0,4.6,39.2,20.0,4.5,5.0
7.1,5.7,7.2,6.8,100.0,9.8,68.7,79.0,5.8,6.6
7.1,9.0,6.8,8.6,100.0,7.0,70.3,83.6,7.4,7.8
5.1,3.3,5.8,4.3,100.0,3.9,27.4,25.9,4.6,4.8
4.2,5.0,5.3,5.5,100.0,6.4,45.4,53.0,4.7,4.9
5.0,3.2,4.3,5.5,100.0,6.4,47.5,60.8,6.0,4.6
4.6,4.1,3.2,3.4,100.0,5.7,47.9,43.2,4.5,4.0
4.5,5.6,5.4,3.6,100.0,4.9,59.0,61.9,5.5,4.8
5.9,3.3,4.1,4.8,100.0,4.9,39.6,40.5,4.6,4.3
2.5,4.2,2.5,2.7,100.0,5.5,20.0,30.4,3.3,2.9
4.7,5.5,5.7,4.3,100.0,5.9,47.1,67.6,5.4,5.0
6.8,6.9,5.3,6.7,100.0,5.3,53.4,78.6,5.8,6.5
4.6,5.3,4.0,3.1,100.0,5.6,44.5,32.4,3.1,4.1
5.3,5.5,6.6,5.4,100.0,9.4,69.6,62.6,7.4,6.0
4.7,4.3,5.3,6.0,100.0,7.2,38.0,30.6,4.4,4.8
6.5,5.5,6.0,3.8,100.0,4.8,77.4,55.3,5.2,5.9
6.0,6.6,5.5,4.9,100.0,5.8,77.9,60.7,7.5,6.0
7.0,5.0,5.2,4.6,100.0,3.4,61.9,61.1,4.2,5.3
4.2,5.7,5.6,5.3,100.0,5.9,63.8,71.0,6.7,5.5
4.9,4.1,3.4,3.6,100.0,2.6,46.8,50.1,5.0,4.2
5.7,4.9,5.1,3.7,100.0,3.9,50.9,57.5,5.6,5.2
5.5,6.0,6.1,6.1,100.0,5.7,28.9,39.9,4.6,5.6
3.9,4.7,4.1,4.3,100.0,4.5,28.3,29.3,4.1,4.2
4.6,5.5,3.6,5.3,100.0,2.0,45.1,51.7,4.5,4.4
3.5,3.8,3.2,3.0,100.0,5.0,28.0,27.0,3.9,3.6
5.1,4.3,3.5,4.7,100.0,2.6,41.4,62.6,4.7,4.4
5.1,5.0,5.3,5.5,100.0,3.1,48.4,26.5,4.3,5.1
5.5,3.7,5.1,3.8,100.0,2.8,25.1,52.4,4.3,4.5
3.9,5.9,4.6,4.9,100.0,3.6,51.4,52.4,4.7,4.7
4.7,2.3,4.7,5.5,100.0,3.6,49.7,41.5,4.7,4.5
4.8,5.5,5.4,6.9,100.0,4.4,55.3,47.5,6.6,5.5
5.7,7.1,6.1,7.8,100.0,2.6,72.4,59.7,6.6,6.7
5.0,2.9,3.7,4.3,100.0,4.2,29.8,23.8,4.8,3.8
3.6,3.9,2.6,4.6,100.0,3.5,29.6,46.5,3.7,3.3
5.8,3.1,4.6,1.4,100.0,6.8,37.2,61.4,3.2,4.2
4.6,4.1,4.1,5.8,100.0,5.0,34.2,39.3,4.9,4.4
4.6,5.5,4.7,3.9,100.0,3.7,24.7,38.3,3.1,4.5
4.2,4.3,4.3,3.9,100.0,2.0,26.9,25.3,4.2,4.1
2.9,1.5,3.7,3.8,100.0,2.9,29.9,20.0,2.9,3.0
4.4,3.5,3.6,4.3,100.0,5.0,40.7,37.3,3.8,3.9
6.1,6.2,4.0,5.4,100.0,4.5,52.5,64.8,4.9,5.5
5.8,6.1,5.3,7.1,100.0,6.0,52.3,90.9,5.7,5.7
3.7,6.0,4.6,4.0,100.0,7.0,28.5,34.4,4.3,4.6
3.8,6.1,4.0,3.5,100.0,3.8,45.2,34.8,5.1,4.4
3.5,3.6,3.6,5.5,100.0,0.8,34.4,24.4,3.8,3.7
5.0,7.4,6.5,5.4,100.0,6.3,55.9,54.0,4.9,5.8
4.9,4.0,2.7,5.7,100.0,4.2,29.8,40.7,3.0,3.8
4.6,4.8,5.1,6.4,100.0,3.3,38.4,59.6,4.8,4.8
2.6,2.2,4.2,1.7,100.0,3.0,20.0,20.0,3.1,2.8
4.7,2.4,4.5,5.1,100.0,3.0,40.6,58.2,5.0,4.4
3.9,6.9,4.9,4.5,100.0,6.1,55.8,62.2,5.2,5.1
4.6,6.8,6.1,5.2,100.0,8.1,50.4,60.0,5.9,5.9
7.7,7.3,8.3,8.2,100.0,8.8,84.7,94.1,7.2,7.8
4.8,5.2,5.2,4.0,100.0,7.1,39.3,53.4,5.7,5.1
3.9,3.9,3.9,3.1,100.0,1.7,20.0,27.8,3.2,3.9
4.8,4.0,4.4,6.8,100.0,2.6,52.2,53.8,4.2,4.7
2.4,1.2,2.1,3.1,100.0,5.4,21.1,27.6,2.3,2.2
5.2,4.7,4.8,4.7,100.0,5.3,45.2,54.5,4.8,4.7
5.4,3.7,3.3,5.6,100.0,4.7,22.1,21.9,4.3,4.3
7.4,5.7,6.1,5.7,100.0,8.1,54.1,67.1,6.4,6.5
2.8,4.6,4.6,4.3,100.0,3.4,42.2,38.7,4.1,3.9
5.3,6.2,5.5,5.7,100.0,6.1,51.1,39.5,5.3,5.4
4.1,3.9,5.0,3.9,100.0,5.1,38.8,47.8,5.5,4.2
7.2,7.3,6.8,6.4,100.0,5.7,89.9,77.9,7.0,7.0
4.3,5.3,5.0,2.6,100.0,6.8,39.4,68.7,4.7,5.0
7.3,7.7,7.6,6.4,100.0,9.7,90.4,82.3,6.8,7.5
6.1,5.4,6.2,5.1,100.0,4.3,64.4,59.2,5.7,5.4
5.1,5.7,5.2,5.7,100.0,6.0,58.3,56.1,6.5,5.5
4.7,6.0,4.7,4.9,100.0,5.2,64.9,43.8,6.3,5.1
5.1,4.4,5.8,7.4,100.0,7.7,49.7,68.2,5.3,5.6
2.9,3.9,1.5,1.8,100.0,0.5,20.0,24.2,3.0,2.4
5.1,6.0,4.5,5.9,100.0,10.0,33.6,49.1,5.3,5.0
6.7,5.3,4.2,6.2,100.0,6.0,72.0,52.0,5.7,5.5
4.5,5.1,4.0,5.7,100.0,6.0,52.6,57.1,4.0,4.6
3.5,3.9,2.7,4.0,100.0,5.0,39.9,20.0,3.8,3.6
5.7,4.4,5.7,3.0,100.0,4.6,51.3,43.7,5.6,4.9
8.0,7.5,7.5,7.0,100.0,7.4,86.6,76.8,7.6,7.7
6.4,6.7,6.1,6.3,100.0,6.1,61.2,62.9,6.2,6.2
4.7,3.5,5.5,3.9,100.0,3.6,58.9,41.1,6.0,4.9
6.3,6.6,6.8,6.5,100.0,6.8,60.3,63.8,6.3,6.3
3.6,3.5,4.4,6.1,100.0,4.2,44.5,54.6,3.7,4.3
2.8,3.9,2.0,1.0,100.0,1.7,31.7,33.4,1.8,2.4
4.5,3.2,3.7,3.4,100.0,2.9,59.4,43.2,3.7,4.0
7.4,6.7,6.8,5.8,100.0,8.2,81.6,78.3,7.0,6.5
4.5,6.0,3.8,4.7,100.0,3.4,55.0,41.1,4.5,4.6
4.9,5.2,5.0,4.4,100.0,4.3,40.9,57.6,6.1,5.2
4.0,3.6,4.8,4.1,100.0,5.9,47.1,28.1,4.9,4.2
7.8,6.3,7.6,7.9,100.0,8.2,77.6,82.9,6.6,7.1
6.9,6.4,7.2,8.4,100.0,5.9,88.5,82.8,5.3,6.9
7.4,8.0,8.2,9.0,100.0,8.3,81.8,82.4,7.8,8.1
4.5,5.2,4.7,4.2,100.0,5.4,60.9,40.4,5.5,4.7
5.3,4.5,5.5,3.8,100.0,6.9,41.4,54.1,6.7,5.2
2.8,2.1,2.9,3.7,100.0,1.6,41.2,20.0,3.0,3.1
7.3,7.0,6.4,8.2,100.0,6.4,63.5,77.3,8.0,7.3
3.3,3.4,4.6,4.3,100.0,2.2,41.0,41.9,2.6,3.9
6.5,7.3,3.8,6.7,100.0,4.4,44.6,57.7,5.0,5.7
4.9,3.7,4.3,3.5,100.0,4.0,39.7,37.4,3.0,4.3
3.6,6.0,3.8,3.8,100.0,5.0,31.5,48.8,4.9,4.4
4.1,2.9,3.5,4.1,100.0,5.3,47.8,46.2,3.1,3.6
3.8,2.8,4.5,4.0,100.0,4.0,49.3,33.1,4.6,3.7
4.1,3.3,3.3,4.9,100.0,2.1,35.9,26.5,3.5,3.4
5.9,5.5,3.8,5.2,100.0,5.2,47.6,44.6,5.6,5.3
5.8,7.7,5.4,6.9,100.0,6.5,72.0,71.7,5.7,6.0
4.0,2.9,3.5,4.1,100.0,3.4,24.2,20.0,3.9,3.5
5.7,4.8,4.7,5.5,100.0,3.4,43.0,54.0,4.0,5.1
5.7,5.3,7.6,7.2,100.0,6.5,57.6,79.6,5.4,6.1
3.7,2.6,5.7,2.7,100.0,2.4,30.2,41.1,3.8,4.2
3.2,4.8,2.7,4.3,100.0,4.6,28.5,54.4,4.8,3.8
4.0,4.9,5.1,4.8,100.0,4.0,55.8,59.9,5.2,5.0
4.1,6.4,7.0,6.6,100.0,6.0,73.3,65.9,7.2,6.3
5.7,3.9,5.6,5.2,100.0,3.0,36.0,49.2,4.1,4.6
6.0,5.9,3.9,4.7,100.0,5.7,36.9,38.5,4.7,5.1
5.7,5.1,5.4,5.1,100.0,5.3,45.7,58.6,5.2,5.3
2.5,4.2,3.1,4.7,100.0,3.5,42.1,21.7,3.1,3.5
5.3,4.4,5.5,6.2,100.0,4.9,55.7,46.6,5.4,5.3
5.1,5.3,4.6,5.6,100.0,3.1,40.7,33.4,5.4,5.2
3.8,4.9,4.5,4.0,100.0,3.7,47.1,45.2,5.1,4.7
4.7,4.3,2.9,4.7,100.0,3.2,43.5,57.8,4.8,4.0
4.6,4.1,3.8,4.1,100.0,4.1,27.2,20.0,4.3,4.1
4.7,6.1,4.7,5.0,100.0,5.3,55.4,56.2,6.1,5.4
7.1,5.4,6.6,6.4,100.0,5.8,59.4,66.3,7.8,6.5
5.5,4.4,3.7,4.8,100.0,1.8,52.9,38.9,4.7,4.7
7.1,5.7,5.8,6.0,100.0,5.8,52.6,69.4,5.4,6.1
4.8,2.7,3.3,2.9,100.0,0.7,20.0,20.0,2.9,3.7
3.6,4.4,5.4,4.4,100.0,6.1,40.7,21.8,5.5,4.7
7.2,3.7,3.1,5.9,100.0,5.2,47.5,44.2,4.3,5.2
3.6,2.6,3.3,5.0,100.0,4.5,43.2,29.7,3.6,3.8
3.4,1.8,3.7,4.5,100.0,3.2,48.1,20.0,4.9,3.5
4.5,5.0,4.5,3.7,100.0,4.3,52.2,42.4,4.0,4.5
4.9,6.1,4.2,4.4,100.0,4.1,50.6,42.5,5.9,5.3
5.1,5.6,4.1,4.3,100.0,3.0,50.2,46.4,5.7,4.7
1.3,2.6,2.4,4.0,100.0,1.7,31.3,20.0,1.4,2.5
2.3,1.0,2.5,2.7,100.0,2.7,33.5,20.0,2.2,2.3
5.3,3.3,4.5,6.1,100.0,1.2,32.1,49.8,5.1,4.7
5.5,5.7,5.9,5.4,100.0,4.9,62.8,54.1,5.5,5.6
1.8,1.8,1.9,1.5,100.0,3.6,20.0,20.0,1.0,1.7
4.8,4.2,4.5,4.3,100.0,5.0,51.8,48.4,4.0,4.6
5.3,4.7,4.4,4.3,100.0,6.5,54.5,45.0,4.9,5.0
5.3,6.7,7.1,6.0,100.0,6.1,60.4,72.3,7.6,6.5
5.0,4.7,2.9,3.5,100.0,3.7,37.3,36.0,4.6,3.9
5.2,4.8,6.6,5.9,100.0,7.0,64.8,44.6,5.8,5.9
5.3,6.1,3.6,6.1,100.0,6.1,53.6,53.7,4.9,5.3
3.3,2.0,1.7,4.6,100.0,1.7,20.0,20.0,3.1,2.7
5.0,4.6,5.8,5.5,100.0,4.3,44.9,69.5,6.9,5.3
4.4,4.5,5.7,4.9,100.0,7.1,59.9,51.9,5.8,4.9
4.1,5.3,3.5,4.9,100.0,9.5,66.0,64.1,5.5,4.7
8.6,9.0,9.0,9.0,100.0,7.6,86.5,90.1,9.0,8.6
3.6,2.5,3.1,3.2,100.0,4.0,29.7,20.0,3.2,3.3
7.0,6.9,7.8,6.3,100.0,6.9,73.9,92.7,7.1,7.0
3.6,3.5,4.2,3.9,100.0,4.1,35.5,44.2,5.2,4.0
5.0,6.1,5.1,6.2,100.0,5.8,48.7,63.4,5.6,5.0
3.8,4.3,4.5,5.3,100.0,3.1,37.1,35.2,6.0,4.3
3.6,4.4,4.2,5.2,100.0,4.3,37.5,40.8,5.0,4.2
4.6,5.7,3.6,3.5,100.0,1.7,22.8,54.5,4.0,4.1
4.5,5.9,4.8,3.7,100.0,6.2,54.2,39.3,6.4,5.1
4.1,1.6,3.5,2.4,100.0,6.1,33.1,50.0,3.5,3.2
5.8,4.2,6.0,6.5,100.0,5.2,47.8,63.3,5.8,5.9
4.6,4.4,4.9,6.4,100.0,4.1,43.9,35.6,3.5,4.9
3.4,2.5,3.8,3.3,100.0,3.1,25.0,36.6,3.8,3.2
5.1,5.1,5.0,6.5,100.0,5.8,49.9,54.3,5.8,5.5
7.1,6.5,7.1,7.2,100.0,7.5,45.7,60.6,4.5,6.5
4.6,4.5,3.1,3.1,100.0,5.6,49.1,35.1,2.4,3.7
5.9,4.8,4.8,5.6,100.0,4.8,37.2,57.9,6.0,5.3
4.0,5.8,4.0,4.9,100.0,4.6,36.9,43.7,4.3,4.8
6.3,8.6,5.9,3.8,100.0,1.1,54.3,59.4,6.4,6.4
5.6,5.6,5.3,6.4,100.0,7.0,56.7,64.3,5.4,5.8
7.2,7.6,7.9,8.3,100.0,5.9,62.4,86.3,5.7,7.7
4.6,4.9,6.2,5.1,100.0,4.2,64.0,49.1,4.2,5.3
5.4,5.6,5.9,5.7,100.0,7.1,47.2,53.1,6.9,5.5
4.6,4.3,5.2,5.0,100.0,2.8,39.4,51.3,4.8,4.8
6.9,5.5,7.2,6.4,100.0,8.6,87.4,87.0,6.2,6.8
5.2,3.0,2.8,3.1,100.0,3.7,42.4,42.5,2.2,3.3
6.8,6.3,5.9,5.3,100.0,8.3,48.6,73.6,4.6,5.9
3.8,4.3,5.5,4.4,100.0,3.4,45.8,41.9,5.6,4.5
6.0,2.4,4.5,5.0,100.0,2.2,46.7,51.7,4.7,4.6
4.9,5.5,4.2,4.6,100.0,5.1,34.5,59.3,5.8,5.0
5.8,5.3,5.2,4.5,100.0,6.3,46.2,68.8,4.8,5.4
4.1,6.2,4.8,5.5,100.0,5.8,48.0,60.5,3.8,4.9
5.4,5.6,4.6,5.6,100.0,3.6,65.9,42.0,5.1,5.4
7.1,5.5,8.4,6.4,100.0,4.9,71.8,85.2,6.5,6.7
5.0,4.0,5.8,6.6,100.0,6.0,63.6,81.6,5.6,5.1
6.5,5.4,5.2,5.6,100.0,7.1,54.9,57.3,5.5,5.8
5.5,3.9,4.4,4.5,100.0,5.0,54.1,34.2,4.4,4.2
3.8,4.8,4.6,4.8,100.0,6.0,45.7,36.4,3.6,4.3
7.2,6.1,6.2,5.6,100.0,5.9,72.2,66.1,5.5,6.4
5.9,7.1,6.4,5.0,100.0,3.5,64.3,59.6,7.4,6.3
7.4,5.5,6.1,6.6,100.0,9.0,56.1,60.2,7.1,6.0
2.5,5.2,5.3,3.1,100.0,4.4,51.8,55.7,4.4,4.2
6.7,5.4,5.1,4.5,100.0,5.1,47.1,38.0,4.7,5.3
4.2,1.1,3.8,2.8,100.0,3.7,22.3,20.3,3.5,3.1
4.3,5.8,4.8,2.4,100.0,6.3,48.6,45.2,4.9,4.4
4.6,6.3,6.8,6.7,100.0,6.5,67.2,50.2,5.5,5.9
4.7,4.8,3.8,4.3,100.0,6.1,32.3,27.5,3.3,4.0
4.6,4.9,5.4,6.8,100.0,6.8,56.4,55.3,4.1,5.1
5.1,6.0,5.7,5.0,100.0,3.7,28.1,55.4,6.1,5.6
5.7,4.3,6.5,6.0,100.0,5.1,55.7,56.7,5.1,5.5
2.9,4.4,2.8,4.7,100.0,4.2,46.1,20.0,4.0,3.6
6.0,5.9,5.3,5.0,100.0,4.1,33.3,65.2,5.2,5.4
2.1,1.0,1.1,1.4,100.0,1.8,20.0,20.0,2.1,1.4
5.6,6.7,4.3,3.4,100.0,5.0,53.9,49.1,4.7,4.9
3.1,3.3,3.2,4.1,100.0,3.1,33.7,27.2,2.1,3.3
5.3,7.1,7.3,6.3,100.0,9.0,60.6,74.8,5.7,6.7
6.7,4.5,6.3,5.0,100.0,6.7,50.6,84.9,5.7,5.9
5.3,7.6,5.3,6.2,100.0,5.8,51.1,65.8,4.4,5.9
5.7,5.6,7.2,4.9,100.0,7.2,84.7,75.8,6.2,6.4
4.9,4.8,3.6,3.5,100.0,3.4,20.0,23.5,3.0,4.1
8.8,6.1,7.4,7.9,100.0,8.1,64.1,77.9,6.9,7.6
6.1,5.5,7.1,5.7,100.0,8.4,59.4,71.7,5.8,6.2
6.4,5.5,3.2,4.1,100.0,3.7,36.7,45.3,4.8,4.9
6.4,7.3,6.9,6.0,100.0,5.7,66.6,61.8,7.0,6.5
3.4,2.5,2.6,1.9,100.0,5.3,47.6,38.9,3.5,2.8
3.5,5.1,4.9,4.6,100.0,2.9,25.6,27.8,2.9,4.2
5.6,5.3,3.8,4.2,100.0,4.4,39.4,49.6,2.8,4.4
3.7,3.5,3.5,4.1,100.0,3.3,42.0,37.7,4.5,3.7
4.3,5.3,4.2,3.5,100.0,0.9,30.8,20.0,3.3,4.4
6.0,5.1,6.7,6.5,100.0,7.1,52.6,63.8,6.4,6.0
4.3,4.1,4.0,5.3,100.0,6.3,39.7,45.5,4.9,4.4
6.2,5.9,4.5,5.4,100.0,5.4,48.9,60.8,6.5,5.9
4.0,3.5,4.2,3.1,100.0,1.9,47.8,45.8,3.1,3.9
2.5,3.1,1.9,3.3,100.0,2.4,26.9,20.0,2.1,2.6
6.2,5.6,4.6,5.8,100.0,4.3,38.5,55.3,5.3,5.6
4.0,2.5,2.8,2.9,100.0,0.5,20.0,20.0,1.9,2.9
5.4,5.7,4.2,5.9,100.0,4.8,44.0,45.4,3.8,5.0
2.8,3.1,3.7,3.4,100.0,3.7,49.0,20.0,4.3,3.4
7.0,7.6,8.5,8.4,100.0,9.7,82.7,79.3,6.6,7.7
6.2,7.2,6.0,7.3,100.0,9.0,52.9,95.0,5.2,6.4
5.4,5.9,5.2,5.6,100.0,6.1,43.8,70.2,4.3,5.2
5.7,7.3,8.0,5.9,100.0,8.3,65.2,59.0,7.3,6.9
4.6,2.9,3.1,3.9,100.0,1.8,40.9,38.0,3.5,3.7
5.7,6.2,6.5,6.7,100.0,8.2,63.0,55.0,4.7,6.0
3.9,4.4,6.0,3.9,100.0,7.2,55.0,54.4,4.6,4.6
4.6,4.1,5.9,5.0,100.0,4.8,51.9,63.1,5.3,4.8
6.1,6.5,7.5,6.2,100.0,7.9,67.7,67.8,7.2,6.4
5.8,5.0,6.1,5.1,100.0,7.0,59.7,53.9,6.5,5.5
6.9,6.1,4.9,6.1,100.0,7.6,36.5,65.9,4.8,5.9
3.2,3.8,3.8,3.3,100.0,2.3,24.6,20.0,2.6,3.5
3.2,2.0,4.7,3.2,100.0,2.4,29.8,37.5,5.4,3.9
5.0,4.1,5.6,5.4,100.0,4.1,31.6,33.3,5.6,5.0
4.8,3.7,5.1,5.0,100.0,6.5,75.6,41.1,4.9,4.8
3.9,3.2,3.1,2.9,100.0,0.5,36.2,40.5,2.0,3.3
8.4,8.3,8.0,7.3,100.0,4.1,86.3,79.4,7.6,7.9
7.8,6.6,7.5,7.2,100.0,8.6,69.0,54.0,5.9,7.3
5.7,5.2,6.5,6.5,100.0,6.3,66.3,51.8,5.1,5.9
6.4,6.3,4.8,4.7,100.0,5.1,39.5,42.8,4.4,5.3
5.5,2.5,5.0,5.2,100.0,2.7,43.7,34.2,4.6,4.6
3.3,5.0,2.9,5.2,100.0,1.0,26.2,41.2,3.9,4.0
6.9,4.6,5.8,4.0,100.0,4.2,58.4,35.7,4.6,5.2
5.6,5.2,4.7,5.6,100.0,5.9,45.6,48.0,4.4,5.3
2.8,3.0,4.1,4.2,100.0,2.3,42.4,32.7,3.4,3.4
6.7,6.9,4.6,5.3,100.0,6.9,54.0,51.6,5.0,5.3
6.5,3.6,5.6,5.9,100.0,3.3,55.4,43.6,3.4,5.4
2.7,2.7,2.9,4.6,100.0,1.4,25.4,20.0,3.1,3.3
3.6,4.5,3.4,4.3,100.0,4.8,47.7,24.9,3.4,3.7
4.4,3.0,5.0,4.3,100.0,3.8,34.4,37.4,4.3,4.0
7.8,6.4,6.8,8.1,100.0,7.3,87.4,84.9,7.1,7.5
6.7,5.5,6.2,6.4,100.0,4.9,39.7,54.0,5.7,6.0
3.9,2.5,3.2,1.2,100.0,1.8,30.4,31.6,3.5,3.2
5.7,4.8,4.3,5.6,100.0,6.3,51.8,68.5,4.6,4.7
4.3,2.8,2.4,2.8,100.0,3.4,20.0,32.8,3.4,3.3
6.0,6.9,6.0,6.6,100.0,7.0,57.3,53.5,6.1,6.4
5.3,4.1,5.4,4.3,100.0,3.4,36.5,47.4,5.2,4.9
4.7,5.9,5.5,4.8,100.0,4.6,46.6,59.1,5.5,4.9
6.9,5.6,7.8,5.8,100.0,9.4,64.6,64.1,7.5,6.7
3.4,2.3,4.6,4.1,100.0,0.9,31.5,20.0,2.8,3.7
3.3,5.2,2.9,4.8,100.0,5.7,20.7,24.6,4.2,3.6
4.0,3.7,4.2,3.6,100.0,4.3,36.5,43.1,4.4,3.9
7.3,5.0,5.9,5.0,100.0,6.3,62.7,71.5,6.7,6.1
2.6,1.5,2.7,3.2,100.0,4.2,29.0,22.0,3.7,2.5
1.0,2.6,1.0,1.6,100.0,0.5,20.0,20.0,1.9,1.8
6.2,4.1,4.4,5.5,100.0,6.4,51.8,30.5,3.7,5.1
6.4,5.4,4.7,4.6,100.0,8.6,60.7,61.9,6.3,5.5
4.5,6.3,6.4,6.0,100.0,8.4,72.3,87.9,6.7,6.0
4.0,5.4,6.0,2.6,100.0,1.2,46.2,42.8,3.4,4.5
3.1,4.3,4.1,5.7,100.0,5.5,40.7,57.0,4.2,4.2
5.6,8.6,6.5,6.6,100.0,9.2,76.3,56.7,5.5,6.6
1.0,2.9,3.4,2.3,100.0,4.5,20.0,20.0,1.7,2.3
4.4,5.6,4.7,3.4,100.0,2.3,23.7,20.8,5.1,4.5
4.3,6.0,5.4,4.1,100.0,6.8,42.4,56.6,4.2,5.1
5.6,5.5,5.3,5.9,100.0,8.4,70.8,47.8,4.6,5.7
3.1,3.8,4.2,3.4,100.0,4.3,39.4,48.3,5.8,3.7
5.1,5.4,4.4,5.1,100.0,2.9,53.3,45.5,4.7,5.2
1.7,2.5,2.6,3.8,100.0,2.5,20.0,32.9,2.5,2.4
5.4,3.7,3.0,3.9,100.0,5.6,45.7,58.1,5.0,4.4
6.7,5.7,6.2,4.7,100.0,5.5,57.5,33.8,6.1,6.2
4.4,5.0,2.8,4.2,100.0,1.7,34.6,41.2,3.9,4.3
4.8,7.1,5.8,4.0,100.0,6.6,57.0,43.5,5.0,5.5
7.1,6.4,5.3,7.0,100.0,4.5,52.0,63.2,5.9,6.2
3.3,6.4,3.7,5.8,100.0,5.1,48.6,31.4,4.4,4.5
4.1,4.6,5.6,5.1,100.0,7.6,50.8,67.0,5.7,5.0
3.8,4.5,4.5,3.1,100.0,1.1,34.5,45.9,3.7,3.8
6.6,6.0,4.4,4.4,100.0,6.1,38.7,32.8,4.6,4.9
5.6,4.9,6.3,5.5,100.0,5.6,57.0,57.3,7.1,5.7
5.0,4.7,3.5,5.5,100.0,5.0,46.9,54.0,4.8,4.6
3.1,6.0,3.3,5.2,100.0,4.9,52.5,48.4,4.3,4.4
6.0,4.3,6.2,4.4,100.0,4.2,36.5,53.2,5.6,5.4
6.6,4.6,5.7,6.7,100.0,4.3,69.6,68.6,6.2,6.0
3.2,4.0,1.2,3.1,100.0,0.5,20.0,20.0,2.8,3.0
5.9,7.5,5.9,5.9,100.0,8.6,72.8,73.5,5.5,6.1
4.0,5.0,3.9,3.6,100.0,3.9,36.6,31.3,4.7,4.1
4.5,5.5,5.4,5.6,100.0,6.5,62.0,56.1,5.7,5.6
6.5,6.0,6.2,5.5,100.0,6.1,66.7,79.5,7.3,5.8
2.5,3.6,3.5,4.3,100.0,1.2,20.0,43.5,3.9,3.6
3.2,5.7,4.1,3.2,100.0,4.9,52.9,41.1,5.0,4.3
4.3,4.9,5.6,5.1,100.0,5.1,53.4,44.7,3.9,4.9
3.7,6.1,4.4,4.0,100.0,3.5,43.3,51.9,3.3,4.5
6.7,6.2,7.4,6.6,100.0,8.1,69.6,75.0,7.3,6.9
4.3,4.0,4.8,3.9,100.0,2.3,45.3,48.6,4.8,4.2
4.4,4.0,4.1,5.3,100.0,5.8,28.8,40.6,4.2,4.2
5.0,4.2,4.3,4.2,100.0,7.2,30.8,53.5,4.7,4.4
3.7,3.4,4.4,3.2,100.0,4.3,20.0,20.9,2.4,3.2
3.7,4.9,4.6,3.9,100.0,3.8,34.8,31.6,4.8,4.3
5.5,5.9,5.5,5.3,100.0,5.6,47.2,64.5,5.3,5.6
4.7,6.7,4.1,4.0,100.0,6.9,40.7,62.2,4.3,5.0
3.7,5.3,4.4,3.3,100.0,6.8,44.7,49.7,5.5,4.4
5.2,5.5,5.0,3.4,100.0,7.2,35.6,40.4,4.3,4.7
2.5,3.2,3.9,4.6,100.0,1.6,20.0,37.5,3.2,3.4
5.5,7.0,6.0,5.6,100.0,4.2,56.7,58.2,6.0,6.0
8.0,9.0,7.7,7.3,100.0,7.8,73.7,52.3,8.7,8.2
5.8,5.5,5.4,4.8,100.0,5.6,43.3,60.2,4.7,5.3
5.3,4.3,5.4,5.2,100.0,5.1,67.4,40.0,4.6,5.2
5.5,5.3,5.7,5.5,100.0,5.5,58.0,60.3,5.1,5.4
4.2,3.7,4.3,3.9,100.0,5.0,31.5,26.5,3.8,4.2
7.6,7.5,6.8,7.1,100.0,7.4,83.5,69.1,6.3,7.2
4.7,5.9,5.5,4.2,100.0,3.5,38.1,53.5,5.0,5.0
6.3,7.4,6.4,7.2,100.0,5.8,74.3,83.4,6.8,6.7
2.5,4.1,3.6,2.0,100.0,4.3,46.9,39.3,5.2,3.5
7.3,6.6,7.0,7.5,100.0,10.0,76.4,91.4,8.0,7.0
5.9,6.3,5.4,4.7,100.0,4.7,48.6,77.0,4.8,5.5
6.6,7.4,6.2,5.6,100.0,5.4,53.5,73.5,6.8,6.6
5.6,6.3,4.3,4.2,100.0,9.0,55.4,53.0,4.4,5.2
5.8,5.2,4.8,4.7,100.0,3.9,25.2,41.5,4.8,4.9
5.9,7.4,6.5,6.9,100.0,7.5,54.5,67.7,5.8,6.5
6.1,4.8,3.9,6.5,100.0,8.0,71.8,63.4,4.9,5.1
2.2,2.2,2.3,1.3,100.0,0.6,25.3,31.1,1.9,2.1
4.3,2.9,3.8,4.5,100.0,2.9,48.1,20.0,4.9,4.2
3.6,4.7,5.1,4.9,100.0,4.0,55.9,50.3,4.7,4.6
5.6,5.0,5.2,5.0,100.0,3.2,58.6,31.0,5.5,5.1
3.3,6.1,5.4,5.6,100.0,7.3,46.1,49.0,4.2,4.9
6.2,6.0,6.4,6.3,100.0,6.0,72.1,63.0,5.4,6.2
3.0,1.9,2.7,3.3,100.0,0.8,35.2,20.0,2.3,2.9
4.8,7.0,5.4,4.3,100.0,4.5,60.4,60.6,5.5,5.6
2.0,2.4,3.5,2.3,100.0,3.7,24.4,20.0,2.7,2.5
6.6,6.1,5.4,6.7,100.0,6.3,59.7,61.3,6.6,6.1
4.8,5.3,4.5,6.2,100.0,3.7,53.6,39.3,5.0,5.1
5.1,4.4,5.0,5.5,100.0,6.2,51.0,57.0,5.5,4.9
4.0,5.1,3.7,1.5,100.0,4.9,42.0,46.6,4.3,3.9
8.6,7.1,7.6,6.4,100.0,6.9,62.2,60.4,6.6,7.2
7.2,7.7,6.7,6.3,100.0,6.2,62.1,72.0,6.9,7.0
6.6,5.0,4.9,5.5,100.0,7.4,48.5,59.3,6.1,5.7
5.2,4.9,4.4,5.1,100.0,4.5,43.7,48.5,5.5,4.9
5.8,5.7,6.0,5.3,100.0,8.3,51.9,55.2,6.2,5.8
2.2,4.4,3.5,4.9,100.0,2.8,56.3,47.1,5.1,4.0
5.5,4.6,5.5,5.0,100.0,5.1,53.9,69.5,6.6,5.3
6.6,7.1,7.9,8.1,100.0,6.1,78.6,73.4,8.2,7.5
4.8,4.9,5.8,7.6,100.0,6.2,56.6,68.1,5.9,5.6
3.2,4.5,4.8,3.3,100.0,3.9,39.5,46.5,4.7,3.9
3.8,3.4,6.3,4.6,100.0,3.6,58.3,60.8,4.4,4.8
3.4,1.7,2.9,3.8,100.0,3.2,20.0,27.5,4.1,3.2
6.3,6.5,5.0,4.6,100.0,6.7,44.6,70.2,5.7,5.8
6.4,5.0,5.3,5.1,100.0,3.5,47.2,65.4,6.2,5.7
3.1,1.8,2.0,3.7,100.0,1.4,20.0,43.1,4.0,2.8
2.8,4.8,3.7,4.3,100.0,4.1,33.4,20.0,4.2,3.9
3.1,5.0,4.5,6.4,100.0,2.9,48.2,52.8,4.4,4.5
3.2,5.5,4.9,4.8,100.0,4.1,34.9,57.0,3.9,4.3
2.5,3.4,4.6,3.0,100.0,4.8,33.1,41.9,3.9,3.2
4.8,8.0,6.1,5.5,100.0,8.3,51.6,53.3,5.3,5.7
5.2,4.7,5.7,5.2,100.0,6.0,52.8,40.1,5.8,5.3
4.0,6.4,3.4,4.6,100.0,4.5,40.8,62.5,4.4,4.3
4.4,4.0,4.4,4.1,100.0,3.1,43.5,33.8,3.4,4.2
6.1,4.7,7.5,5.4,100.0,7.9,82.1,62.8,6.1,6.4
7.0,7.5,4.8,7.2,100.0,9.2,82.6,95.5,7.3,6.2
5.3,4.7,4.9,3.2,100.0,2.5,56.7,30.0,4.5,4.6
3.3,3.3,4.2,3.6,100.0,5.4,26.8,49.0,3.7,3.9
5.9,4.7,5.0,5.5,100.0,4.8,50.6,49.8,6.9,5.6
4.6,4.5,5.1,2.6,100.0,3.2,50.3,36.9,4.5,4.4
4.6,5.2,6.1,5.5,100.0,4.6,63.0,49.6,3.2,5.1
6.6,3.5,6.4,4.1,100.0,7.6,67.6,67.9,6.6,5.6
3.4,3.7,2.4,3.3,100.0,2.6,20.0,30.9,2.7,3.2
5.8,6.1,5.9,5.4,100.0,7.4,65.4,80.6,6.5,5.7
4.9,3.8,5.2,4.7,100.0,5.6,54.4,44.0,5.0,5.0
4.7,5.4,5.1,5.0,100.0,5.1,42.2,32.4,4.4,5.0
4.7,4.9,4.6,6.8,100.0,4.7,40.7,45.2,6.1,5.3
5.4,6.1,4.7,5.1,100.0,5.9,46.5,52.9,5.3,5.4
3.1,3.3,5.0,1.2,100.0,1.4,23.9,22.0,3.1,3.4
8.3,6.8,7.6,7.6,100.0,8.2,61.6,36.1,6.6,7.5
3.8,4.9,5.9,4.8,100.0,6.3,60.5,32.3,6.3,5.1
5.4,6.0,4.5,5.6,100.0,6.7,52.2,54.2,6.1,5.3
5.4,5.7,5.6,6.6,100.0,7.6,63.5,72.8,6.9,6.0
4.3,3.0,3.8,1.8,100.0,4.2,45.0,25.6,4.0,3.5
4.3,6.2,4.8,5.6,100.0,7.5,55.9,64.4,6.3,5.3
5.0,4.5,5.8,4.3,100.0,1.2,55.8,31.0,5.0,5.3
5.5,6.0,7.0,7.1,100.0,7.6,52.4,65.3,5.7,6.2
1.9,3.5,2.1,3.1,100.0,4.8,22.4,20.7,2.7,2.6
3.7,4.8,6.2,3.4,100.0,3.9,56.9,53.2,6.4,4.8
3.9,4.3,4.3,5.4,100.0,3.0,32.7,30.9,4.4,4.3
6.4,4.9,7.4,5.9,100.0,7.6,54.7,41.0,6.4,6.5
5.5,6.0,5.7,4.2,100.0,4.3,55.5,64.3,6.4,5.3
4.7,4.5,4.6,4.2,100.0,2.9,41.5,24.1,4.6,4.5
5.5,5.0,5.2,5.1,100.0,4.2,44.1,31.6,5.3,5.0
5.1,4.3,5.8,3.8,100.0,3.6,39.2,62.3,3.3,4.9
3.5,3.5,4.3,5.1,100.0,5.0,35.9,38.2,2.6,3.9
6.4,6.8,5.9,4.7,100.0,5.1,78.5,66.3,7.3,6.2
4.1,4.8,4.9,3.9,100.0,5.0,55.0,50.7,4.1,4.2
1.1,1.0,1.0,1.0,100.0,1.1,20.0,20.0,1.6,1.4
3.3,5.8,4.7,5.8,100.0,6.9,42.4,44.2,5.8,4.6
4.5,2.1,3.0,3.3,100.0,5.2,55.7,25.4,3.9,3.5
2.7,3.8,1.8,2.0,100.0,1.8,35.8,52.4,4.3,2.9
3.7,2.3,3.6,3.9,100.0,1.2,31.8,28.5,3.2,3.7
4.3,6.9,6.0,5.7,100.0,6.4,53.8,55.0,5.6,5.6
6.9,5.1,7.3,7.2,100.0,6.0,65.3,74.3,6.6,6.5
4.8,6.5,5.3,5.1,100.0,5.0,58.6,49.4,6.4,5.5
4.2,4.2,5.5,4.5,100.0,2.5,46.8,36.6,4.1,4.5
6.2,5.2,5.1,5.0,100.0,6.7,63.9,71.7,4.9,5.1
5.1,4.6,3.1,5.9,100.0,3.3,41.3,35.7,4.1,4.7
4.1,4.8,2.6,5.2,100.0,3.9,24.8,43.7,3.9,3.9
2.2,2.7,2.8,4.6,100.0,3.2,35.1,41.6,3.1,3.0
5.3,2.1,3.5,3.6,100.0,2.6,30.8,21.6,2.4,3.7
5.9,5.2,4.1,5.0,100.0,5.4,34.4,43.2,5.3,5.2
5.8,3.6,5.5,4.1,100.0,4.9,51.5,61.9,6.2,4.9
4.3,4.3,6.1,5.4,100.0,3.7,62.0,47.2,5.2,5.1
4.4,7.4,3.7,4.6,100.0,1.6,31.7,23.0,4.0,4.6
3.4,2.9,4.2,5.0,100.0,3.7,33.0,50.9,3.4,3.8
6.7,6.8,6.1,6.4,100.0,5.7,74.0,49.4,4.2,6.3
3.6,2.9,2.8,3.9,100.0,2.0,31.8,32.4,3.7,3.2
5.3,6.4,6.9,4.4,100.0,6.3,56.4,48.5,5.4,5.8
3.4,4.4,3.6,3.7,100.0,4.8,34.9,29.9,4.9,3.9
5.0,5.2,3.8,3.6,100.0,5.5,47.0,34.3,3.1,4.3
4.5,3.0,4.8,3.5,100.0,0.5,26.0,29.7,2.8,3.9
5.6,6.3,4.8,4.0,100.0,3.7,48.5,33.7,4.3,4.9
6.8,5.6,6.8,5.9,100.0,7.9,67.0,84.5,6.5,6.2
5.4,5.8,6.6,6.0,100.0,8.2,60.9,58.0,6.9,6.0
3.6,6.4,5.7,5.8,100.0,5.2,71.3,73.5,5.2,5.2
5.9,4.5,6.5,5.7,100.0,7.9,54.9,57.7,5.4,5.6
3.7,3.4,3.3,2.3,100.0,1.3,24.0,43.4,2.6,3.2
4.7,4.8,4.2,3.9,100.0,6.2,49.8,24.0,5.2,4.6
4.1,3.6,3.9,4.6,100.0,3.4,37.0,31.2,3.6,4.1
5.5,8.9,6.1,5.5,100.0,9.3,65.5,64.7,6.5,6.5
4.0,2.8,4.2,4.7,100.0,2.5,37.3,26.7,3.4,3.9
6.6,7.2,6.3,6.9,100.0,5.9,76.2,68.6,6.2,6.8
6.6,6.9,5.7,5.8,100.0,6.1,61.8,69.3,6.0,6.1
8.0,7.2,7.7,9.0,100.0,5.4,77.5,76.7,6.5,7.6
5.0,3.7,4.3,5.6,100.0,1.7,32.0,43.4,4.6,4.5
5.5,5.1,5.6,5.0,100.0,6.8,58.5,85.1,5.3,5.3
7.7,7.2,7.8,8.4,100.0,9.9,86.4,87.5,8.3,7.5
4.3,2.5,4.6,4.3,100.0,5.0,40.5,20.0,4.3,4.1
3.2,2.2,3.4,2.5,100.0,0.8,23.4,34.7,2.4,2.7
3.5,1.3,2.5,1.8,100.0,2.9,29.1,27.4,4.5,2.9
6.4,7.1,6.5,6.7,100.0,4.6,61.3,72.3,7.0,6.7
4.4,3.3,2.6,2.2,100.0,2.8,47.6,27.7,4.5,3.2
6.3,5.3,4.1,4.5,100.0,6.1,46.5,35.4,4.3,5.1
5.6,6.1,4.5,4.7,100.0,6.2,29.1,65.5,4.9,5.1
2.2,5.4,5.9,4.6,100.0,7.5,41.7,53.8,5.8,4.6
6.5,6.9,5.5,5.4,100.0,5.4,61.7,66.8,6.3,6.0
4.8,4.7,5.4,5.6,100.0,5.0,46.9,68.8,5.4,5.0
5.9,6.6,7.3,4.3,100.0,7.0,63.4,68.0,5.0,5.8
3.5,4.6,3.5,3.9,100.0,1.6,23.3,44.5,3.2,3.5
3.8,2.9,3.2,3.5,100.0,3.4,35.1,50.2,4.5,3.3
4.6,7.0,4.1,5.3,100.0,3.4,40.3,40.0,3.6,4.9
4.7,6.0,6.2,8.6,100.0,5.8,66.3,82.0,5.0,6.0
5.2,6.2,5.9,5.8,100.0,6.8,53.3,74.0,5.9,5.5
5.8,6.7,6.6,4.0,100.0,3.5,64.8,50.9,3.2,5.8
6.9,7.3,4.6,6.5,100.0,5.1,55.8,70.4,6.0,6.2
4.1,3.6,4.4,3.4,100.0,4.9,36.7,40.9,3.3,4.2
6.4,7.1,7.6,8.7,100.0,4.5,78.4,94.2,7.2,7.2
6.0,5.4,7.2,8.3,100.0,8.2,63.5,79.1,7.2,7.0
5.5,5.3,3.5,6.6,100.0,5.5,50.5,63.9,6.2,5.3
7.3,7.6,8.1,6.6,100.0,7.9,80.5,89.4,7.8,7.2
4.2,3.4,2.3,3.6,100.0,4.9,20.0,23.0,2.9,3.1
2.7,5.5,4.0,4.6,100.0,4.0,40.2,32.2,3.3,4.1
3.9,4.0,4.0,4.3,100.0,4.8,45.8,46.0,4.1,3.8
4.8,4.5,6.2,4.5,100.0,6.2,65.6,57.0,5.2,5.0
2.4,4.8,4.2,4.7,100.0,3.3,25.1,61.4,2.8,3.5
6.7,7.3,6.6,6.0,100.0,5.8,60.8,63.9,6.3,6.9
7.1,7.5,7.2,6.6,100.0,8.1,61.2,77.7,5.6,7.1
6.2,5.7,6.0,5.3,100.0,4.9,69.1,54.1,6.3,5.9
6.1,6.3,5.6,4.6,100.0,3.7,69.6,66.9,4.4,5.9
3.4,7.1,3.0,4.1,100.0,3.6,26.7,34.9,3.6,4.3
3.6,4.1,3.4,2.4,100.0,4.0,37.0,36.1,3.6,3.7
8.2,5.2,7.1,7.2,100.0,4.1,77.9,67.7,7.3,7.0
5.7,5.4,6.5,5.0,100.0,6.2,61.9,48.8,6.4,5.8
5.5,5.6,5.5,3.1,100.0,3.1,55.0,46.9,4.4,4.9
4.5,3.0,4.1,6.1,100.0,5.3,44.2,49.2,4.4,4.3
1.1,2.7,3.2,1.8,100.0,0.5,20.0,20.0,3.5,2.2
2.1,4.1,2.9,3.1,100.0,6.3,35.1,44.2,4.8,3.0
6.8,8.8,8.1,8.3,100.0,7.4,89.9,76.0,6.3,7.9
4.3,4.7,3.3,5.1,100.0,1.8,33.9,33.2,4.4,4.3
5.9,6.1,6.4,3.9,100.0,4.9,69.1,30.5,6.1,5.7
6.9,4.1,5.1,5.4,100.0,7.3,47.4,67.4,6.3,5.6
2.7,4.4,4.8,2.7,100.0,4.5,35.0,20.7,3.4,3.7
6.5,5.9,5.0,6.0,100.0,4.9,46.3,49.3,4.8,5.6
5.4,6.4,5.9,7.6,100.0,4.2,55.3,48.4,5.2,6.3
5.2,3.4,5.2,4.1,100.0,3.2,63.5,41.4,5.3,4.8
8.4,7.7,7.9,9.0,100.0,9.7,90.5,91.4,8.3,8.5
2.9,1.9,2.9,2.4,100.0,4.0,21.5,22.3,3.3,2.7
7.3,4.3,5.7,6.6,100.0,8.3,69.3,74.7,6.6,6.2
4.2,4.8,4.3,3.7,100.0,5.0,25.9,28.7,6.6,4.3
4.8,5.2,6.3,5.8,100.0,7.6,75.1,61.1,6.8,5.6
5.5,8.0,4.9,5.4,100.0,8.5,75.7,55.6,5.9,6.2
3.8,4.0,3.6,3.8,100.0,5.7,48.2,34.4,2.6,3.9
8.0,6.5,4.3,5.6,100.0,6.7,57.6,44.3,5.6,6.0
3.3,1.3,2.4,1.9,100.0,1.0,20.0,33.2,3.9,2.3
5.4,5.2,6.7,4.9,100.0,7.3,48.3,79.5,5.4,5.8
4.5,5.5,4.7,5.7,100.0,6.1,66.4,37.3,6.9,5.4
4.3,4.9,5.2,6.9,100.0,6.9,68.7,50.3,6.2,5.2
5.4,5.9,6.4,6.2,100.0,8.5,70.4,55.8,6.5,5.9
5.5,5.2,5.2,5.9,100.0,6.1,58.9,52.7,4.7,5.6
6.3,5.0,6.8,5.8,100.0,5.1,55.2,64.8,6.3,6.0
4.8,5.7,3.8,4.7,100.0,2.1,31.5,42.1,3.3,4.4
4.3,4.5,4.4,3.3,100.0,3.5,64.3,37.8,3.7,4.1
6.2,6.9,7.1,5.7,100.0,7.1,64.9,68.0,5.1,6.4
6.9,7.2,7.4,6.1,100.0,7.6,67.3,68.4,7.4,6.8
4.3,5.3,4.9,6.4,100.0,5.0,57.6,53.8,5.1,5.1
6.4,5.0,4.9,5.5,100.0,6.5,50.4,59.3,5.1,5.2
3.8,3.6,5.4,4.3,100.0,4.9,36.2,42.3,4.4,4.1
6.3,6.6,6.3,6.7,100.0,6.7,81.7,45.6,6.9,6.3
4.0,6.9,5.5,4.6,100.0,4.7,66.8,60.1,5.5,5.1
7.2,8.4,6.9,9.0,100.0,8.5,86.4,77.3,6.8,7.7
4.6,3.7,2.7,4.4,100.0,7.1,22.6,46.7,2.7,3.7
3.7,5.3,5.1,5.2,100.0,4.9,48.3,46.7,4.4,4.7
4.7,5.1,3.6,3.7,100.0,4.9,43.4,59.0,4.3,4.2
6.4,5.8,5.8,6.5,100.0,6.8,55.1,54.7,5.9,6.3
3.6,4.3,4.6,4.4,100.0,5.6,48.5,56.2,4.6,4.4
4.8,3.8,5.6,2.8,100.0,4.6,36.5,49.2,3.7,4.2
5.6,7.3,4.7,5.2,100.0,8.4,69.8,47.0,6.8,5.9
5.6,6.0,5.2,4.8,100.0,6.7,68.5,47.9,5.2,5.5
3.0,4.0,3.8,2.8,100.0,5.6,44.7,43.9,2.6,3.5
6.9,5.2,6.5,6.7,100.0,7.4,56.9,68.6,6.5,6.7
8.4,6.1,6.0,6.1,100.0,9.0,91.2,77.8,5.9,6.6
5.8,4.9,5.1,5.5,100.0,7.0,51.8,54.4,5.2,5.4
4.4,4.3,4.2,6.6,100.0,6.5,63.3,58.1,4.4,5.0
6.6,5.7,5.9,5.6,100.0,7.0,33.2,50.8,6.0,6.1
3.7,3.6,2.3,2.0,100.0,7.2,34.4,40.5,3.3,3.1
6.1,5.1,5.0,4.8,100.0,6.7,35.8,53.9,4.3,4.9
3.1,2.5,2.0,3.5,100.0,0.5,20.0,20.0,2.9,2.5
3.7,5.1,6.8,6.0,100.0,6.7,63.7,73.2,6.0,5.6
2.3,2.7,4.4,4.5,100.0,2.3,23.2,20.0,2.3,3.3
7.6,6.9,6.6,7.2,100.0,10.0,85.7,74.6,6.1,7.0
4.7,5.7,5.6,3.0,100.0,6.4,62.7,32.1,4.3,4.9
3.9,5.0,4.5,4.8,100.0,7.7,37.2,36.6,3.9,4.6
3.7,3.6,3.6,4.5,100.0,2.9,35.7,50.4,4.0,3.9
3.1,5.0,5.9,5.6,100.0,6.2,35.4,34.7,4.5,4.8
6.6,8.3,7.1,8.3,100.0,5.1,82.8,59.9,6.0,7.2
3.8,2.9,2.0,2.8,100.0,0.5,20.0,20.0,2.5,3.0
7.2,7.1,7.0,6.9,100.0,6.3,69.5,58.0,5.8,6.8
7.2,6.1,5.6,6.0,100.0,7.8,58.2,65.3,6.3,6.4
4.3,4.9,3.5,3.4,100.0,1.7,28.8,38.3,3.4,3.9
4.5,4.7,2.8,2.4,100.0,3.4,25.3,26.1,3.2,3.7
8.6,7.6,6.8,7.0,100.0,9.3,75.7,84.9,7.4,7.8
4.2,4.9,4.3,4.2,100.0,4.9,33.1,20.0,3.9,4.4
3.5,2.6,3.5,2.6,100.0,6.6,36.2,37.4,4.2,3.5
7.2,4.9,7.0,7.5,100.0,6.7,50.7,54.6,4.9,6.3
6.6,5.6,5.7,6.3,100.0,4.8,56.9,49.8,5.8,6.0
3.5,3.9,3.2,2.7,100.0,2.0,29.0,31.3,3.5,3.3
4.7,4.7,4.3,6.5,100.0,4.8,54.8,66.1,5.3,4.7
3.9,4.6,3.7,3.5,100.0,1.8,43.7,29.6,3.7,4.1
7.0,4.5,5.9,5.6,100.0,4.0,60.9,65.7,7.3,6.1
6.9,5.8,6.5,7.2,100.0,9.5,77.9,61.5,4.9,6.5
4.5,5.2,5.1,5.6,100.0,5.9,40.6,48.2,6.8,5.4
7.0,3.9,5.0,7.1,100.0,9.4,70.9,45.1,5.9,5.6
6.6,8.5,7.9,6.4,100.0,6.4,88.8,79.5,7.2,7.2
4.8,3.7,5.1,3.5,100.0,4.4,41.1,49.7,4.0,4.5
2.9,3.0,3.1,3.3,100.0,2.1,23.5,39.9,2.4,3.0
7.7,6.4,5.6,6.2,100.0,4.7,41.8,54.3,5.1,6.3
7.7,8.1,8.5,6.7,100.0,9.4,90.5,79.2,8.0,7.7
3.1,2.7,4.0,2.6,100.0,4.3,31.5,42.4,3.8,3.5
5.3,5.2,5.0,4.8,100.0,5.8,40.5,40.9,5.0,5.1
6.1,5.8,5.0,4.2,100.0,7.6,45.0,41.9,4.4,5.1
4.8,7.2,5.7,5.2,100.0,6.6,67.3,57.7,5.0,6.0
4.5,4.2,5.5,3.5,100.0,2.0,25.5,28.5,4.6,4.3
5.7,6.2,5.8,6.8,100.0,5.9,67.1,67.5,7.4,6.1
7.4,7.0,6.9,6.6,100.0,8.7,87.0,78.5,6.9,7.2
3.6,4.5,5.4,6.4,100.0,10.0,49.0,43.2,5.0,5.0
2.9,3.1,4.5,3.8,100.0,4.8,30.4,20.0,3.7,3.4
4.6,4.5,3.1,3.8,100.0,2.8,23.1,30.2,2.7,3.8
6.6,5.3,4.6,6.2,100.0,6.4,59.5,20.0,6.0,5.8
6.4,6.9,6.2,5.3,100.0,5.8,63.1,79.5,8.4,6.7
6.9,7.0,6.0,6.3,100.0,6.1,73.4,67.4,4.8,6.6
4.9,2.7,4.7,3.7,100.0,6.4,42.2,40.9,5.3,4.3
4.1,5.5,4.7,3.1,100.0,4.1,48.7,57.0,4.5,4.5
3.7,3.7,4.5,5.4,100.0,2.2,20.0,54.2,3.9,4.1
5.9,6.4,6.2,7.0,100.0,6.1,54.8,59.8,7.0,6.4
5.9,5.3,6.1,7.9,100.0,5.9,55.5,67.8,6.4,6.4
4.1,2.4,3.7,2.8,100.0,0.6,20.0,28.2,1.6,3.1
7.0,7.4,6.3,7.0,100.0,6.5,76.7,89.0,5.9,6.8
6.3,8.0,5.0,6.2,100.0,3.8,57.5,44.7,4.9,6.3
7.5,7.6,6.5,6.7,100.0,5.2,48.2,68.7,6.1,7.0
3.7,4.6,3.0,2.7,100.0,1.3,49.8,39.1,3.3,3.5
2.6,3.2,2.8,2.6,100.0,4.4,31.3,37.6,3.2,2.7
3.7,4.2,6.1,5.0,100.0,7.0,47.8,47.3,3.5,4.4
5.7,4.9,7.2,4.7,100.0,3.5,70.6,71.5,4.4,5.7
7.0,6.7,6.9,6.2,100.0,10.0,86.8,79.3,5.6,6.5
5.9,3.9,5.9,6.2,100.0,4.4,57.6,61.7,4.7,5.5
4.7,4.0,4.6,4.6,100.0,5.8,26.8,53.3,5.4,4.3
5.8,3.2,4.6,4.6,100.0,3.8,40.2,34.0,3.6,4.7
5.4,6.3,7.4,6.1,100.0,7.8,58.8,69.0,5.8,6.2
2.3,4.0,2.6,3.3,100.0,1.8,47.9,27.7,2.5,2.9
7.2,7.3,7.3,7.3,100.0,4.7,66.7,100.0,6.2,7.0
4.4,4.6,3.7,3.9,100.0,3.4,41.2,41.0,5.1,4.1
7.2,6.4,8.2,6.3,100.0,8.0,60.4,81.2,7.3,7.3
6.3,3.9,6.1,5.3,100.0,9.0,47.6,79.3,5.6,5.6
5.9,4.3,4.2,4.7,100.0,3.2,46.9,34.5,4.6,4.8
3.2,3.4,4.2,5.9,100.0,4.1,40.2,48.3,3.1,3.8
4.1,5.0,4.4,3.4,100.0,3.4,40.1,45.1,4.0,4.2
5.9,6.4,5.9,6.7,100.0,5.6,77.0,74.4,5.9,6.1
5.7,6.0,5.8,5.7,100.0,2.2,57.2,42.1,4.6,5.3
6.0,5.0,3.5,5.7,100.0,6.4,41.2,33.6,5.5,4.9
5.6,4.7,6.1,7.6,100.0,4.8,20.0,47.0,5.7,5.8
5.0,4.6,6.3,6.4,100.0,6.5,59.4,46.2,4.8,5.4
1.7,1.7,1.8,3.3,100.0,1.5,48.0,20.0,2.3,2.2
5.1,4.1,5.6,4.4,100.0,6.0,55.0,77.2,7.2,5.3
3.4,4.8,5.1,2.8,100.0,5.2,27.2,36.6,4.4,4.2
4.1,3.4,4.5,3.9,100.0,3.5,34.3,24.9,3.7,4.3
3.2,1.8,2.7,1.5,100.0,2.7,20.0,20.8,3.1,2.2
1.8,2.1,3.4,3.4,100.0,1.1,27.7,27.1,3.0,2.6
3.0,2.5,5.5,1.5,100.0,2.2,44.7,33.0,3.4,3.6
4.9,4.2,4.2,5.2,100.0,2.4,32.7,33.6,3.4,4.5
7.6,8.4,6.9,7.1,100.0,6.8,72.9,63.0,7.1,7.4
4.8,4.0,4.5,4.5,100.0,6.1,41.3,41.6,3.3,4.3
5.5,3.1,5.4,4.6,100.0,8.0,47.7,51.9,5.7,4.9
6.8,5.3,5.1,3.8,100.0,3.7,40.9,49.5,5.4,5.4
5.3,5.0,5.5,6.2,100.0,5.8,48.1,64.8,5.7,5.2
4.6,4.7,4.0,6.1,100.0,4.4,43.0,54.6,4.0,4.7
2.8,3.0,3.1,3.3,100.0,5.3,45.7,33.4,4.6,3.2
6.9,6.9,7.3,7.3,100.0,7.4,83.3,68.2,7.7,7.3
5.2,7.2,5.9,6.8,100.0,7.7,91.1,94.4,6.0,6.3
2.8,3.0,3.6,3.2,100.0,1.4,32.8,20.0,2.6,3.4
3.6,4.2,2.3,4.4,100.0,1.2,36.7,29.7,3.5,3.5
3.6,4.3,3.4,5.2,100.0,5.7,37.1,41.3,3.6,3.8
3.1,3.4,3.5,5.0,100.0,4.1,48.8,38.5,3.7,3.3
6.3,6.9,5.8,6.1,100.0,6.3,61.1,64.2,6.0,6.1
4.3,4.7,5.1,4.2,100.0,3.0,26.6,25.7,3.8,4.5
7.7,8.4,7.6,6.9,100.0,8.0,73.3,75.6,6.4,7.6
6.7,7.6,6.3,6.0,100.0,8.0,55.2,72.3,7.0,6.6
5.3,5.8,5.7,6.0,100.0,6.8,32.7,46.5,4.7,5.4
7.2,7.1,5.6,4.9,100.0,4.8,69.3,61.4,5.7,6.3
6.4,4.8,6.4,7.3,100.0,5.7,54.2,68.3,7.5,6.3
3.2,4.5,3.5,4.1,100.0,2.1,34.0,31.7,4.6,4.0
5.3,3.8,4.1,3.3,100.0,4.1,38.1,40.5,3.4,4.1
5.4,6.7,5.0,4.1,100.0,6.4,49.3,57.3,4.2,5.1
5.6,6.9,5.5,6.6,100.0,5.9,55.8,63.3,6.7,6.4
4.2,4.6,5.3,5.2,100.0,4.2,67.3,66.3,5.8,5.2
3.4,3.5,3.2,4.5,100.0,2.1,20.0,33.6,2.7,3.3
3.9,4.2,4.9,2.9,100.0,7.3,23.1,37.5,3.1,4.1
6.2,5.3,3.8,4.4,100.0,6.7,53.5,45.7,5.2,5.3
4.6,3.9,4.9,4.8,100.0,6.0,42.6,66.4,5.3,4.8
6.7,7.7,6.8,6.7,100.0,8.4,72.9,73.0,7.1,6.9
4.1,3.1,4.0,3.3,100.0,2.9,20.0,26.5,2.5,3.5
6.3,5.9,6.1,5.9,100.0,4.4,61.0,53.5,5.6,5.8
6.9,6.1,7.2,7.2,100.0,5.6,74.6,76.3,7.1,6.7
8.3,7.2,7.2,9.0,100.0,7.6,85.3,100.0,7.4,7.8
4.5,5.6,5.2,3.4,100.0,3.0,38.1,46.4,4.7,4.8
5.8,4.6,4.5,5.9,100.0,4.8,49.9,54.2,5.8,5.1
6.6,4.7,4.4,5.1,100.0,5.7,56.9,60.4,6.5,5.0
5.7,5.2,4.3,5.6,100.0,5.3,62.6,39.8,4.9,5.2
4.7,4.1,4.9,5.3,100.0,3.9,64.2,46.6,4.1,4.8
6.6,4.7,6.0,4.7,100.0,6.4,67.7,73.6,5.5,5.8
1.0,2.1,1.0,1.2,100.0,0.9,20.0,20.0,3.2,1.5
7.5,4.4,6.8,6.3,100.0,6.3,70.1,72.5,4.5,6.2
3.8,4.2,5.2,5.2,100.0,4.1,40.1,62.0,3.5,4.5
4.2,6.7,3.6,4.5,100.0,5.7,39.5,39.6,4.7,4.7
7.4,7.9,7.5,8.0,100.0,7.3,85.9,99.8,7.2,7.6
4.1,3.5,5.0,4.8,100.0,6.4,38.7,22.1,4.0,4.0
5.3,4.9,4.9,4.1,100.0,4.1,47.3,47.3,4.3,5.0
6.5,7.9,8.2,6.6,100.0,7.8,89.7,59.3,8.1,7.4
4.2,5.0,3.0,2.9,100.0,4.6,45.8,20.4,4.0,3.7
3.9,4.2,4.0,4.4,100.0,5.4,30.8,51.1,4.9,4.1
5.1,5.8,4.2,3.6,100.0,6.2,47.9,40.9,3.0,4.6
6.0,4.1,7.2,6.1,100.0,8.9,53.4,75.1,5.6,5.8
5.3,4.2,5.7,6.3,100.0,6.3,45.3,31.4,4.7,5.2
3.0,3.6,5.5,3.1,100.0,3.0,20.0,29.7,1.8,3.6
4.0,4.7,4.0,3.9,100.0,3.4,43.4,29.9,4.4,4.2
4.5,3.4,3.7,6.0,100.0,3.9,23.0,37.6,4.2,4.1
5.7,5.2,4.8,6.2,100.0,7.1,52.8,64.3,4.6,5.4
5.0,4.9,6.5,4.8,100.0,3.6,70.0,74.3,5.4,5.2
4.8,5.2,5.2,5.6,100.0,4.4,61.6,61.4,5.6,5.5
3.4,3.9,3.0,3.2,100.0,2.0,23.9,20.0,3.6,3.5
6.3,7.1,6.3,6.5,100.0,5.3,81.3,53.9,6.7,6.5
6.0,4.3,5.3,6.9,100.0,4.8,57.1,55.4,5.5,5.6
5.9,5.6,6.2,6.7,100.0,9.8,62.1,62.7,8.3,6.1
4.1,5.1,5.4,5.7,100.0,5.2,57.9,63.2,5.0,5.1
5.9,6.3,6.2,6.9,100.0,7.3,86.1,83.3,5.3,6.4
4.9,4.9,5.6,6.6,100.0,3.2,46.1,47.2,6.4,5.5
6.6,7.6,7.3,7.4,100.0,5.4,56.4,61.2,8.0,7.3
5.1,6.0,6.9,6.1,100.0,7.2,64.0,46.0,5.2,5.9
5.5,5.3,4.3,3.5,100.0,7.4,46.3,46.0,5.9,4.8
7.5,6.5,7.4,7.3,100.0,8.7,78.8,84.6,7.3,7.1
6.2,7.2,5.5,6.8,100.0,5.9,50.7,63.6,6.5,6.4
5.8,3.0,5.8,5.9,100.0,6.6,39.1,67.6,6.1,5.1
3.6,4.3,3.1,4.2,100.0,0.5,20.0,34.8,3.0,3.7
3.4,4.4,3.6,5.1,100.0,3.4,46.8,30.1,4.8,4.2
5.8,4.9,6.1,4.3,100.0,3.9,54.3,54.8,6.8,5.7
4.5,6.4,3.4,6.2,100.0,6.4,32.6,53.0,4.4,4.9
5.4,4.2,4.6,4.0,100.0,0.8,52.6,40.2,4.4,4.4
5.0,5.2,4.8,6.0,100.0,4.3,64.5,45.3,5.8,5.2
5.9,7.2,7.2,6.9,100.0,7.3,86.1,61.8,5.6,6.6
6.0,8.9,5.2,7.7,100.0,4.9,56.2,61.9,5.9,6.5
2.9,4.9,4.5,3.7,100.0,2.7,30.2,27.9,2.4,3.9
5.4,5.5,5.5,4.3,100.0,6.2,49.7,53.6,5.3,4.9
5.8,3.2,4.4,4.4,100.0,3.8,51.9,38.6,4.1,4.7
3.9,4.7,5.1,4.8,100.0,3.0,38.6,44.3,4.3,4.7
4.8,3.7,4.0,5.5,100.0,5.8,36.3,53.6,3.4,4.3
3.0,5.2,4.0,4.8,100.0,4.7,49.8,28.8,4.0,4.2
3.9,3.6,4.0,5.7,100.0,3.6,43.3,48.9,3.9,4.2
4.1,3.8,4.3,4.7,100.0,3.5,47.6,26.2,4.8,4.3
3.8,4.4,5.4,4.2,100.0,0.5,48.3,56.1,5.2,4.7
1.0,1.0,1.3,1.0,100.0,0.5,20.0,20.0,2.3,1.3
8.0,7.6,7.8,7.5,100.0,6.6,78.3,75.6,8.2,7.9
7.1,5.5,7.8,6.5,100.0,5.7,58.0,51.6,5.9,6.5
4.6,4.6,4.0,4.8,100.0,3.2,32.8,38.4,4.8,4.5
4.3,5.7,5.1,5.1,100.0,5.2,44.1,48.6,4.3,4.9
4.9,3.5,4.4,3.1,100.0,4.6,22.7,34.4,2.7,4.0
6.4,6.7,7.7,6.3,100.0,9.2,78.3,89.9,7.9,6.8
5.5,7.5,7.0,6.9,100.0,9.1,90.6,79.2,6.4,6.8
5.6,5.9,4.8,6.2,100.0,3.9,54.4,55.5,4.3,5.4
5.3,5.2,6.1,7.4,100.0,6.6,56.1,68.9,6.3,6.1
6.0,5.5,6.3,5.1,100.0,7.6,61.2,49.4,5.0,5.8
3.1,4.7,3.2,2.6,100.0,0.6,32.9,28.0,3.3,3.5
5.0,5.1,4.6,4.4,100.0,6.4,48.8,42.8,6.2,4.9
6.3,5.2,4.9,7.0,100.0,3.7,46.8,58.2,4.4,5.6
3.5,5.1,5.0,5.3,100.0,4.8,54.5,34.1,4.8,4.8
4.3,5.2,4.8,5.2,100.0,5.3,58.0,41.7,4.8,4.8
4.8,5.6,4.2,5.7,100.0,5.1,46.8,52.2,5.6,5.0
6.1,3.0,4.2,6.3,100.0,8.2,56.0,38.0,4.3,4.7
4.5,3.6,3.6,4.0,100.0,4.6,61.8,51.9,4.9,4.1
3.3,4.7,3.1,3.4,100.0,0.9,29.4,28.6,3.8,3.5
4.5,2.7,4.7,3.7,100.0,4.5,38.4,44.3,3.1,4.0
3.0,3.8,4.4,4.0,100.0,2.8,31.5,44.5,2.2,3.5
6.3,5.8,6.7,6.3,100.0,7.3,53.7,59.2,6.2,6.2
1.2,1.5,2.9,3.1,100.0,3.2,22.8,26.0,3.4,2.1
8.2,6.7,6.3,5.9,100.0,6.7,77.5,69.3,6.1,7.0
5.6,6.9,7.2,7.9,100.0,7.7,69.4,67.0,6.5,6.7
4.4,6.7,4.8,4.6,100.0,4.8,48.9,45.5,5.5,5.1
1.9,1.3,3.2,2.5,100.0,3.8,24.9,23.9,1.8,2.3
6.1,5.9,4.5,5.6,100.0,3.9,40.5,42.9,5.1,5.7
3.9,5.3,5.9,5.9,100.0,3.9,52.6,62.1,6.8,5.3
5.4,3.2,4.4,4.1,100.0,4.8,29.1,33.6,3.4,4.0
5.0,5.1,4.9,5.1,100.0,2.8,36.3,28.1,4.3,5.1
7.2,7.4,5.4,8.4,100.0,7.9,76.4,71.5,7.1,6.8
5.0,5.8,6.5,6.2,100.0,5.7,62.4,45.1,6.9,5.9
4.3,4.1,3.8,3.2,100.0,3.5,41.7,33.0,3.8,4.1
2.5,2.5,2.8,3.6,100.0,6.3,26.8,22.5,3.6,2.8
5.6,3.8,3.5,4.6,100.0,6.4,49.7,63.3,4.9,4.4
4.0,5.5,4.7,2.7,100.0,6.2,63.5,62.9,4.7,4.5
5.5,5.4,5.6,6.0,100.0,6.5,68.0,58.3,5.3,5.6
3.9,4.3,3.4,4.5,100.0,3.2,45.4,54.1,3.9,3.9
4.8,5.9,4.6,6.6,100.0,6.2,62.7,53.7,7.8,5.7
7.9,7.6,7.7,6.7,100.0,8.8,76.0,64.8,6.2,7.6
6.4,4.6,6.6,4.7,100.0,6.5,60.6,67.5,4.9,5.9
5.9,6.2,5.1,5.1,100.0,5.1,54.2,52.9,5.1,5.6
3.4,4.9,5.6,5.1,100.0,4.1,48.1,37.9,4.9,4.6
5.4,4.4,4.5,4.7,100.0,4.9,52.6,35.7,4.9,4.6
8.4,6.8,6.4,6.4,100.0,6.0,80.4,77.1,5.8,6.6
3.9,4.5,3.6,3.3,100.0,5.1,39.6,23.8,3.5,4.0
6.6,5.8,3.9,4.9,100.0,2.0,30.6,56.3,4.8,5.2
4.9,5.6,6.4,4.8,100.0,7.1,71.1,47.6,5.7,5.5
3.3,5.1,5.2,5.3,100.0,2.3,35.9,48.1,3.7,4.2
3.1,4.6,2.4,3.7,100.0,1.3,31.4,39.3,3.5,3.2
6.2,6.2,5.5,5.1,100.0,6.1,62.1,46.1,5.0,5.5
4.3,4.8,4.9,6.4,100.0,5.7,63.2,37.7,3.8,5.1
5.1,4.5,5.4,5.4,100.0,8.9,75.6,72.2,4.7,5.3
4.8,6.0,4.1,4.9,100.0,4.6,38.4,41.4,5.0,4.7
6.5,6.2,6.7,6.3,100.0,6.8,80.2,71.6,6.0,6.7
4.4,3.5,4.5,5.4,100.0,4.0,38.8,46.0,4.8,4.3
7.2,5.4,7.3,7.1,100.0,10.0,100.0,66.1,7.0,7.0
3.3,3.2,2.8,3.0,100.0,6.0,34.8,32.8,1.9,3.0
5.2,5.7,5.4,5.4,100.0,5.4,54.7,62.9,5.9,5.4
5.8,4.1,6.2,5.7,100.0,6.5,49.2,71.8,5.0,5.4
3.3,4.5,4.4,5.1,100.0,3.7,20.0,52.6,3.8,4.1
6.5,5.0,5.6,6.3,100.0,5.5,63.1,57.0,6.3,5.9
6.0,9.0,6.5,6.6,100.0,9.7,79.3,76.7,5.6,6.9
3.2,1.8,2.6,3.8,100.0,0.5,24.2,20.0,2.0,2.8
5.4,5.2,5.3,6.4,100.0,2.3,34.0,59.0,4.8,5.3
2.2,1.2,2.6,1.6,100.0,1.7,20.0,20.0,1.2,2.1
3.4,5.1,3.1,2.6,100.0,5.4,40.3,33.3,3.5,3.5
6.1,6.6,6.7,6.6,100.0,7.8,92.3,56.5,6.3,6.6
2.9,3.6,4.7,4.7,100.0,4.9,40.7,39.9,4.1,3.9
2.7,4.3,2.8,4.1,100.0,4.4,43.3,45.6,4.1,3.4
4.5,3.4,3.6,6.0,100.0,4.9,36.7,54.8,4.2,4.2
7.7,8.1,7.5,6.5,100.0,8.9,83.1,82.1,6.4,7.3
3.6,4.5,1.6,2.4,100.0,3.1,20.0,20.5,3.3,3.1
3.4,4.3,2.8,2.7,100.0,0.5,46.1,28.8,3.2,3.4
6.1,7.4,7.3,5.6,100.0,7.4,67.1,63.3,8.1,7.0
6.1,8.1,7.1,6.7,100.0,5.4,94.6,86.1,6.9,6.9
5.3,6.5,5.8,5.2,100.0,4.8,45.4,33.1,4.8,5.2
4.6,4.7,2.6,4.2,100.0,2.4,20.7,20.0,1.9,3.8
8.5,7.9,7.4,6.7,100.0,9.7,71.1,90.5,6.7,7.8
7.5,7.8,7.2,6.2,100.0,7.8,67.7,76.0,5.3,7.1
6.3,5.0,5.0,4.2,100.0,6.7,63.9,60.6,6.0,5.2
5.4,4.8,4.8,4.2,100.0,3.5,31.7,39.9,4.0,4.6
5.2,4.0,5.3,4.3,100.0,6.5,41.1,69.4,5.4,5.1
5.3,4.5,3.6,6.3,100.0,2.4,56.5,48.2,5.4,4.8
5.1,2.4,5.4,5.8,100.0,4.2,22.9,57.9,6.1,4.6
5.7,7.1,7.0,6.6,100.0,9.1,67.5,92.3,6.6,6.7
5.5,5.4,5.6,5.5,100.0,5.7,49.8,62.6,6.1,5.5
3.7,4.8,2.6,2.4,100.0,0.5,25.2,51.1,4.1,3.2
6.7,7.0,6.9,5.4,100.0,9.2,73.1,49.6,6.1,6.9
6.9,6.5,7.0,4.8,100.0,7.1,52.6,43.1,4.7,6.3
5.9,4.8,5.5,5.2,100.0,7.1,57.4,53.6,6.9,5.3
7.7,7.8,7.9,5.9,100.0,7.3,83.9,77.8,5.5,7.5
3.3,5.7,3.1,4.0,100.0,5.8,33.2,51.1,4.0,3.8
4.7,5.7,5.1,5.4,100.0,6.8,67.5,43.6,5.2,5.1
3.3,5.1,4.9,4.0,100.0,6.5,49.2,51.8,3.6,4.1
2.5,3.3,3.1,4.8,100.0,3.7,20.0,48.9,2.6,3.5
5.8,4.9,5.2,3.9,100.0,5.7,74.5,70.8,5.2,5.5
8.0,8.7,8.5,8.1,100.0,8.2,90.5,83.6,8.2,8.2
3.5,1.3,4.2,2.6,100.0,0.5,41.1,31.1,3.0,3.3
5.1,4.6,5.2,4.5,100.0,5.7,46.9,52.9,4.9,4.6
5.5,4.1,5.4,5.2,100.0,6.8,62.3,53.0,5.9,5.4
6.9,4.5,5.0,5.1,100.0,4.7,56.2,56.1,5.6,5.7
4.8,5.5,6.7,4.7,100.0,5.8,46.6,43.6,5.3,5.7
4.4,3.9,3.5,3.1,100.0,2.6,43.2,31.8,4.5,3.9
5.0,5.3,4.9,4.1,100.0,6.7,72.8,39.7,6.0,5.2
4.7,4.3,3.3,2.7,100.0,2.5,20.0,21.0,4.1,3.7
3.1,1.0,1.1,2.1,100.0,0.5,25.3,20.0,2.8,2.0
6.6,6.1,6.7,6.1,100.0,6.4,59.0,71.1,6.7,6.4
4.3,5.5,6.6,6.0,100.0,7.7,38.4,53.1,6.3,5.5
5.1,4.4,4.8,5.0,100.0,3.3,55.9,56.0,4.4,5.0
6.3,5.9,5.3,4.8,100.0,6.9,58.6,53.9,5.4,5.7
6.7,5.5,5.4,6.1,100.0,4.1,72.9,72.6,4.8,6.1
5.6,4.7,5.4,4.5,100.0,5.0,57.1,62.8,6.0,5.3
4.7,4.1,6.4,7.4,100.0,4.2,72.3,77.0,6.3,6.0
4.1,4.4,4.3,3.9,100.0,0.6,39.5,51.6,4.5,4.4
6.9,5.5,7.8,6.2,100.0,7.5,72.3,66.7,6.3,6.7
5.7,5.5,4.8,4.7,100.0,5.2,61.8,56.7,5.9,5.3
6.2,4.3,5.4,4.6,100.0,3.2,66.4,76.2,6.6,5.3
3.4,3.6,4.1,3.5,100.0,2.3,31.4,40.8,3.7,3.7
5.7,5.2,5.3,5.3,100.0,6.1,52.2,55.0,6.7,5.4
4.0,5.6,3.9,3.6,100.0,3.2,37.0,36.0,4.6,4.5
3.4,4.7,3.2,4.0,100.0,3.7,28.5,34.4,3.7,3.7
2.2,2.3,5.0,3.4,100.0,3.2,45.5,25.9,4.4,3.5
4.1,2.5,3.6,4.1,100.0,2.5,20.0,51.1,4.0,3.2
7.7,7.6,7.9,9.0,100.0,7.3,85.8,86.7,7.0,7.8
6.1,5.7,7.1,5.8,100.0,6.1,70.8,57.3,6.3,6.2
6.0,4.5,6.9,7.7,100.0,6.8,63.3,77.6,7.0,6.4
4.0,4.8,3.4,3.6,100.0,1.6,20.0,44.4,3.6,3.9
4.9,5.8,6.0,5.7,100.0,4.5,42.5,46.6,4.9,5.6
3.9,3.9,2.6,4.1,100.0,2.1,27.2,22.5,3.6,3.6
5.7,3.6,5.7,4.3,100.0,2.3,54.4,43.1,4.5,5.1
2.2,4.3,3.4,3.9,100.0,4.8,35.1,42.8,4.8,3.6
5.9,5.8,5.6,6.1,100.0,8.7,74.1,64.1,6.9,5.8
4.4,4.7,4.6,3.9,100.0,4.4,56.7,38.1,4.0,4.4
7.4,5.4,7.9,6.2,100.0,6.7,76.8,70.6,7.8,7.0
4.4,7.2,4.3,4.6,100.0,4.9,59.0,47.8,5.2,4.6
9.0,6.3,7.7,7.2,100.0,10.0,77.5,79.2,7.5,7.5
3.3,4.4,3.6,4.2,100.0,5.4,32.8,26.6,3.7,4.1
6.4,6.5,6.5,6.6,100.0,6.6,62.0,76.3,8.6,6.6
6.2,5.9,6.7,7.2,100.0,5.9,85.3,62.9,6.7,6.5
3.5,4.0,3.3,5.1,100.0,4.1,44.1,41.0,3.4,3.5
7.0,6.9,5.8,6.1,100.0,6.7,67.2,76.8,5.0,6.1
4.5,6.7,5.3,5.6,100.0,4.8,60.2,50.0,4.2,5.4
5.0,5.0,3.9,4.5,100.0,5.4,48.4,78.8,4.7,4.5
3.7,3.2,4.0,3.3,100.0,5.2,34.0,51.8,4.4,3.5
3.5,4.2,3.9,3.3,100.0,2.7,44.2,41.9,3.1,3.9
9.0,9.0,7.1,8.2,100.0,10.0,78.3,78.9,7.6,8.1
5.3,6.3,5.2,5.2,100.0,2.7,69.4,44.5,4.1,5.2
6.4,6.8,4.6,7.6,100.0,4.9,54.8,78.3,5.3,6.1
5.0,4.8,3.9,4.9,100.0,4.2,43.2,40.2,4.5,4.5
2.9,4.7,5.7,3.4,100.0,7.2,30.5,23.9,3.5,4.0
7.7,7.4,5.5,7.0,100.0,5.8,58.3,49.1,7.2,6.8
1.4,2.9,4.3,3.1,100.0,1.4,20.0,30.9,3.0,2.8
3.9,3.2,4.5,5.6,100.0,5.2,47.9,45.1,5.3,4.1
4.7,5.1,4.6,4.6,100.0,4.7,45.2,41.3,6.7,5.0
5.6,4.3,4.2,4.2,100.0,6.2,62.5,36.5,4.6,4.8
5.0,3.8,4.9,4.1,100.0,4.6,51.4,27.7,6.6,4.7
5.3,4.8,6.5,4.8,100.0,4.3,57.4,48.3,5.5,5.6
5.8,8.2,5.6,5.1,100.0,9.6,46.3,56.8,5.4,6.0
5.1,6.0,5.8,5.4,100.0,1.7,66.9,67.9,5.7,5.3
2.6,4.2,4.5,4.6,100.0,6.3,28.6,33.9,3.5,4.0
5.2,3.5,4.9,6.2,100.0,6.0,31.4,56.4,5.7,4.9
7.0,4.7,5.3,5.3,100.0,5.7,72.2,74.0,7.4,5.9
7.3,5.3,6.1,7.2,100.0,9.2,50.8,68.6,7.0,6.4
2.7,4.7,4.4,2.9,100.0,0.9,20.0,39.2,2.4,3.5
6.0,5.7,5.4,5.7,100.0,7.0,68.2,41.4,5.6,5.7
2.4,3.2,1.0,1.2,100.0,0.5,20.0,20.0,1.5,2.0
6.0,5.8,5.3,5.5,100.0,3.4,33.3,74.7,5.8,5.8
8.1,6.7,7.1,5.5,100.0,6.1,68.8,59.4,6.9,7.0
4.0,5.2,2.5,4.1,100.0,2.5,28.6,32.8,4.2,4.0
3.7,3.4,2.8,4.2,100.0,3.8,48.9,42.2,3.6,3.8
6.7,7.3,6.6,6.1,100.0,4.9,44.8,42.7,4.7,6.2
3.7,3.6,2.6,2.5,100.0,0.5,20.0,20.0,3.8,3.4
3.7,2.5,3.6,4.7,100.0,4.7,50.3,60.5,4.9,3.9
4.7,5.0,5.7,6.1,100.0,6.0,54.4,60.7,5.8,5.4
4.0,2.5,3.8,4.1,100.0,4.7,42.8,34.7,2.7,3.7
5.9,5.8,4.8,5.3,100.0,4.9,41.6,48.6,5.3,5.3
6.8,5.9,5.7,5.8,100.0,7.5,81.4,55.4,5.4,6.2
4.6,3.4,4.6,6.0,100.0,5.5,43.4,73.4,5.9,4.5
4.4,5.7,5.0,5.2,100.0,6.9,56.8,44.1,5.0,4.8
5.6,4.1,4.9,4.8,100.0,3.3,59.9,39.7,4.3,5.0
4.5,4.0,5.5,5.9,100.0,4.5,51.8,40.6,5.8,5.0
5.3,6.5,4.8,4.5,100.0,6.9,40.6,45.2,4.3,5.1
5.1,5.7,6.9,4.5,100.0,7.7,64.5,55.1,5.4,5.5
5.7,4.1,4.9,4.6,100.0,5.1,52.6,54.5,4.8,5.0
4.2,4.4,5.4,5.8,100.0,3.4,39.3,37.1,6.3,4.9
4.7,2.4,3.7,4.1,100.0,2.1,49.8,40.0,3.8,3.8
5.1,3.7,5.1,5.2,100.0,6.9,50.0,50.3,5.6,4.8
4.2,5.3,3.7,4.0,100.0,5.7,42.9,20.0,3.2,4.1
2.1,3.2,4.2,4.3,100.0,3.2,48.2,26.0,4.9,3.6
3.5,5.3,5.2,5.1,100.0,8.9,61.6,46.2,4.7,4.9
5.1,3.3,5.4,4.9,100.0,6.0,53.2,70.0,5.2,4.7
6.1,4.7,6.1,6.9,100.0,4.5,55.0,67.2,6.3,5.9
3.6,5.1,4.5,4.0,100.0,3.9,70.6,45.0,3.9,4.3
4.6,5.9,7.6,6.3,100.0,5.6,48.2,20.0,6.3,6.0
6.1,7.3,5.2,6.6,100.0,6.0,61.4,39.2,5.2,6.3
6.0,6.8,5.0,6.0,100.0,7.5,61.8,63.9,6.1,5.7
3.9,3.8,4.5,2.9,100.0,2.3,43.2,45.4,4.8,4.0
5.8,5.6,4.8,5.2,100.0,3.2,73.5,44.8,5.6,5.3
4.5,5.1,5.2,5.3,100.0,6.4,55.9,55.7,5.9,5.2
4.7,7.0,4.2,4.6,100.0,4.3,49.2,49.7,6.8,5.3
3.8,3.6,2.9,2.6,100.0,5.5,34.2,20.4,2.8,3.4
5.2,5.4,5.6,5.9,100.0,6.7,51.0,48.7,5.3,5.6
7.8,7.8,7.4,7.3,100.0,7.5,91.9,91.3,7.9,7.7
6.4,6.0,5.1,4.4,100.0,6.3,46.5,55.7,5.5,5.6
3.0,4.7,2.8,3.9,100.0,5.0,48.3,29.5,5.8,3.9
6.1,6.9,4.9,6.5,100.0,6.5,62.9,43.7,5.3,5.8
6.7,3.3,5.3,5.1,100.0,5.3,50.7,46.7,4.7,5.3
6.2,6.9,5.6,5.3,100.0,7.4,49.5,68.4,7.3,6.1
4.2,3.0,2.2,2.1,100.0,0.5,20.0,34.7,2.5,3.0
5.1,7.6,5.7,6.2,100.0,8.1,42.6,68.9,6.1,5.9
5.2,7.2,6.2,5.0,100.0,0.7,57.9,68.6,5.9,5.8
5.1,4.9,5.8,5.4,100.0,4.1,24.3,51.5,4.8,5.0
6.0,6.9,5.0,4.2,100.0,3.1,53.5,57.4,5.4,5.1
7.1,7.9,6.8,5.8,100.0,5.8,66.8,81.9,5.0,6.6
7.3,6.1,6.5,4.9,100.0,6.2,71.6,63.1,5.4,6.6
3.6,6.0,4.5,4.0,100.0,1.5,37.9,38.8,4.3,4.6
6.9,6.0,5.7,6.6,100.0,2.1,71.3,65.5,4.5,6.2
4.6,4.7,3.6,5.2,100.0,5.2,53.2,47.3,4.9,4.7
5.8,5.9,5.1,4.1,100.0,8.2,47.9,49.4,4.9,5.2
5.3,4.7,4.4,4.4,100.0,4.6,50.0,64.3,3.7,4.6
5.2,4.9,4.3,5.0,100.0,6.2,39.2,46.8,6.0,4.9
6.8,7.8,6.2,4.9,100.0,9.0,70.2,64.3,5.7,6.3
3.6,4.9,4.7,4.7,100.0,2.0,32.9,41.4,5.3,4.4
2.8,2.0,3.8,5.0,100.0,2.6,43.9,37.4,3.3,3.4
4.6,4.9,5.0,4.4,100.0,2.5,34.5,39.0,3.9,4.6
3.9,4.5,4.9,3.9,100.0,4.1,54.2,56.0,5.0,4.7
7.1,7.3,6.8,5.9,100.0,9.4,71.7,70.2,6.2,6.9
6.4,6.4,5.7,5.2,100.0,6.2,70.7,54.8,5.6,5.8
4.2,5.4,4.7,5.9,100.0,4.9,20.4,23.3,3.4,4.6
7.1,8.9,7.8,9.0,100.0,8.7,84.0,77.0,7.3,7.8
6.4,6.4,5.3,6.0,100.0,3.6,59.5,45.3,6.0,5.6
8.2,5.9,6.3,6.2,100.0,7.9,86.6,59.1,6.5,6.8
4.9,5.6,4.7,5.9,100.0,6.7,47.3,52.3,4.8,5.2
6.0,7.5,5.1,4.6,100.0,6.3,52.1,79.3,5.0,5.7
6.2,5.3,5.4,7.0,100.0,7.0,82.9,57.5,7.1,6.2
6.9,8.2,7.0,7.3,100.0,5.0,76.3,64.4,6.4,7.2
6.2,5.7,5.5,6.1,100.0,7.6,79.6,60.0,4.9,5.7
6.0,5.2,5.8,7.0,100.0,8.3,51.0,71.7,6.2,5.9
5.3,4.9,5.4,4.2,100.0,5.1,50.5,49.5,4.1,5.2
6.2,5.0,4.1,3.2,100.0,1.4,30.6,41.3,5.0,4.8
4.3,6.3,6.0,6.3,100.0,8.0,41.9,42.9,6.1,5.4
6.0,5.2,5.7,6.0,100.0,5.0,69.8,54.3,6.8,5.9
3.8,5.1,4.0,5.3,100.0,5.2,53.2,48.4,4.4,4.7
7.6,5.6,5.1,7.9,100.0,8.0,61.2,68.2,6.2,6.5
6.3,5.3,7.7,6.1,100.0,8.8,86.1,71.6,6.9,6.8
2.7,3.0,3.1,3.8,100.0,0.9,32.6,42.9,4.5,3.0
4.5,3.3,4.5,5.4,100.0,3.9,34.7,25.2,3.2,4.2
6.2,5.3,4.1,5.4,100.0,4.9,47.5,50.9,4.9,5.1
5.9,6.5,6.3,4.8,100.0,7.6,52.2,57.1,6.7,6.1
4.5,3.0,6.0,3.5,100.0,4.9,54.9,32.6,4.0,4.3
6.9,7.0,5.4,6.2,100.0,9.2,59.9,64.2,6.6,6.2
6.6,4.4,4.7,4.9,100.0,6.4,48.8,63.3,7.4,5.4
4.3,5.7,5.6,5.3,100.0,4.9,38.7,39.2,4.9,5.0
3.2,2.7,3.6,3.3,100.0,3.1,47.3,53.1,2.2,3.2
3.1,2.4,4.0,3.7,100.0,5.3,27.0,35.8,3.4,3.0
4.4,6.1,4.9,4.6,100.0,3.5,46.5,53.6,6.5,5.3
2.2,1.9,3.9,2.4,100.0,3.2,20.0,20.0,3.2,2.3
7.1,5.9,6.3,4.4,100.0,5.6,73.7,73.1,5.5,6.2
5.3,2.7,3.9,4.9,100.0,3.5,54.3,43.5,5.1,4.3
9.0,9.0,8.7,9.0,100.0,10.0,92.9,94.9,8.8,8.7
7.9,8.6,6.9,6.5,100.0,7.1,80.6,99.1,8.4,7.6
5.2,4.8,5.9,5.2,100.0,5.3,32.7,42.6,4.3,5.3
4.2,3.4,4.4,4.3,100.0,4.1,49.8,49.8,5.2,4.4
5.9,7.4,6.5,6.9,100.0,3.0,77.8,57.3,7.6,6.9
7.2,6.4,6.7,7.2,100.0,8.3,69.7,78.1,5.2,6.6
3.3,2.6,2.6,3.4,100.0,2.7,31.8,31.2,3.5,3.1
3.1,5.1,1.5,2.9,100.0,0.5,20.0,40.0,3.8,2.8
4.1,3.6,4.7,5.4,100.0,3.0,29.7,31.3,3.1,4.2
5.4,6.4,6.6,6.0,100.0,3.2,65.5,44.3,5.2,6.1
8.1,6.1,4.9,5.0,100.0,6.8,80.9,54.8,5.3,6.1
7.0,6.7,5.2,6.4,100.0,8.7,71.5,59.9,5.8,6.0
3.9,3.8,4.1,3.2,100.0,4.5,27.9,31.9,3.0,3.6
2.0,2.6,1.0,2.4,100.0,3.0,20.0,20.5,2.0,2.2
5.7,6.3,6.9,5.7,100.0,5.5,82.0,85.5,6.6,6.4
3.9,4.0,3.4,3.4,100.0,4.6,40.6,33.1,5.1,3.8
2.8,4.0,1.8,2.8,100.0,2.0,20.0,20.0,3.5,2.8
3.7,3.9,5.4,5.2,100.0,5.5,51.6,49.8,5.9,4.7
4.7,6.9,5.2,6.9,100.0,7.6,64.0,65.4,7.3,5.7
4.3,5.6,4.3,4.5,100.0,6.6,52.9,38.5,6.3,4.6
4.6,5.1,4.7,2.7,100.0,3.7,58.3,45.5,4.6,4.4
4.6,5.9,3.1,4.5,100.0,2.6,60.4,49.0,5.8,4.6
5.7,4.5,5.7,3.1,100.0,4.2,46.4,47.0,4.9,5.2
2.2,1.6,3.4,3.7,100.0,2.6,29.4,37.7,3.2,2.8
3.5,4.1,3.2,2.7,100.0,4.4,43.2,38.5,4.1,3.5
6.8,4.7,4.9,4.8,100.0,7.0,51.7,63.3,6.4,5.5
5.5,4.7,6.1,5.1,100.0,2.6,64.6,36.8,6.4,5.2
5.9,4.0,5.6,6.6,100.0,4.2,50.5,42.9,5.6,5.3
5.4,3.3,4.8,2.9,100.0,2.1,40.0,31.7,3.5,4.1
4.2,4.2,4.3,4.8,100.0,6.6,64.4,37.2,4.4,4.3
2.3,1.0,2.6,2.9,100.0,1.4,22.9,20.0,1.1,2.3
5.0,5.9,5.5,6.5,100.0,4.5,55.0,49.2,5.5,5.7
5.2,8.8,7.2,7.4,100.0,8.0,66.3,66.9,6.9,6.8
3.0,3.8,4.0,4.2,100.0,1.9,27.1,36.7,2.5,3.4
5.0,4.1,3.8,5.1,100.0,4.1,29.9,42.0,4.6,4.2
5.8,5.3,5.3,4.3,100.0,8.2,60.3,44.1,5.7,5.3
7.0,6.1,6.1,6.8,100.0,9.6,47.4,62.8,5.4,6.3
4.2,4.5,4.4,5.2,100.0,3.7,53.0,50.8,4.2,4.6
3.6,4.1,4.7,3.3,100.0,3.7,46.9,41.6,5.2,4.0
3.7,1.8,1.4,2.1,100.0,1.1,21.4,32.4,2.2,2.3
4.7,6.7,5.9,4.4,100.0,2.3,46.2,60.0,5.1,5.4
7.7,6.0,6.6,8.1,100.0,9.6,80.5,76.7,7.6,7.3
5.5,6.0,5.1,5.3,100.0,9.0,36.4,68.5,5.3,5.5
6.1,4.9,5.9,4.7,100.0,4.3,57.9,64.8,5.5,5.3
6.2,7.2,5.6,4.3,100.0,4.3,53.2,37.0,6.1,5.6
4.0,5.3,5.2,4.9,100.0,4.6,65.0,50.2,5.9,5.0
3.1,3.7,3.2,3.5,100.0,3.9,41.7,32.3,3.8,3.3
6.5,5.8,5.2,6.2,100.0,4.5,64.7,59.7,6.4,5.8
5.2,5.3,5.9,4.3,100.0,4.7,57.4,45.2,5.9,5.2
4.7,3.9,4.6,5.2,100.0,6.5,40.5,40.8,4.9,4.7
4.6,3.1,3.5,3.4,100.0,3.7,30.9,44.4,3.3,3.4
6.7,4.9,7.3,5.5,100.0,8.9,70.9,57.9,6.7,6.6
5.8,4.9,5.0,4.6,100.0,6.5,56.9,60.9,5.4,5.1
5.0,4.4,4.5,3.3,100.0,2.5,35.9,28.2,3.8,4.4
5.9,6.5,6.2,6.0,100.0,5.6,62.2,77.7,6.4,6.1
5.7,2.5,4.4,4.5,100.0,4.6,43.0,42.8,4.3,4.1
3.4,3.9,3.7,4.3,100.0,2.1,61.5,45.7,4.2,3.9
4.6,4.6,3.7,4.4,100.0,2.0,35.4,40.6,3.0,4.0
4.0,2.7,2.1,2.2,100.0,0.6,20.0,20.9,2.7,2.8
4.5,5.0,5.9,6.5,100.0,6.5,55.5,57.8,3.9,5.2
2.5,2.4,2.3,2.4,100.0,1.7,37.5,37.6,2.0,2.3
4.4,3.0,4.2,3.9,100.0,4.9,47.3,22.6,3.5,3.9
3.4,1.9,2.3,2.4,100.0,0.5,38.4,20.0,3.4,2.9
4.8,5.1,4.1,5.2,100.0,1.2,49.3,40.8,5.3,4.8
4.2,7.0,4.6,4.6,100.0,4.6,54.2,35.7,4.9,4.9
5.4,3.9,4.3,5.0,100.0,7.0,34.6,54.8,4.3,4.6
4.7,3.4,4.5,3.7,100.0,3.5,30.8,32.6,3.6,4.1
2.7,3.5,3.3,4.3,100.0,1.2,21.3,40.7,4.5,3.4
4.6,4.9,5.4,4.8,100.0,3.3,61.7,57.3,4.8,5.2
4.5,5.4,5.4,2.8,100.0,6.0,42.1,41.8,3.8,4.5
5.9,3.1,5.7,4.5,100.0,4.3,57.0,56.4,6.1,5.3
3.7,3.4,5.1,4.9,100.0,6.0,28.3,51.5,3.7,4.0
5.8,6.0,6.1,5.1,100.0,6.3,61.2,54.6,6.6,6.0
6.0,6.3,5.9,6.6,100.0,5.8,45.5,80.6,7.1,6.1
4.0,4.9,6.4,4.8,100.0,7.6,56.3,69.2,6.5,5.3
4.2,4.9,5.6,4.6,100.0,3.0,42.7,42.2,3.3,4.4
5.4,6.2,6.4,4.4,100.0,3.2,33.6,53.1,6.1,6.0
4.5,4.9,5.4,3.9,100.0,3.3,50.2,42.6,4.1,4.7
4.1,4.2,5.7,4.7,100.0,6.2,48.4,62.9,5.5,4.9
3.2,5.0,4.4,5.0,100.0,6.2,50.7,35.7,4.3,4.1
4.4,4.4,4.2,5.3,100.0,4.2,67.5,40.3,5.0,4.7
6.0,6.0,5.0,5.8,100.0,2.5,56.4,50.4,4.5,5.5
4.8,5.2,2.6,2.4,100.0,1.2,44.8,23.6,2.6,3.6
4.7,1.3,4.7,3.8,100.0,1.9,48.6,28.8,3.9,4.0
2.7,3.4,3.1,3.2,100.0,1.0,34.1,40.5,3.1,3.1
2.2,1.4,4.0,1.7,100.0,3.0,20.0,32.5,2.4,2.4
3.9,5.9,2.7,3.6,100.0,6.1,20.0,27.5,2.3,3.8
5.7,4.7,6.0,5.0,100.0,6.4,56.1,60.4,3.3,5.1
4.2,4.6,3.6,4.4,100.0,2.0,32.6,57.4,4.3,4.2
4.0,5.6,4.7,5.7,100.0,4.7,70.5,60.8,5.4,5.0
4.3,4.3,6.2,4.6,100.0,4.3,45.8,64.7,4.6,4.9
2.6,1.8,3.4,3.5,100.0,2.6,20.3,29.0,2.8,3.0
6.2,7.3,5.9,3.8,100.0,8.3,48.2,56.9,6.5,5.9
6.6,6.9,6.0,5.9,100.0,5.5,58.7,64.1,6.2,6.2
3.9,5.7,4.1,2.3,100.0,5.8,25.7,40.4,3.5,3.9
5.8,5.6,5.6,4.7,100.0,8.8,47.8,48.9,7.0,5.5
4.0,4.2,3.4,4.4,100.0,3.2,36.6,20.0,3.5,4.1
5.7,4.9,4.8,4.0,100.0,4.6,45.4,43.1,4.1,4.8
3.7,3.2,4.9,2.2,100.0,2.6,57.3,20.0,3.6,3.9
2.9,1.8,4.8,4.9,100.0,2.4,31.5,20.0,2.7,3.5
4.3,4.6,5.7,3.3,100.0,3.9,55.1,27.2,5.2,4.6
4.9,4.1,5.2,6.3,100.0,6.1,47.0,56.9,4.5,4.8
4.9,4.9,4.3,4.4,100.0,2.1,45.1,32.2,4.4,4.4
3.8,3.7,3.0,3.1,100.0,2.4,27.9,37.7,3.0,3.2
4.8,4.8,4.0,5.0,100.0,4.9,70.2,51.7,5.1,4.9
6.4,6.9,4.9,6.5,100.0,6.7,53.0,61.1,5.4,6.2
5.2,4.9,6.5,3.9,100.0,8.2,43.3,30.6,4.7,5.2
4.7,5.9,6.5,4.8,100.0,3.3,45.2,64.0,5.1,5.6
4.9,6.2,4.7,4.9,100.0,3.0,43.3,44.2,4.2,4.9
5.3,7.7,5.7,6.7,100.0,3.4,81.8,75.6,5.4,6.1
2.7,4.7,4.2,4.6,100.0,1.6,43.2,50.7,4.4,4.1
5.9,5.3,5.4,6.0,100.0,3.1,49.8,65.3,6.4,5.7
6.8,6.6,4.9,8.0,100.0,6.0,59.9,55.9,6.4,6.5
4.6,4.3,5.8,5.7,100.0,5.4,69.7,63.7,5.5,5.2
4.5,5.2,4.2,5.0,100.0,5.4,68.0,31.9,4.0,4.6
3.9,4.6,3.8,4.6,100.0,3.8,40.6,41.4,5.6,4.3
5.9,6.3,6.1,6.1,100.0,7.3,77.6,60.5,7.3,6.3
4.0,4.3,2.9,4.0,100.0,3.0,20.0,28.8,3.6,3.7
4.4,2.7,3.8,4.0,100.0,2.0,27.0,20.4,4.4,3.6
4.5,6.1,4.5,5.2,100.0,1.9,33.9,30.1,5.4,5.0
6.0,7.4,5.1,7.3,100.0,7.7,72.7,64.1,7.2,6.2
4.4,5.4,6.6,5.8,100.0,8.0,53.9,53.5,4.8,5.4
5.0,3.7,3.1,4.3,100.0,7.4,37.9,31.2,3.6,3.8
5.1,5.1,3.9,3.7,100.0,5.9,57.5,59.8,5.0,4.1
3.7,5.7,4.0,3.8,100.0,6.3,34.3,45.0,4.4,4.6
4.7,4.2,4.1,4.9,100.0,4.6,40.3,43.3,4.7,4.3
6.1,6.3,7.2,7.4,100.0,6.9,51.3,60.9,6.6,6.5
3.1,3.4,3.5,1.6,100.0,3.1,41.1,20.0,3.5,3.4
7.3,8.6,7.3,6.4,100.0,7.3,85.1,74.1,5.1,7.1
5.4,5.6,6.2,6.0,100.0,7.2,66.0,80.5,6.8,5.7
6.0,6.3,6.5,5.5,100.0,5.9,67.6,68.6,6.9,6.2
4.5,5.8,4.7,3.7,100.0,4.1,38.0,54.2,5.9,4.7
4.4,5.0,3.4,5.2,100.0,3.0,33.8,60.1,4.5,4.3
3.8,4.4,3.1,4.7,100.0,3.6,31.6,34.1,2.0,3.5
5.9,3.5,5.2,2.6,100.0,2.8,49.7,44.3,4.2,4.5
5.0,5.4,8.4,5.4,100.0,5.8,77.6,47.5,5.9,6.4
5.2,8.0,5.7,7.0,100.0,7.7,65.5,67.4,6.2,6.1
2.1,3.0,4.0,4.4,100.0,4.2,36.1,29.8,4.7,3.6
4.4,4.4,4.2,4.8,100.0,5.6,55.7,47.8,4.1,4.7
4.3,5.1,6.3,6.4,100.0,4.5,59.2,33.6,4.7,5.3
3.5,2.4,2.4,3.4,100.0,3.6,22.8,23.7,3.1,3.0
5.8,5.3,6.2,6.9,100.0,5.2,56.1,62.9,7.7,6.1
2.8,4.2,3.1,3.6,100.0,1.0,33.9,32.1,3.5,3.1
3.3,4.8,4.5,4.8,100.0,5.5,38.1,37.9,5.2,4.5
4.7,5.7,4.4,3.4,100.0,4.8,57.9,35.3,3.6,4.6
4.2,5.5,4.8,4.8,100.0,5.3,38.8,35.4,4.3,4.6
4.7,4.2,4.2,4.9,100.0,5.0,49.2,26.1,4.3,4.2
3.4,4.8,5.2,5.1,100.0,2.3,49.2,39.3,5.5,4.7
4.9,5.2,4.6,4.3,100.0,4.3,45.0,53.9,5.2,4.8
5.1,5.6,4.3,4.6,100.0,5.2,36.9,42.3,4.3,4.9
5.6,6.1,6.1,5.7,100.0,6.2,47.2,59.0,4.4,5.8
6.3,7.3,6.1,6.1,100.0,7.3,90.5,56.5,6.9,6.5
5.2,5.8,5.8,4.3,100.0,2.7,46.4,48.0,4.9,4.8
5.1,6.8,5.8,6.2,100.0,5.0,55.6,63.8,6.8,6.0
4.2,2.4,4.1,3.9,100.0,3.6,28.3,33.8,2.7,3.5
5.3,5.4,5.4,6.8,100.0,2.7,73.9,63.5,6.0,5.7
2.3,5.1,3.5,3.9,100.0,2.9,25.3,43.1,4.4,3.9
3.0,3.0,2.8,4.1,100.0,2.8,34.9,22.0,2.2,3.1
4.5,4.2,4.7,2.7,100.0,5.6,36.4,33.3,4.0,4.2
6.2,6.2,7.3,8.2,100.0,7.7,70.3,82.0,6.4,6.9
5.9,3.9,5.8,6.7,100.0,7.9,73.5,60.6,6.9,5.5
4.3,5.3,4.5,5.2,100.0,5.8,36.4,42.8,4.8,4.5
3.6,3.5,3.7,3.0,100.0,1.4,20.0,24.9,3.3,3.6
4.2,4.3,3.7,3.8,100.0,3.8,56.1,60.5,5.6,4.1
3.6,4.3,4.4,4.6,100.0,4.1,55.5,45.5,5.5,4.4
4.9,4.4,4.4,6.9,100.0,6.1,54.8,48.3,3.9,4.7
3.6,3.5,2.5,1.9,100.0,1.2,29.5,20.0,2.4,3.0
3.6,5.8,3.0,3.0,100.0,3.1,27.7,46.2,4.6,3.9
6.3,6.3,3.5,4.3,100.0,4.9,59.6,51.9,5.5,5.1
6.0,4.4,4.8,4.6,100.0,8.3,66.2,67.3,4.0,5.1
2.6,3.2,2.8,2.4,100.0,2.7,20.0,32.7,2.5,2.8
4.7,4.2,3.9,5.8,100.0,3.6,52.2,32.4,5.5,4.6
5.1,4.6,4.9,4.6,100.0,5.4,63.8,44.6,5.6,5.0
5.8,5.6,7.4,4.8,100.0,8.8,56.8,58.4,6.5,6.2
5.6,6.5,5.8,6.1,100.0,7.0,67.0,61.1,7.3,6.3
6.1,6.6,5.9,5.7,100.0,3.5,76.2,63.8,5.7,6.1
3.3,3.9,3.4,4.9,100.0,2.4,44.4,33.1,4.3,4.1
1.8,2.6,4.3,2.3,100.0,0.7,20.0,20.0,2.0,2.6
3.6,5.0,4.1,4.3,100.0,6.6,67.3,53.7,4.1,4.1
7.8,6.7,6.0,6.1,100.0,8.4,67.3,70.5,6.0,6.4
7.1,7.8,7.6,6.8,100.0,6.2,84.9,74.1,7.3,7.4
6.1,4.6,5.7,5.5,100.0,5.1,56.4,39.2,5.3,5.5
4.7,5.5,5.5,5.0,100.0,5.7,67.1,68.5,6.4,5.4
6.0,4.4,5.3,3.8,100.0,5.7,50.2,57.5,4.7,4.9
4.2,4.3,4.1,3.8,100.0,2.7,44.9,40.0,4.8,4.5
5.0,4.6,5.1,5.5,100.0,4.4,42.0,39.9,5.2,5.2
6.2,7.0,7.4,7.8,100.0,5.3,94.0,68.7,7.2,6.9
4.0,3.1,3.4,3.5,100.0,5.5,33.7,27.0,4.6,3.6
6.6,5.5,6.4,8.1,100.0,4.8,63.1,54.2,6.4,6.5
4.0,2.6,4.2,4.6,100.0,1.9,46.1,37.0,4.3,4.0
7.2,6.5,5.6,5.4,100.0,7.6,75.3,53.9,5.9,6.0
2.1,2.9,2.2,1.9,100.0,1.0,28.6,28.3,3.3,2.2
6.2,5.1,5.9,6.8,100.0,5.1,50.7,47.3,5.6,5.7
4.7,5.4,4.8,3.8,100.0,4.0,49.3,46.2,4.7,5.0
2.6,2.5,3.9,2.2,100.0,3.9,41.4,20.0,3.6,2.9
4.6,6.6,3.5,3.3,100.0,5.0,36.8,65.2,5.8,4.7
6.0,7.8,6.0,5.9,100.0,9.2,56.4,73.5,6.1,6.4
4.2,2.1,3.2,4.3,100.0,3.7,35.7,26.7,4.3,3.5
3.1,3.3,3.3,2.6,100.0,4.5,22.2,26.6,4.5,3.4
5.2,4.5,4.6,4.0,100.0,5.3,53.9,40.1,3.9,4.4
6.3,2.1,5.3,4.4,100.0,8.1,67.1,54.5,3.6,4.6
5.3,4.3,5.6,6.8,100.0,7.4,54.4,76.2,6.1,5.2
4.8,6.9,4.8,4.9,100.0,6.5,80.0,76.1,5.5,5.4
5.6,6.9,4.2,4.4,100.0,5.9,34.4,42.2,3.9,4.9
8.6,8.1,7.2,8.3,100.0,7.4,82.4,79.0,7.6,8.3
5.6,5.6,5.3,5.7,100.0,4.9,47.4,68.6,4.5,5.4
3.7,4.6,3.6,4.7,100.0,2.5,49.6,50.0,5.7,4.4
3.0,4.7,2.0,2.5,100.0,1.4,20.0,35.9,3.2,3.1
3.8,6.7,4.7,4.7,100.0,7.7,33.2,52.6,4.5,4.8
5.1,4.0,3.6,4.1,100.0,2.7,49.7,45.7,4.0,4.4
5.1,4.2,5.0,5.4,100.0,5.5,58.1,63.7,6.3,5.1
5.3,3.5,5.2,4.6,100.0,5.6,53.7,44.8,4.4,4.8
2.8,4.9,3.2,4.3,100.0,3.1,50.7,24.7,1.8,3.9
5.3,5.2,4.6,5.2,100.0,5.8,54.0,43.6,4.1,5.0
5.5,6.0,5.3,6.1,100.0,5.3,69.1,56.6,6.6,5.7
7.0,5.1,6.8,7.0,100.0,8.0,65.3,73.9,6.2,6.3
6.1,5.3,5.5,6.5,100.0,8.0,49.9,62.2,5.0,5.7
5.1,5.6,6.0,5.7,100.0,8.0,60.6,63.6,5.8,5.6
5.6,5.3,4.8,4.6,100.0,4.7,36.0,57.5,6.7,5.2
5.4,5.1,5.6,4.7,100.0,6.5,48.8,51.7,6.3,5.1
5.7,5.5,7.1,5.3,100.0,5.2,71.1,76.1,5.9,5.7
5.2,2.6,4.0,2.4,100.0,1.9,28.9,41.4,2.8,3.5
5.0,5.7,5.5,4.3,100.0,2.7,48.1,48.9,4.0,5.1
4.0,4.3,4.7,2.7,100.0,3.8,44.4,33.0,3.4,4.0
6.6,6.0,5.6,4.2,100.0,4.3,43.7,65.2,5.8,5.8
7.9,5.6,6.2,7.4,100.0,4.6,59.0,73.3,6.2,6.7
4.2,1.4,4.0,4.5,100.0,3.5,20.0,47.2,3.5,3.4
2.4,1.6,1.5,1.7,100.0,0.5,20.0,29.5,1.2,1.6
3.7,3.7,4.5,6.5,100.0,6.4,51.2,50.9,6.2,4.7
6.0,6.4,6.6,4.6,100.0,5.5,78.6,79.4,6.6,6.2
5.5,8.8,5.1,6.5,100.0,7.3,60.0,56.6,5.0,6.0
5.7,6.2,5.5,5.4,100.0,4.9,70.2,52.1,6.4,5.9
4.9,7.3,4.2,5.4,100.0,2.8,49.6,57.3,3.8,5.3
3.9,4.0,3.6,3.6,100.0,4.8,31.9,21.0,3.4,3.9
5.8,5.0,5.2,4.0,100.0,5.9,51.6,76.6,5.4,5.3
3.0,4.3,3.5,4.1,100.0,6.6,20.0,50.5,4.1,3.5
6.9,9.0,7.1,7.9,100.0,7.6,95.0,83.6,6.9,7.7
5.2,7.4,6.0,3.8,100.0,5.2,58.0,70.6,5.8,5.7
4.1,3.8,4.2,6.0,100.0,5.6,55.2,47.9,3.0,4.6
5.1,4.5,4.0,4.5,100.0,5.6,31.3,27.9,4.0,4.6
4.0,3.5,5.1,5.5,100.0,5.1,72.9,40.4,5.8,4.8
4.4,5.5,4.4,3.7,100.0,9.6,43.9,49.3,5.5,4.9
7.1,7.8,7.2,6.9,100.0,6.3,59.8,68.3,5.8,7.0
5.0,5.3,4.5,6.2,100.0,3.4,50.7,65.9,4.1,5.1
4.5,3.5,4.0,4.3,100.0,2.4,40.7,42.0,2.6,4.3
7.2,7.6,6.3,7.3,100.0,7.4,77.7,65.7,7.7,7.2
5.3,5.5,4.8,4.3,100.0,7.4,45.6,45.3,5.3,5.1
5.7,6.0,4.7,5.7,100.0,5.9,43.5,69.0,6.2,5.5
4.8,4.4,4.8,3.8,100.0,6.4,32.8,22.7,5.5,4.4
4.2,5.3,6.0,5.9,100.0,6.2,66.2,41.3,5.5,5.3
5.1,6.3,5.9,4.6,100.0,7.1,45.9,50.9,5.5,5.4
3.0,3.4,2.8,3.2,100.0,2.7,20.0,30.9,1.7,2.9
7.8,6.5,6.8,6.7,100.0,8.6,69.7,78.1,8.6,7.1
7.7,5.6,6.0,6.3,100.0,8.1,68.5,74.0,6.4,6.6
4.2,4.3,5.6,5.1,100.0,3.6,36.4,44.1,3.9,4.6
4.9,4.4,4.7,3.1,100.0,2.5,30.7,32.1,3.8,4.2
4.9,5.6,5.5,6.0,100.0,6.0,47.2,48.7,6.9,5.7
6.2,4.5,4.7,5.6,100.0,8.0,61.4,59.7,6.6,5.5
6.1,5.7,6.4,5.2,100.0,3.2,60.2,42.8,4.7,5.8
4.5,4.9,4.7,6.3,100.0,2.2,75.1,50.5,6.1,5.3
5.9,6.5,5.8,5.7,100.0,5.4,53.8,69.1,5.8,5.9
6.7,7.1,7.7,7.7,100.0,8.7,68.9,64.1,7.4,7.2
6.2,5.4,5.1,7.3,100.0,5.9,70.4,43.0,5.9,6.2
3.6,4.0,4.3,3.5,100.0,1.7,38.2,20.0,4.2,3.9
6.4,7.9,7.0,7.2,100.0,7.2,61.0,77.1,7.6,7.0
8.1,6.4,6.9,6.4,100.0,4.9,80.2,81.9,5.7,6.9
8.7,9.0,8.1,7.9,100.0,10.0,100.0,93.8,9.0,8.2
4.3,3.6,3.1,3.5,100.0,2.9,20.0,20.4,2.8,3.5
5.1,5.7,5.5,4.1,100.0,5.2,47.1,52.2,5.0,5.2
3.8,1.9,1.5,1.7,100.0,2.5,20.7,30.5,2.5,2.6
5.1,5.8,5.8,6.2,100.0,6.1,72.8,45.6,4.9,5.7
3.9,5.4,4.7,3.9,100.0,3.4,48.8,52.4,3.9,4.5
8.5,6.4,8.0,7.9,100.0,9.4,73.2,61.9,6.3,7.6
3.7,2.8,3.1,4.3,100.0,5.0,31.3,27.0,3.6,3.8
4.3,1.7,3.9,4.6,100.0,0.5,32.6,25.8,3.3,3.7
5.1,3.3,5.7,4.9,100.0,3.9,20.0,52.4,5.1,4.5
2.5,3.2,2.9,3.6,100.0,0.5,20.0,35.1,2.1,3.1
4.5,4.6,5.2,6.3,100.0,4.2,75.4,71.2,6.9,5.2
2.5,2.2,2.3,2.8,100.0,2.7,22.0,34.5,2.9,2.4
5.1,5.6,5.0,6.1,100.0,4.4,42.8,52.2,6.1,5.2
3.4,2.9,2.7,3.1,100.0,1.7,20.0,20.0,1.2,3.1
5.9,4.2,4.6,4.8,100.0,3.5,53.6,57.0,4.8,5.1
6.4,7.2,7.2,7.2,100.0,8.0,75.4,88.3,7.4,7.2
6.1,5.5,5.4,5.9,100.0,6.6,53.2,64.7,4.2,5.7
4.6,3.7,4.2,3.4,100.0,7.0,40.8,43.2,5.7,4.3
5.8,4.8,4.6,4.3,100.0,4.7,51.2,63.5,4.5,4.9
5.4,7.2,4.8,6.3,100.0,2.9,51.1,53.7,5.4,5.8
4.0,6.3,5.2,7.2,100.0,5.0,43.8,56.9,6.2,5.4
3.2,5.7,4.7,2.5,100.0,4.2,20.0,36.8,3.4,3.8
4.8,5.2,6.8,5.1,100.0,4.7,66.4,63.7,6.7,5.6
1.6,1.7,2.2,2.8,100.0,0.5,20.0,20.0,3.2,2.5
5.0,3.0,5.2,4.7,100.0,2.9,44.4,39.2,3.4,4.4
4.7,3.6,5.0,5.0,100.0,3.5,36.8,51.8,4.5,4.7
6.7,7.6,5.9,6.5,100.0,4.3,67.2,68.1,6.4,6.9
5.3,4.5,3.9,4.8,100.0,5.4,46.6,52.5,3.9,4.7
2.3,5.2,3.1,3.6,100.0,2.8,41.9,21.4,4.1,3.4
1.8,2.6,3.6,4.0,100.0,4.7,27.8,47.6,5.0,3.0
5.4,4.2,4.4,4.5,100.0,4.6,47.7,40.9,6.2,4.8
4.7,4.6,3.8,5.2,100.0,5.7,47.3,39.2,5.2,4.9
3.5,4.2,4.7,5.4,100.0,3.4,49.8,43.0,5.4,4.7
3.1,5.3,4.7,4.1,100.0,2.6,42.4,20.0,4.7,4.4
5.2,6.3,5.0,6.0,100.0,5.2,60.8,75.9,4.9,5.5
4.2,4.0,3.8,4.6,100.0,1.8,38.3,42.4,4.0,4.2
5.4,4.8,5.7,4.6,100.0,7.6,51.4,64.1,4.7,5.2
7.8,7.3,7.0,8.2,100.0,8.5,81.8,100.0,7.6,7.6
4.6,2.4,3.4,2.7,100.0,1.7,20.8,27.1,3.2,3.2
1.9,1.9,2.6,4.0,100.0,1.7,23.5,35.7,2.5,2.4
6.6,6.9,6.3,6.5,100.0,2.5,63.3,51.2,6.1,6.5
4.2,2.4,3.6,3.4,100.0,6.1,63.3,44.2,5.3,3.6
5.2,6.2,4.7,6.1,100.0,6.5,39.1,40.5,4.8,5.2
3.7,3.7,4.2,4.2,100.0,4.0,29.9,45.2,4.5,4.0
5.5,3.9,4.9,4.1,100.0,5.1,48.9,54.9,3.1,4.6
7.2,7.6,7.0,7.9,100.0,5.5,64.0,72.4,7.0,7.4
5.4,7.4,6.2,6.4,100.0,4.4,51.3,67.5,6.7,6.1
6.0,7.1,7.6,4.5,100.0,3.7,48.6,72.4,6.9,6.2
3.1,3.8,5.1,2.8,100.0,2.6,21.0,30.6,4.1,4.0
4.0,4.7,3.2,3.9,100.0,4.9,25.2,58.1,3.8,4.1
1.0,1.0,1.0,1.0,100.0,0.5,20.0,20.0,1.9,1.0
4.0,3.5,4.5,4.1,100.0,4.3,35.4,54.4,3.5,3.9
6.5,5.3,6.3,6.3,100.0,7.9,40.7,75.8,6.8,6.2
5.6,6.8,6.4,4.6,100.0,3.3,62.7,39.2,5.1,5.9
5.8,4.4,4.9,5.0,100.0,7.4,41.1,61.6,5.2,5.0
5.6,5.8,5.0,5.0,100.0,6.7,45.6,60.4,5.0,5.2
4.2,4.7,5.0,3.1,100.0,4.7,45.5,40.8,4.2,4.5
5.4,4.4,6.2,6.1,100.0,6.7,56.8,56.8,6.0,5.5
6.2,5.4,4.9,6.7,100.0,7.6,55.2,66.4,6.3,5.7
3.4,4.3,2.5,2.8,100.0,3.0,30.3,39.5,3.3,3.1
3.9,4.6,5.3,5.2,100.0,7.6,70.0,50.4,5.0,4.9
5.9,6.2,6.2,6.8,100.0,5.7,53.9,79.8,7.3,6.2
3.3,3.8,4.3,4.3,100.0,5.1,51.3,32.9,4.7,4.0
6.9,5.5,6.2,4.1,100.0,8.0,49.4,42.9,6.4,6.1
8.3,8.3,9.0,8.8,100.0,5.2,100.0,98.2,8.4,8.4
4.7,4.1,6.1,4.2,100.0,5.5,41.3,61.0,4.4,4.8
6.2,4.5,5.9,5.1,100.0,6.7,48.4,54.1,5.7,5.3
4.5,4.4,3.5,5.4,100.0,1.3,50.4,20.0,3.7,4.2
4.3,4.4,5.1,5.1,100.0,5.7,59.9,37.8,5.5,5.0
5.5,4.8,5.5,5.6,100.0,4.5,50.1,61.3,3.2,4.9
5.0,4.3,5.6,5.7,100.0,5.9,54.2,52.8,4.9,5.2
2.4,3.7,4.1,4.2,100.0,3.3,27.6,47.5,3.8,3.8
4.7,6.2,6.7,4.4,100.0,3.9,37.2,53.8,4.6,5.5
6.6,8.2,6.4,6.7,100.0,8.9,73.8,64.5,7.0,6.9
5.4,4.8,5.8,5.6,100.0,5.0,53.2,59.8,5.2,5.2
5.0,8.2,7.8,6.4,100.0,6.8,55.0,74.6,6.2,6.4
5.6,3.8,4.3,5.0,100.0,6.6,59.5,60.0,4.3,4.9
5.8,6.9,6.0,8.2,100.0,4.7,52.1,60.1,6.6,6.4
5.4,4.6,4.7,4.3,100.0,5.4,55.6,54.9,5.7,4.7
4.2,3.0,3.9,4.7,100.0,2.8,46.5,43.5,4.1,3.8
4.8,4.7,4.8,6.4,100.0,5.1,52.2,47.3,5.4,4.9
4.2,3.8,4.6,4.2,100.0,6.7,27.8,42.5,5.6,4.2
3.9,4.8,4.3,3.7,100.0,4.7,43.5,38.2,4.1,4.6
4.5,5.9,4.6,6.7,100.0,5.8,57.4,52.1,4.7,5.3
5.8,4.5,6.0,3.4,100.0,6.2,63.2,54.5,4.5,5.2
4.8,2.6,3.7,3.0,100.0,3.9,50.9,33.5,4.2,3.9
6.8,5.4,7.0,7.3,100.0,3.8,61.2,84.9,7.4,6.9
6.4,5.6,4.9,5.4,100.0,9.3,60.5,53.9,5.1,5.6
3.7,4.0,4.4,5.6,100.0,1.7,26.7,35.3,3.9,4.4
1.9,2.2,3.7,1.8,100.0,5.3,33.6,41.4,2.9,2.5
6.0,5.1,4.5,3.8,100.0,5.7,49.7,52.3,4.7,4.8
6.1,6.6,3.6,4.0,100.0,4.6,41.5,51.0,3.2,4.7
6.4,4.7,5.1,5.5,100.0,4.7,45.5,41.4,5.7,5.5
4.3,4.1,5.4,4.4,100.0,8.4,41.1,47.0,5.4,4.3
1.7,3.1,3.4,2.2,100.0,2.9,22.3,28.0,1.2,2.7
3.7,4.0,4.2,5.8,100.0,4.4,34.5,37.4,5.8,4.3
3.3,5.3,3.7,6.0,100.0,3.7,42.3,51.7,5.8,4.6
5.7,5.1,5.4,5.4,100.0,5.0,59.7,57.5,3.6,5.0
5.4,5.9,3.8,2.7,100.0,4.0,24.1,33.1,2.6,4.5
6.9,7.3,7.3,5.1,100.0,6.1,64.7,85.3,6.9,7.0
2.9,2.1,2.6,2.9,100.0,3.2,20.0,32.7,3.7,2.7
7.7,6.0,6.0,7.2,100.0,6.0,85.3,71.0,6.8,6.9
4.4,4.2,5.5,4.8,100.0,6.2,38.3,51.1,4.7,4.6
7.7,7.3,6.1,6.0,100.0,7.8,62.3,76.1,6.4,6.8
6.7,3.9,5.4,4.4,100.0,5.0,40.8,47.2,4.5,5.3
6.3,5.7,5.1,6.9,100.0,7.6,59.3,70.6,7.3,6.0
4.1,4.0,2.8,6.0,100.0,5.4,29.8,40.3,4.5,4.3
4.2,3.7,2.6,1.7,100.0,1.2,40.2,23.3,2.5,2.9
6.4,6.4,6.4,6.6,100.0,9.7,58.1,67.4,6.1,6.3
3.9,3.4,5.3,4.0,100.0,4.4,57.4,37.0,5.1,4.1
6.3,4.9,3.6,4.0,100.0,6.4,58.0,57.6,5.1,4.9
7.5,6.4,7.6,5.5,100.0,7.9,67.8,60.8,6.2,6.8
3.9,3.2,3.9,4.1,100.0,0.5,43.9,20.6,3.9,3.8
4.7,6.4,6.7,6.1,100.0,4.9,90.0,66.4,6.0,6.2
3.3,5.2,3.7,5.6,100.0,5.4,45.9,47.9,3.4,4.2
4.9,4.8,5.2,4.8,100.0,4.9,36.8,44.7,5.7,5.4
4.7,5.3,5.1,3.5,100.0,6.1,66.0,58.1,5.0,5.0
2.9,1.1,3.8,3.0,100.0,2.9,29.4,20.0,3.5,2.9
4.9,3.7,3.9,2.8,100.0,5.7,59.4,34.6,4.1,4.0
7.2,7.6,7.0,5.6,100.0,7.2,65.2,74.3,6.3,6.7
7.2,5.7,6.9,6.6,100.0,8.5,76.1,73.6,6.7,6.7
4.1,4.2,4.5,5.1,100.0,3.4,49.1,45.2,5.0,4.4
5.0,7.5,5.5,5.8,100.0,5.2,80.2,47.7,5.3,6.0
5.3,6.4,3.3,4.3,100.0,3.7,42.8,55.4,2.9,4.6
7.0,7.1,7.1,7.3,100.0,7.6,100.0,76.5,7.2,7.2
6.0,5.9,6.2,4.4,100.0,4.3,51.4,48.5,4.6,5.6
5.6,3.1,4.4,6.3,100.0,5.0,61.9,65.3,5.8,4.9
7.9,5.6,6.3,6.7,100.0,5.7,84.2,86.7,7.6,6.9
4.5,3.6,4.7,3.9,100.0,3.1,30.5,42.0,4.7,4.6
7.7,6.6,6.9,7.1,100.0,7.3,83.1,67.5,6.9,7.2
2.9,2.7,3.3,3.1,100.0,0.5,24.1,32.0,3.0,3.1
7.0,4.5,6.7,8.4,100.0,4.0,76.0,66.2,8.8,6.9
5.3,4.9,4.2,4.8,100.0,4.5,45.2,56.8,4.9,4.8
6.0,5.2,4.6,4.7,100.0,0.5,52.1,39.3,4.9,5.0
3.3,4.3,2.8,2.5,100.0,1.9,27.0,20.0,2.6,2.7
4.4,3.7,3.6,5.2,100.0,3.8,37.4,34.8,3.8,3.8
4.9,2.9,3.7,4.4,100.0,4.3,35.7,36.2,2.3,3.9
2.5,1.7,5.4,4.0,100.0,3.1,20.0,43.1,5.4,3.6
3.7,4.6,4.5,3.8,100.0,7.1,57.8,55.4,4.3,4.2
6.7,7.0,5.3,5.4,100.0,7.7,81.3,65.6,6.0,6.5
5.3,4.7,5.1,5.1,100.0,3.0,55.0,53.6,5.2,5.1
5.9,7.4,4.9,6.6,100.0,5.0,38.6,48.9,6.4,5.7
3.7,3.4,2.7,3.5,100.0,5.6,41.0,30.7,3.1,3.4
4.4,4.1,4.0,3.4,100.0,2.6,29.2,22.9,4.1,4.2
6.5,5.8,6.6,5.6,100.0,7.6,78.8,90.9,7.5,6.5
4.6,4.4,3.7,5.4,100.0,6.0,45.8,38.0,3.1,4.5
7.8,5.1,7.1,7.5,100.0,6.7,80.3,91.3,5.9,6.6
5.7,5.4,3.6,5.4,100.0,6.3,57.2,45.1,4.2,4.9
6.6,5.7,3.7,5.8,100.0,3.6,51.5,31.0,5.2,5.2
6.5,7.6,6.8,6.1,100.0,2.3,67.8,61.6,6.4,6.8
6.7,5.5,5.1,6.6,100.0,8.8,76.4,69.1,6.4,6.3
3.6,5.0,4.2,6.2,100.0,5.5,47.6,49.0,5.3,4.6
4.1,5.1,3.2,4.7,100.0,5.2,37.3,50.9,3.9,4.2
4.8,5.4,4.6,5.4,100.0,3.3,53.7,50.9,4.8,4.9
6.2,4.6,5.7,6.2,100.0,4.0,43.8,51.7,5.3,5.6
5.6,3.8,6.2,6.6,100.0,8.1,62.6,54.2,5.5,5.5
5.6,5.3,6.7,4.9,100.0,5.4,36.3,46.0,6.7,6.0
5.7,5.6,6.5,5.7,100.0,5.8,53.7,65.3,4.2,5.5
6.8,6.4,6.3,7.7,100.0,7.8,69.4,83.2,7.9,6.8
5.7,6.2,4.6,6.1,100.0,7.8,45.9,49.0,6.0,5.8
5.1,5.3,7.3,6.4,100.0,6.6,65.7,64.7,6.0,5.7
2.8,1.9,3.9,3.7,100.0,2.0,37.4,32.9,3.2,3.2
1.0,1.0,2.3,2.4,100.0,0.5,23.7,20.0,2.8,1.8
5.3,4.4,5.5,5.1,100.0,6.5,53.9,58.3,5.1,5.0
4.5,7.2,5.1,4.4,100.0,3.5,44.2,52.3,5.2,5.4
4.0,5.1,3.3,5.1,100.0,2.5,50.3,31.6,4.4,4.6
5.6,5.5,5.4,4.8,100.0,7.3,54.9,40.1,5.1,5.4
5.5,4.8,5.0,4.9,100.0,6.2,50.3,53.8,5.0,5.0
6.5,6.1,5.7,7.6,100.0,7.3,41.5,62.4,5.7,6.0
5.9,6.2,4.7,6.2,100.0,3.3,58.9,66.4,4.6,5.6
4.6,3.6,5.2,4.4,100.0,6.6,45.0,56.0,5.2,4.6
6.0,6.7,6.1,5.9,100.0,8.0,64.8,69.6,8.3,6.4
4.4,4.4,6.2,4.6,100.0,4.2,54.9,56.3,5.1,4.9
5.9,7.5,4.4,6.4,100.0,5.0,63.9,47.7,6.2,5.9
4.9,5.1,4.1,4.4,100.0,4.4,35.9,29.5,4.6,4.6
5.3,5.4,3.1,3.7,100.0,3.3,38.1,38.8,4.5,4.2
6.1,4.5,4.2,6.2,100.0,8.4,41.2,38.4,5.5,5.3
4.6,6.0,4.4,5.2,100.0,4.4,64.8,53.3,5.8,5.0
5.5,5.3,5.8,5.1,100.0,4.1,67.0,49.4,6.7,5.7
5.2,4.8,4.9,5.1,100.0,7.0,37.8,47.9,4.0,4.8
3.7,4.4,2.3,3.7,100.0,1.4,28.6,20.7,4.8,3.7
5.2,3.5,2.9,3.6,100.0,5.5,46.3,49.9,4.6,4.0
5.9,6.1,7.0,5.8,100.0,7.2,55.0,65.2,6.1,6.3
3.6,5.1,4.4,4.4,100.0,4.5,46.8,41.5,4.3,4.2
3.9,5.2,3.9,5.1,100.0,3.2,54.9,32.6,4.4,4.4
6.4,5.8,6.4,6.7,100.0,6.4,74.2,66.4,6.6,6.6
4.4,6.1,4.3,3.7,100.0,2.2,62.6,21.9,4.6,4.7
2.3,1.9,2.9,1.8,100.0,2.7,27.8,39.3,3.6,2.6
4.8,6.2,4.9,5.7,100.0,5.9,45.2,52.9,4.5,5.2
4.9,5.6,3.6,3.4,100.0,6.9,48.4,51.2,2.5,4.2
2.9,5.7,4.4,4.1,100.0,1.9,33.7,25.8,2.5,4.0
5.7,3.3,4.1,4.7,100.0,4.4,41.5,50.9,4.8,4.4
5.3,4.8,5.2,5.7,100.0,5.0,48.1,50.7,5.8,5.4
6.0,6.4,5.5,6.4,100.0,5.4,20.0,51.4,4.7,5.6
4.9,3.6,6.2,8.0,100.0,3.2,62.0,44.6,4.9,5.6
6.4,5.6,8.3,5.7,100.0,6.3,60.8,76.4,7.4,6.8
4.2,4.1,5.3,5.5,100.0,1.9,36.1,31.1,4.5,4.7
5.3,5.5,5.1,5.2,100.0,3.3,57.1,52.6,5.0,5.2
4.1,5.9,3.3,5.3,100.0,3.2,39.1,25.9,3.2,4.4
3.8,3.8,5.0,4.8,100.0,6.2,58.8,54.8,3.4,4.2
4.6,3.7,5.3,5.5,100.0,4.6,26.1,42.8,5.0,4.7
4.3,4.7,3.9,4.7,100.0,4.4,65.2,42.9,3.7,4.3
5.4,5.9,6.1,4.6,100.0,7.6,69.2,62.2,5.9,5.5
6.5,8.2,7.6,8.6,100.0,9.1,94.3,72.2,8.8,7.9
4.5,4.0,5.2,4.2,100.0,4.6,53.7,31.5,3.6,4.6
4.4,2.6,4.1,4.3,100.0,3.7,47.8,49.1,4.2,4.1
6.2,4.0,6.3,4.5,100.0,3.9,32.0,50.7,5.6,5.4
4.7,6.8,6.0,6.4,100.0,3.6,61.1,48.7,6.4,6.1
3.9,5.5,6.6,6.7,100.0,4.5,39.1,60.4,4.9,5.3
7.0,6.2,6.2,5.5,100.0,6.5,64.0,72.3,5.4,6.4
2.4,3.2,2.4,2.6,100.0,1.9,20.0,20.0,3.0,2.8
1.3,1.1,1.4,1.8,100.0,1.4,20.0,20.0,2.6,1.6
3.2,4.2,5.0,3.1,100.0,3.7,52.0,35.7,4.7,4.1
7.5,6.4,7.0,6.4,100.0,5.3,64.3,65.7,7.0,7.0
4.3,2.7,4.8,2.4,100.0,3.3,30.6,20.0,2.3,3.7
1.0,1.5,1.7,1.0,100.0,0.5,20.0,20.0,1.7,1.5
5.3,5.5,6.2,5.0,100.0,6.4,59.8,56.1,5.5,5.5
6.6,3.9,5.0,4.4,100.0,2.5,44.8,59.9,5.7,5.0
3.3,3.9,4.1,3.1,100.0,3.9,21.9,38.8,4.3,3.7
3.4,2.5,3.5,2.7,100.0,4.6,33.7,27.7,4.5,3.1
3.6,4.0,3.9,3.5,100.0,4.5,25.8,27.7,4.3,3.9
4.2,6.5,5.3,4.5,100.0,4.9,65.6,64.7,5.3,4.9
2.9,4.0,4.0,4.6,100.0,5.4,26.8,37.7,4.5,3.9
6.4,4.5,5.6,6.1,100.0,3.8,80.8,58.6,5.9,5.7
1.0,1.5,1.3,1.8,100.0,0.6,20.0,20.0,1.1,1.3
4.2,3.2,3.7,3.8,100.0,3.4,37.8,36.4,3.7,3.7
4.4,4.2,4.4,3.4,100.0,4.9,27.7,31.6,3.9,3.7
3.5,4.6,4.8,4.0,100.0,1.6,52.7,43.0,5.2,4.3
3.6,6.0,4.6,3.6,100.0,2.6,39.9,36.8,3.9,4.3
6.9,7.1,4.9,6.6,100.0,8.8,65.0,63.4,5.2,6.1
3.2,2.6,3.1,1.2,100.0,0.5,30.5,20.0,1.6,3.1
4.6,5.7,5.4,5.0,100.0,6.3,57.4,47.1,4.1,4.9
6.6,5.3,5.4,5.4,100.0,4.8,70.8,63.8,5.3,5.8
8.2,7.3,8.7,7.8,100.0,8.2,83.2,82.1,6.9,7.8
4.6,4.1,2.8,3.2,100.0,6.4,33.3,56.9,4.2,3.6
4.7,6.1,6.0,5.4,100.0,5.9,34.1,63.2,4.5,5.1
2.5,4.2,3.3,3.1,100.0,4.4,25.1,27.0,1.5,3.2
2.4,2.9,2.5,1.0,100.0,0.7,20.0,20.0,2.2,2.5
5.9,6.9,6.1,5.1,100.0,5.7,81.9,58.1,6.1,6.0
5.7,5.9,5.4,4.9,100.0,6.2,48.8,54.9,5.4,5.6
5.2,6.9,7.0,6.9,100.0,6.1,71.4,70.9,7.0,6.3
2.2,2.3,2.8,3.5,100.0,3.8,37.2,25.7,3.6,2.7
5.8,7.3,5.8,6.1,100.0,7.6,62.9,49.1,5.7,6.2
6.8,9.0,7.1,6.3,100.0,9.1,86.5,77.5,7.9,7.3
5.0,5.3,4.7,4.1,100.0,3.3,48.1,67.9,6.5,4.9
3.9,5.0,5.8,5.4,100.0,4.9,44.4,55.3,4.8,4.9
5.0,5.6,4.6,3.9,100.0,5.4,47.3,50.4,5.6,4.9
3.1,3.6,2.0,2.4,100.0,2.3,20.0,30.7,2.7,2.6
7.1,6.4,6.2,7.4,100.0,7.2,69.9,75.1,6.8,7.1
4.3,3.1,3.7,4.4,100.0,4.5,34.2,43.3,5.0,3.8
5.5,5.9,6.3,5.1,100.0,5.0,60.8,57.1,5.4,5.9
4.1,3.7,3.2,2.5,100.0,2.4,23.9,21.5,2.4,3.4
2.5,4.3,4.6,4.1,100.0,1.5,22.2,42.4,3.3,3.6
7.2,7.1,6.2,6.9,100.0,6.4,84.6,67.3,6.0,6.9
3.2,4.3,5.2,3.5,100.0,2.2,45.6,60.5,3.8,4.0
6.1,7.7,8.8,5.0,100.0,7.4,80.4,73.3,7.6,7.2
3.9,5.0,5.2,6.6,100.0,4.6,50.7,49.4,5.3,5.2
3.4,2.3,3.4,1.7,100.0,0.9,27.0,30.0,2.3,2.7
6.0,5.9,6.6,6.5,100.0,9.0,49.8,56.8,5.4,6.2
4.3,2.6,3.3,5.6,100.0,3.7,53.9,46.9,3.6,3.8
5.0,5.7,6.3,6.0,100.0,6.5,69.3,61.6,5.3,5.7
4.8,5.7,5.3,4.5,100.0,4.1,50.2,54.5,5.9,5.2
2.5,3.5,3.0,1.9,100.0,2.1,29.7,20.0,3.1,2.8
5.5,6.7,4.6,3.9,100.0,5.7,62.5,45.5,6.7,5.1
6.8,7.4,8.1,8.0,100.0,7.8,79.2,64.6,7.6,7.6
6.7,6.1,4.9,6.9,100.0,5.7,41.6,52.8,5.2,6.2
3.6,5.7,6.5,4.6,100.0,6.1,45.6,44.0,5.6,5.2
5.6,8.5,6.4,5.8,100.0,5.8,67.7,59.5,5.1,6.3
6.6,5.4,4.4,5.9,100.0,3.3,52.8,52.0,5.4,5.5
4.9,4.2,4.9,4.6,100.0,3.0,66.3,53.8,4.4,4.9
2.6,4.5,3.5,3.9,100.0,5.5,24.0,38.6,2.1,3.6
5.5,7.1,7.0,5.3,100.0,6.7,45.2,59.2,5.2,6.2
5.9,5.9,5.6,5.9,100.0,7.5,55.0,72.0,6.8,6.0
3.3,4.8,3.9,4.0,100.0,3.1,41.7,44.4,4.2,4.1
5.8,7.9,6.3,8.3,100.0,5.1,56.1,74.1,6.8,6.8
7.1,5.9,5.2,5.4,100.0,4.4,56.1,49.2,3.0,5.5
3.7,4.1,3.6,4.9,100.0,3.5,27.4,46.0,3.8,3.9
4.7,5.5,5.4,5.4,100.0,4.8,57.2,71.9,6.1,5.3
5.9,4.6,4.5,5.6,100.0,2.4,63.4,30.9,5.1,5.2
6.4,6.4,5.7,6.5,100.0,3.5,73.7,59.7,5.1,5.9
4.0,5.5,4.2,3.3,100.0,5.5,46.8,27.6,5.2,4.5
4.2,5.2,4.5,5.4,100.0,3.1,36.0,30.9,4.6,4.4
6.1,5.2,6.4,5.1,100.0,6.2,77.5,52.3,5.4,5.9
5.2,5.9,5.1,4.0,100.0,4.8,52.4,53.1,5.7,5.4
1.1,3.4,1.8,2.7,100.0,2.9,22.5,20.0,1.7,2.3
5.1,4.0,3.3,4.1,100.0,3.8,42.3,20.0,4.2,4.0
5.8,5.3,6.2,6.2,100.0,6.0,44.3,71.7,5.1,5.8
6.0,4.7,3.9,4.7,100.0,5.0,41.6,40.9,5.3,5.0
5.4,5.3,5.5,4.1,100.0,4.0,41.5,47.0,4.2,5.3
2.6,2.0,4.0,5.5,100.0,2.0,30.9,22.8,3.3,3.4
4.5,1.7,4.7,2.7,100.0,4.9,20.8,28.8,1.5,3.5
2.1,4.0,2.9,3.3,100.0,1.3,22.9,24.0,2.1,2.8
3.4,5.4,3.4,4.9,100.0,4.7,48.8,45.0,4.7,4.1
3.9,4.9,5.4,3.5,100.0,2.0,57.7,42.7,5.4,4.8
4.2,2.8,3.2,3.8,100.0,4.0,45.5,38.3,3.8,3.7
4.5,5.6,4.4,3.7,100.0,4.0,46.3,34.7,4.4,4.5
5.2,5.7,5.5,4.9,100.0,4.8,53.5,60.2,6.0,5.2
8.4,6.0,8.5,7.5,100.0,6.9,91.5,72.0,7.1,7.7
3.3,4.6,3.9,1.8,100.0,2.5,30.2,20.0,3.9,3.6
5.7,6.5,7.0,6.8,100.0,3.7,53.7,60.1,6.6,6.5
6.7,5.8,5.9,5.3,100.0,7.5,85.5,72.7,5.5,6.2
4.2,3.7,3.8,2.8,100.0,3.8,28.4,22.3,4.7,3.9
3.2,3.3,5.5,4.3,100.0,4.6,77.8,59.6,5.7,4.4
4.8,5.0,4.4,6.4,100.0,2.0,47.4,46.5,5.1,4.9
5.5,5.5,5.9,3.5,100.0,5.9,46.4,53.5,5.1,5.1
6.8,6.6,7.4,7.2,100.0,6.3,49.0,75.1,7.2,6.8
6.4,7.0,6.2,5.1,100.0,7.9,66.9,56.2,7.1,6.3
5.1,4.3,3.8,5.3,100.0,6.5,42.1,64.5,5.7,4.6
4.8,3.9,4.6,5.0,100.0,6.7,47.1,39.3,4.2,4.5
2.0,2.4,3.1,3.7,100.0,3.0,47.1,20.0,4.3,3.0
5.1,4.5,4.9,4.2,100.0,6.3,35.5,46.1,5.2,4.6
8.0,6.5,5.9,5.3,100.0,7.5,75.5,76.1,6.1,6.6
2.4,3.6,2.2,3.7,100.0,2.0,20.0,32.0,4.4,3.3
3.1,3.4,4.1,4.2,100.0,3.7,45.5,52.3,2.9,3.6
4.6,4.3,4.9,4.9,100.0,3.9,52.6,49.4,5.5,4.7
3.9,5.4,4.2,4.2,100.0,6.6,35.0,33.6,4.6,4.4
3.2,6.4,3.6,3.7,100.0,3.7,50.2,35.8,4.8,4.1
4.8,4.6,5.5,3.8,100.0,4.4,49.9,35.9,3.8,4.7
4.0,2.6,4.1,3.4,100.0,3.5,21.5,24.8,2.5,3.3
4.3,5.2,4.0,4.3,100.0,1.9,53.3,25.0,4.0,4.3
4.4,4.5,5.7,6.1,100.0,8.0,45.2,37.6,6.4,5.1
4.2,3.1,4.0,3.9,100.0,1.5,33.1,24.6,2.7,3.6
3.8,2.4,3.4,2.4,100.0,0.7,20.0,26.3,3.3,2.9
4.9,3.1,4.4,5.6,100.0,3.8,25.7,46.9,3.2,4.4
6.2,5.6,6.6,5.6,100.0,4.2,49.6,55.2,6.6,6.1
4.9,3.9,5.8,4.7,100.0,7.0,46.6,41.4,4.4,5.0
5.3,4.5,3.5,3.3,100.0,4.0,46.5,53.3,4.3,4.1
6.6,5.1,4.3,4.9,100.0,0.5,61.3,37.4,5.7,5.3
2.1,2.3,2.3,3.4,100.0,2.7,38.6,22.2,3.5,2.7
6.5,5.2,4.5,6.3,100.0,6.6,60.2,67.0,5.9,5.9
5.4,5.2,5.4,6.8,100.0,4.9,51.3,48.7,6.2,5.5
4.4,5.3,4.9,5.0,100.0,2.4,54.3,28.5,4.8,4.7
5.0,6.1,6.2,6.5,100.0,6.4,58.9,82.2,7.2,6.0
3.4,4.4,3.3,3.3,100.0,2.6,20.0,41.1,2.4,3.3
5.6,6.9,7.2,5.8,100.0,5.2,76.3,75.2,6.3,6.7
4.8,5.7,5.3,6.0,100.0,3.6,65.6,51.4,5.1,5.5
3.7,5.9,4.8,5.4,100.0,4.7,36.7,51.4,4.4,4.7
4.6,3.9,5.8,4.0,100.0,6.3,69.3,24.8,5.3,4.8
4.5,4.4,4.8,5.5,100.0,5.5,54.2,44.0,5.0,4.8
6.5,8.2,7.9,7.0,100.0,4.2,72.6,77.8,7.1,7.1
2.4,3.5,3.4,2.7,100.0,4.3,28.7,20.0,2.9,3.0
2.9,1.4,5.5,4.6,100.0,5.0,48.7,35.2,5.7,3.8
6.5,6.0,5.5,5.3,100.0,8.6,50.3,68.7,6.0,5.9
3.6,4.4,4.7,2.1,100.0,2.7,37.7,33.2,4.5,3.8
6.9,3.6,5.6,5.9,100.0,6.3,56.2,63.6,5.9,5.7
7.2,8.3,7.8,7.3,100.0,8.4,62.4,79.3,7.1,7.6
5.0,3.8,4.2,4.4,100.0,3.6,52.6,47.0,4.1,4.4
6.9,6.1,6.0,8.3,100.0,6.8,63.6,56.2,6.0,6.8
3.4,3.4,3.1,3.9,100.0,3.2,40.7,24.4,4.0,3.2
5.4,4.7,6.6,6.0,100.0,4.9,58.5,65.3,4.2,5.6
5.9,4.2,4.8,5.6,100.0,4.2,62.8,56.4,5.0,5.1
6.0,4.7,6.8,5.2,100.0,7.6,57.9,60.0,5.3,5.7
4.1,5.3,3.5,5.0,100.0,2.5,35.6,41.5,5.9,4.3
4.1,2.9,2.0,3.3,100.0,0.8,20.0,28.5,3.6,2.9
5.4,5.1,6.3,5.9,100.0,6.3,37.7,66.3,6.7,5.8
2.6,1.6,2.1,2.0,100.0,1.9,30.7,22.1,2.9,2.4
4.6,5.8,4.6,3.2,100.0,2.6,55.7,46.2,4.7,5.0
5.4,7.5,5.9,5.7,100.0,5.6,93.4,58.8,6.4,6.5
5.3,6.4,4.3,5.5,100.0,4.1,49.5,66.7,6.0,5.1
8.5,7.8,7.3,6.9,100.0,7.0,72.6,68.0,8.6,7.7
6.6,6.5,7.1,6.5,100.0,10.0,48.4,63.3,6.4,6.6
4.2,3.0,4.9,4.0,100.0,3.6,49.8,35.1,3.8,4.2
4.9,4.8,5.2,5.4,100.0,3.7,57.7,32.1,5.7,5.4
5.2,4.3,5.7,4.1,100.0,8.0,64.8,52.8,4.3,4.8
3.7,1.3,2.3,3.3,100.0,4.0,20.0,24.2,3.4,2.6
4.4,4.9,3.6,3.3,100.0,4.7,43.1,36.2,4.4,4.3
4.1,3.7,4.6,3.0,100.0,2.9,36.4,39.8,4.2,3.7
2.8,3.7,2.5,2.4,100.0,3.7,32.9,27.0,1.9,2.6
5.4,5.9,4.9,6.4,100.0,6.3,56.1,59.5,4.7,5.5
3.9,5.2,3.8,3.4,100.0,4.8,30.7,35.3,4.5,4.4
3.1,3.6,1.5,3.1,100.0,0.5,23.6,42.6,2.2,2.4
3.8,4.9,6.1,6.2,100.0,5.6,36.6,53.7,5.2,5.1
6.2,7.6,6.0,7.9,100.0,8.7,49.1,66.6,4.8,6.6
5.8,5.3,5.9,4.8,100.0,5.7,42.4,55.2,5.7,5.7
5.2,4.9,4.3,4.1,100.0,3.9,38.7,46.2,4.9,4.7
5.4,5.1,5.2,4.7,100.0,5.5,56.2,64.4,5.9,5.0
6.1,4.9,5.8,6.8,100.0,5.8,61.8,73.4,5.5,5.6
6.5,5.8,6.0,4.6,100.0,4.3,55.8,62.4,5.2,6.0
5.1,4.2,3.8,3.7,100.0,3.7,37.4,35.2,3.4,4.2
5.3,4.6,5.9,3.7,100.0,7.6,57.5,53.3,5.7,5.0
6.5,5.1,5.7,7.2,100.0,8.8,55.4,62.3,5.5,6.0
5.2,3.1,4.2,5.3,100.0,3.0,41.8,48.2,4.3,4.5
6.3,8.7,7.5,8.3,100.0,10.0,95.8,87.4,7.1,7.2
4.1,3.8,5.3,3.0,100.0,5.4,40.5,38.7,5.6,4.0
6.1,4.7,5.2,5.6,100.0,6.0,55.4,63.8,5.4,5.5
5.0,5.6,5.5,2.7,100.0,4.6,43.9,50.7,4.2,5.1
5.6,4.2,4.3,5.3,100.0,3.9,62.0,71.6,4.5,4.9
1.7,2.2,3.0,3.1,100.0,1.8,26.7,20.0,1.9,2.1
4.3,3.6,4.5,4.6,100.0,5.4,50.3,40.8,4.7,4.1
3.2,5.2,4.1,4.2,100.0,1.6,38.7,31.7,5.0,4.3
5.4,7.1,4.6,5.2,100.0,3.6,58.6,78.1,5.5,5.6
5.5,6.9,7.4,4.5,100.0,7.0,69.3,65.0,6.3,6.2
5.0,6.5,5.8,6.2,100.0,4.8,49.6,72.3,5.9,5.7
1.0,1.6,1.4,2.2,100.0,2.7,20.0,24.8,2.2,1.7
8.4,9.0,7.4,6.7,100.0,6.9,77.1,79.8,7.6,8.0
5.0,5.6,5.1,4.0,100.0,5.8,69.9,55.0,4.9,5.2
4.2,4.9,6.1,5.4,100.0,4.3,36.6,43.6,3.4,4.8
5.2,5.1,5.9,6.3,100.0,4.5,55.5,64.9,5.3,5.7
4.4,5.0,5.2,5.8,100.0,4.9,33.0,50.9,6.3,5.0
3.2,5.8,4.1,3.6,100.0,3.0,41.9,34.9,4.8,4.1
4.4,5.8,5.9,3.0,100.0,5.3,53.8,62.3,4.3,4.8
3.7,5.7,5.0,4.9,100.0,2.6,20.0,29.4,4.1,4.6
4.8,4.8,2.4,4.8,100.0,4.1,46.8,46.5,5.0,4.3
3.5,3.4,4.6,3.8,100.0,5.1,23.2,50.3,5.3,3.6
4.7,2.7,3.3,4.3,100.0,1.1,21.3,32.8,4.6,3.7
6.0,5.3,4.2,5.9,100.0,4.5,62.1,46.5,5.0,5.2
6.3,5.1,6.3,5.9,100.0,6.7,60.4,48.8,6.3,6.1
5.5,4.6,7.2,5.6,100.0,2.7,53.2,69.6,5.8,5.6
7.2,7.1,6.4,6.0,100.0,9.0,57.0,60.5,5.9,6.5
5.2,4.9,6.2,6.0,100.0,7.1,50.7,45.9,5.4,5.6
4.3,4.5,5.7,3.6,100.0,1.9,43.6,53.4,4.4,4.6
6.1,6.3,5.4,6.4,100.0,3.1,50.6,70.6,6.9,6.3
3.9,2.8,2.0,2.6,100.0,3.0,40.9,20.0,2.4,2.9
4.4,5.3,4.4,5.1,100.0,2.0,25.0,61.6,4.3,4.9
3.5,2.8,3.7,4.3,100.0,5.0,20.0,30.1,5.0,3.9
5.9,6.5,5.3,5.7,100.0,7.2,76.1,74.0,7.3,6.1
6.6,6.4,6.1,6.2,100.0,6.6,59.8,84.0,6.5,6.4
6.2,5.5,6.1,4.8,100.0,4.9,58.0,66.2,5.0,5.8
6.0,5.0,6.2,7.6,100.0,9.0,72.6,68.7,6.8,6.3
2.7,4.8,3.4,5.4,100.0,4.8,29.6,22.5,4.9,4.0
5.3,6.1,5.3,6.0,100.0,6.4,56.6,75.6,5.0,5.7
5.3,4.2,4.8,6.2,100.0,6.6,54.6,56.8,5.1,5.1
7.5,6.7,4.6,6.1,100.0,4.7,79.1,48.6,5.9,6.4
3.9,5.2,4.8,5.5,100.0,6.8,43.2,63.7,4.4,4.5
4.2,3.3,3.6,5.6,100.0,4.0,39.6,44.8,4.3,4.1
5.3,4.8,6.1,5.6,100.0,6.3,63.7,55.3,5.7,5.7
7.1,7.1,4.9,6.1,100.0,6.1,65.2,57.4,5.4,6.0
4.2,4.5,4.9,5.0,100.0,1.2,38.6,41.7,3.4,4.5
4.2,4.4,4.6,5.5,100.0,6.3,65.0,57.2,4.3,4.7
4.2,2.9,3.3,3.1,100.0,0.7,20.0,29.2,4.0,3.7
1.7,1.5,2.2,1.0,100.0,0.5,20.0,20.0,1.0,1.6
4.3,4.8,4.6,5.1,100.0,4.6,36.3,86.8,3.6,4.5
5.0,4.9,5.9,3.9,100.0,3.0,71.2,63.9,6.7,5.2
6.7,3.6,4.8,4.4,100.0,3.7,59.1,63.6,4.6,5.0
3.0,3.8,2.3,1.9,100.0,2.4,20.0,20.0,2.5,3.0
4.7,5.5,4.9,4.1,100.0,4.0,43.5,31.2,5.2,4.9
2.1,1.1,1.5,3.1,100.0,1.3,20.0,31.4,1.3,1.7
6.9,6.8,5.7,7.6,100.0,5.7,48.5,82.3,5.6,6.4
3.9,2.8,3.9,4.1,100.0,3.4,35.6,50.8,3.2,3.6
6.7,6.3,6.5,7.1,100.0,6.4,57.1,68.0,7.2,6.6
6.2,5.8,6.3,6.7,100.0,4.0,71.3,76.7,6.1,6.2
4.6,3.5,4.2,1.7,100.0,3.3,25.0,20.0,3.9,3.6
3.7,5.6,3.7,3.6,100.0,1.4,35.2,38.4,3.4,3.9
4.6,5.0,5.9,3.8,100.0,6.9,68.2,65.6,5.8,5.1
3.5,3.2,4.1,4.4,100.0,3.1,47.1,30.5,5.0,3.8
3.5,4.4,3.7,3.3,100.0,8.9,56.6,62.1,7.3,4.4
6.0,5.4,3.2,4.3,100.0,5.7,41.9,41.0,4.3,4.6
3.6,1.3,4.3,3.3,100.0,2.1,20.0,22.5,4.0,3.3
1.7,1.6,2.3,1.3,100.0,2.5,20.0,20.0,3.0,2.0
5.0,6.7,6.0,6.1,100.0,2.2,51.1,69.2,5.5,5.5
3.8,4.6,4.1,4.8,100.0,5.6,38.6,37.0,2.7,4.0
5.6,4.5,4.3,4.7,100.0,2.9,26.4,35.9,4.1,4.9
4.7,7.9,5.5,6.4,100.0,6.2,64.8,51.9,5.6,5.8
6.5,6.6,8.2,6.1,100.0,5.7,55.8,63.9,6.7,7.2
4.6,4.0,4.9,4.8,100.0,3.7,61.4,47.9,4.5,4.7
5.3,4.3,4.2,4.6,100.0,4.2,46.4,51.3,4.2,4.7
5.5,4.5,4.4,5.6,100.0,5.9,67.3,50.0,7.1,5.3
2.0,4.6,4.8,2.8,100.0,2.9,39.2,33.4,4.3,3.8
5.1,5.8,5.2,4.2,100.0,5.3,74.1,59.5,3.8,5.3
4.9,6.7,6.2,5.4,100.0,3.4,60.1,49.0,5.5,5.8
5.9,7.0,6.4,5.5,100.0,9.5,56.3,60.8,6.3,6.1
3.8,2.3,2.3,2.0,100.0,2.4,20.0,20.1,3.6,2.6
2.7,3.2,4.6,4.8,100.0,4.5,53.5,39.3,3.8,4.0
3.3,3.9,3.5,2.9,100.0,3.2,23.6,31.5,3.8,3.4
4.7,4.3,4.4,5.0,100.0,3.8,42.7,50.1,5.2,4.5
5.3,5.7,6.4,6.6,100.0,5.9,59.6,57.5,6.1,5.9
7.4,7.9,6.7,7.6,100.0,7.7,70.9,91.1,5.7,7.1
4.3,4.2,4.8,5.5,100.0,6.2,52.3,43.0,3.0,4.4
4.7,4.5,4.7,3.9,100.0,7.4,29.1,55.9,5.3,4.5
5.9,6.3,6.8,7.1,100.0,8.9,66.6,81.4,5.7,6.1
5.5,6.1,4.2,4.4,100.0,2.8,52.6,41.3,6.9,5.2
7.1,5.9,6.1,6.3,100.0,6.2,58.3,66.1,5.9,6.1
4.8,3.2,5.1,5.2,100.0,5.9,63.1,68.5,5.2,4.7
4.2,4.1,3.0,3.1,100.0,2.7,31.7,34.5,3.9,3.5
3.4,4.3,3.7,3.1,100.0,2.9,28.7,28.8,1.9,3.4
4.0,3.6,4.0,2.7,100.0,0.5,20.0,34.2,5.2,4.1
5.6,5.2,6.8,4.9,100.0,7.4,56.2,70.6,5.5,5.8
6.7,5.3,6.2,7.2,100.0,4.0,57.6,67.5,5.8,6.3
7.2,7.7,7.4,7.1,100.0,5.4,86.4,75.0,6.4,7.5
5.9,6.1,6.3,6.2,100.0,4.7,73.0,39.0,6.3,6.2
6.6,6.3,6.8,6.5,100.0,6.6,84.2,67.9,6.6,6.4
4.7,6.1,3.7,4.4,100.0,1.7,45.6,37.5,3.5,4.4
2.6,2.7,4.9,3.7,100.0,1.7,29.3,22.6,2.6,3.0
7.2,7.7,6.7,5.8,100.0,8.0,58.1,60.7,6.8,6.9
4.0,5.5,6.2,6.7,100.0,5.5,61.2,52.1,5.0,5.3
4.6,3.4,6.0,5.8,100.0,5.8,53.6,53.3,3.9,4.8
5.4,5.3,5.8,5.5,100.0,3.7,54.1,53.0,5.4,5.4
5.7,6.3,4.6,5.0,100.0,5.4,52.2,59.3,5.1,5.3
7.8,6.2,6.4,6.4,100.0,6.7,81.0,71.0,7.9,6.9
5.1,5.1,5.4,6.9,100.0,5.7,65.1,82.2,6.2,5.6
5.2,5.5,6.0,7.0,100.0,5.7,71.6,52.8,5.4,5.8
4.3,5.2,5.9,4.8,100.0,3.4,64.5,80.5,6.2,5.0
5.6,6.1,5.6,6.2,100.0,6.4,54.0,68.4,5.2,5.8
4.7,5.2,5.3,5.4,100.0,3.7,35.2,57.9,4.8,5.3
7.2,4.9,5.6,4.6,100.0,5.7,59.8,63.9,5.2,5.7
3.4,2.6,3.1,3.2,100.0,4.2,34.1,26.3,3.2,3.5
7.1,7.0,6.3,5.3,100.0,7.2,62.0,60.4,6.6,6.4
4.0,2.7,2.2,3.9,100.0,2.7,40.6,49.6,4.4,3.3
5.0,4.3,5.2,5.0,100.0,3.8,50.0,65.3,4.9,4.9
2.9,2.9,2.2,3.9,100.0,5.7,36.1,27.2,3.6,3.0
5.9,6.0,5.2,5.3,100.0,3.8,45.4,68.1,6.8,5.9
3.8,5.3,5.6,5.6,100.0,5.9,55.1,41.2,4.6,4.7
4.1,2.4,3.4,3.3,100.0,0.5,23.4,29.3,3.0,3.2
5.4,5.5,5.1,5.7,100.0,7.0,72.1,64.6,6.7,5.8
5.3,5.8,4.3,4.4,100.0,5.6,48.4,55.9,4.4,4.8
5.7,5.1,5.3,6.6,100.0,3.5,64.1,65.6,5.9,5.8
5.2,3.1,5.0,4.8,100.0,5.7,62.3,48.7,4.9,4.8
5.6,5.9,7.6,7.0,100.0,6.1,60.0,56.4,4.9,6.3
3.8,3.7,5.2,2.8,100.0,4.6,45.7,46.3,4.2,4.1
3.9,3.6,4.3,2.8,100.0,4.7,32.5,49.0,3.6,3.7
4.8,5.1,4.6,2.9,100.0,2.9,47.7,43.0,5.0,4.2
5.3,6.8,5.3,4.2,100.0,6.0,67.9,44.2,6.0,5.6
6.0,4.9,6.4,7.6,100.0,10.0,59.7,50.8,7.2,6.1
5.0,3.4,4.3,4.5,100.0,2.1,53.0,40.2,5.3,4.3
6.9,8.5,5.9,7.4,100.0,7.1,54.5,54.3,5.2,6.9
2.4,3.0,3.0,1.5,100.0,3.5,20.0,20.0,2.4,2.6
4.9,4.2,4.7,4.2,100.0,1.7,20.0,29.8,4.0,4.5
3.6,5.0,4.1,3.9,100.0,1.4,40.4,56.4,3.4,4.0
4.4,3.4,3.5,3.5,100.0,1.1,20.0,30.9,4.1,3.8
3.2,3.9,1.9,3.7,100.0,3.2,21.1,33.4,2.7,3.0
4.7,6.2,6.0,4.8,100.0,3.7,64.6,61.2,5.7,5.6
6.2,5.3,3.9,7.0,100.0,4.5,48.7,22.6,4.7,5.4
6.2,5.1,5.2,6.6,100.0,7.6,49.5,51.7,5.6,5.5
5.7,6.0,6.5,5.4,100.0,6.0,44.5,48.2,5.9,5.9
5.9,4.8,6.1,4.4,100.0,4.2,52.9,71.3,5.3,5.4
5.5,5.8,5.5,5.7,100.0,6.2,68.4,41.7,5.4,5.6
5.6,3.8,4.6,5.1,100.0,4.8,56.0,44.7,4.4,4.8
1.7,2.8,3.1,4.5,100.0,3.9,50.1,29.6,3.8,3.4
5.5,6.0,5.4,5.2,100.0,9.0,59.3,56.0,6.3,5.3
5.1,3.4,3.8,4.5,100.0,4.7,28.0,42.2,3.8,4.1
3.7,3.4,2.7,2.5,100.0,6.6,39.1,35.5,4.1,3.4
5.0,4.6,5.3,5.2,100.0,5.4,49.4,49.0,4.5,4.8
2.8,4.3,4.2,3.8,100.0,2.5,36.3,41.3,5.0,3.9
6.0,5.4,4.9,6.2,100.0,7.8,36.3,46.1,6.3,5.6
6.4,5.0,4.7,4.1,100.0,5.3,28.6,59.0,6.4,5.0
5.3,6.7,4.6,6.6,100.0,3.9,45.2,66.3,6.4,5.6
3.6,4.8,4.0,2.4,100.0,7.1,42.1,20.0,4.5,4.2
5.2,4.9,4.5,3.2,100.0,3.2,45.5,49.7,4.3,4.3
7.9,6.4,6.2,4.8,100.0,5.5,75.8,55.7,4.9,6.3
6.4,5.9,5.4,5.8,100.0,4.9,60.9,51.0,4.9,5.8
9.0,8.6,8.7,6.5,100.0,8.4,88.5,82.3,7.0,8.2
5.7,7.6,6.7,5.2,100.0,8.2,75.3,71.8,7.3,6.4
5.7,7.7,7.8,6.6,100.0,2.7,67.4,72.5,6.6,6.9
2.4,3.4,4.2,3.7,100.0,4.3,29.5,20.0,2.9,3.3
6.3,6.4,7.1,6.0,100.0,5.3,32.4,77.8,4.6,6.3
5.1,6.2,4.2,4.8,100.0,4.3,42.6,45.0,6.6,5.3
4.2,3.7,4.8,5.9,100.0,6.7,35.6,34.5,4.7,4.6
5.8,4.9,4.9,5.3,100.0,5.6,51.4,39.8,5.9,5.3
7.1,6.1,4.9,6.8,100.0,7.1,54.9,50.5,5.7,5.8
4.4,6.5,6.7,5.7,100.0,5.7,66.9,43.5,5.5,5.8
3.5,4.8,3.7,3.0,100.0,4.8,28.0,40.0,3.7,3.9
6.5,5.7,5.1,6.4,100.0,8.5,72.2,67.2,5.9,5.7
3.9,2.8,3.9,3.7,100.0,0.5,30.8,31.8,5.6,3.6
4.6,5.5,4.7,5.2,100.0,7.0,47.2,41.8,4.4,5.1
5.5,3.8,4.1,4.9,100.0,6.9,38.7,43.3,4.6,4.3
3.7,3.3,4.6,3.0,100.0,5.4,41.8,47.7,5.0,3.9
5.7,4.7,7.2,4.5,100.0,5.1,73.3,64.1,5.8,5.7
4.0,4.1,3.3,4.6,100.0,1.7,31.1,24.8,4.5,4.2
6.9,8.6,8.5,6.8,100.0,10.0,76.2,77.5,6.1,7.6
3.4,2.9,3.4,2.3,100.0,0.9,20.0,38.4,4.2,3.3
3.8,4.5,4.6,4.4,100.0,6.4,38.4,29.1,3.3,4.2
6.6,6.6,6.0,5.1,100.0,6.1,57.7,55.3,4.6,6.3
5.6,4.2,5.7,6.1,100.0,8.9,56.6,63.8,5.4,5.3
5.4,5.4,5.8,4.8,100.0,4.4,47.0,38.8,4.4,5.3
5.5,4.9,5.3,5.1,100.0,2.5,59.3,55.3,5.2,5.4
5.0,6.0,4.3,4.9,100.0,5.6,58.9,42.8,5.7,5.3
3.1,4.3,4.9,4.9,100.0,2.4,35.0,52.9,4.8,4.2
7.0,5.9,7.2,7.6,100.0,10.0,70.0,71.3,5.7,6.5
6.1,6.1,5.8,5.5,100.0,7.2,57.2,48.4,5.9,5.8
6.5,7.6,6.1,6.9,100.0,7.5,68.3,70.0,6.1,6.9
3.7,4.7,3.4,3.8,100.0,4.7,36.5,26.5,4.7,3.8
4.6,4.4,3.9,5.6,100.0,3.8,60.1,47.3,5.0,4.7
6.2,3.4,3.5,4.8,100.0,4.4,38.1,51.8,4.9,4.5
2.6,2.2,2.7,3.8,100.0,3.7,33.0,25.3,5.2,3.0
6.0,6.7,5.9,5.7,100.0,8.5,44.8,50.1,4.6,6.1
3.9,3.4,2.6,5.4,100.0,2.5,41.5,53.2,4.1,3.8
5.5,5.5,5.3,6.0,100.0,4.9,44.5,39.1,5.0,5.7
3.5,5.0,3.2,4.1,100.0,2.9,37.2,48.1,4.9,4.1
6.4,5.5,6.9,6.7,100.0,6.6,75.2,61.1,8.3,6.6
4.4,5.4,2.6,5.3,100.0,1.5,38.1,29.6,5.0,4.3
6.4,5.0,5.6,5.8,100.0,1.3,61.2,56.1,5.7,5.8
6.3,4.8,5.0,6.0,100.0,3.4,64.1,67.9,6.2,5.4
4.4,4.1,5.1,4.2,100.0,5.8,28.7,44.4,4.0,4.2
5.2,5.3,5.6,6.9,100.0,6.3,57.2,63.3,6.6,5.8
3.9,3.9,3.5,3.0,100.0,4.4,30.8,27.2,2.6,3.7
8.5,6.1,6.7,5.2,100.0,6.3,68.5,87.4,5.8,6.5
4.7,3.2,5.2,5.1,100.0,4.9,48.2,57.9,4.7,4.7
4.0,4.1,4.3,5.3,100.0,6.5,57.3,52.8,5.6,4.5
4.2,3.3,4.3,6.0,100.0,6.9,46.5,41.3,4.3,4.2
5.6,6.2,6.2,5.9,100.0,7.6,66.0,38.9,5.7,5.9
2.1,3.2,4.6,4.3,100.0,4.4,21.1,51.4,4.5,3.7
4.4,3.6,3.5,4.6,100.0,4.7,46.2,42.3,4.7,4.2
4.1,4.9,5.0,4.5,100.0,5.2,75.2,48.5,5.6,4.9
2.3,3.4,4.4,4.0,100.0,3.0,45.8,26.7,2.8,3.5
7.8,7.4,7.7,7.1,100.0,7.1,72.9,73.8,7.1,7.3
3.5,5.0,5.0,5.2,100.0,5.8,64.3,35.5,4.5,4.7
5.7,4.9,6.1,6.6,100.0,4.3,62.7,62.9,6.2,5.8
6.4,5.2,4.6,6.0,100.0,7.5,56.2,41.8,5.9,5.9
2.7,1.0,3.2,3.6,100.0,3.1,32.6,42.9,4.4,2.8
3.8,5.2,5.2,6.7,100.0,3.0,47.0,70.3,5.0,5.4
6.2,5.7,6.6,6.4,100.0,5.4,39.3,55.8,6.8,6.2
5.7,3.8,6.8,5.0,100.0,3.4,55.1,31.2,5.5,5.4
5.2,6.7,7.1,5.8,100.0,5.9,64.9,66.9,7.1,6.3
6.6,7.4,5.4,6.1,100.0,5.6,63.4,68.5,5.8,6.1
6.6,5.6,5.6,6.2,100.0,5.4,66.5,68.3,6.6,6.3
2.8,3.5,6.1,3.8,100.0,3.8,39.0,59.1,5.3,4.2
4.3,3.9,3.5,3.4,100.0,3.3,36.4,42.0,3.3,3.9
5.0,3.0,4.3,4.1,100.0,5.2,52.8,22.7,4.4,4.5
5.0,4.6,4.5,5.3,100.0,4.9,57.0,40.6,6.4,5.0
6.7,6.8,6.8,4.1,100.0,6.3,56.7,62.2,5.9,6.2
3.3,2.5,2.8,2.3,100.0,1.8,20.0,20.0,2.3,2.8
5.1,3.2,4.4,4.7,100.0,5.8,51.9,65.0,6.0,4.4
4.8,3.5,4.5,5.2,100.0,5.3,44.0,43.0,4.9,4.2
3.9,4.8,4.9,5.6,100.0,3.6,47.9,55.4,3.4,4.4
6.5,7.4,6.6,8.4,100.0,5.6,76.2,62.9,6.0,7.2
6.0,4.0,6.1,6.1,100.0,5.9,57.2,58.9,6.3,5.6
6.3,7.0,7.0,5.5,100.0,8.9,65.4,61.4,6.9,6.7
3.0,6.0,4.6,4.4,100.0,4.3,43.9,52.3,4.8,4.4
7.1,7.9,5.7,6.6,100.0,5.4,70.6,74.8,6.9,6.6
7.1,7.3,6.8,7.4,100.0,7.1,63.5,77.1,7.1,7.2
6.3,7.1,6.2,7.4,100.0,6.1,61.5,88.8,6.4,6.5
4.4,1.6,3.6,3.6,100.0,2.4,20.0,26.4,4.3,3.5
5.9,6.7,4.7,4.4,100.0,2.5,46.5,47.2,4.4,5.5
2.3,4.0,3.9,6.1,100.0,4.1,53.4,53.3,4.9,4.0
5.9,4.7,6.0,5.6,100.0,6.1,70.7,47.8,5.0,5.7
4.7,5.6,5.6,4.9,100.0,4.4,75.8,60.9,5.1,5.1
4.4,5.4,3.4,5.3,100.0,2.4,30.5,44.1,3.4,4.8
5.2,7.2,4.8,3.8,100.0,3.7,53.5,60.3,5.1,5.4
3.1,2.7,2.8,1.0,100.0,0.5,20.0,31.1,2.1,2.6
6.3,7.7,6.8,7.4,100.0,5.7,88.1,62.9,6.3,7.1
2.9,4.4,4.7,5.2,100.0,3.9,55.3,45.2,4.3,4.2
4.7,4.1,5.7,5.4,100.0,3.1,52.5,37.7,5.0,5.0
5.0,6.0,5.6,3.5,100.0,4.3,39.2,38.1,3.5,5.1
7.2,5.8,6.6,6.3,100.0,5.7,32.7,65.4,4.6,6.1
1.0,3.1,1.0,1.4,100.0,0.5,20.0,20.0,1.9,1.7
5.8,6.2,4.8,4.5,100.0,5.5,31.2,55.0,5.1,5.3
4.4,5.5,4.1,6.1,100.0,3.9,34.0,48.8,3.9,4.6
4.7,6.2,5.7,3.5,100.0,3.6,62.0,47.7,4.8,5.2
6.7,9.0,8.5,7.3,100.0,9.5,62.9,81.1,7.4,7.5
4.1,3.8,4.4,5.0,100.0,2.3,26.1,40.4,3.7,4.3
6.6,5.1,6.5,6.3,100.0,8.5,52.4,55.8,7.3,6.5
4.4,3.6,5.6,6.5,100.0,5.0,81.3,45.8,6.3,5.3
6.0,8.7,6.8,7.0,100.0,5.2,68.3,66.7,6.2,7.2
4.3,3.8,3.0,4.6,100.0,3.2,49.9,32.1,3.9,3.8
6.0,5.2,4.1,4.4,100.0,4.0,40.8,45.2,3.1,4.7
5.6,5.6,5.7,6.9,100.0,8.5,46.6,81.7,7.2,6.0
7.1,7.0,5.7,5.2,100.0,6.8,71.7,62.0,5.7,6.3
4.7,2.5,3.1,2.0,100.0,2.8,30.8,20.0,3.7,3.2
4.3,3.2,5.8,5.2,100.0,6.1,40.7,35.6,2.8,4.3
5.2,5.3,6.1,6.5,100.0,2.8,73.4,56.0,6.0,6.1
5.5,5.5,6.2,6.2,100.0,6.6,59.1,48.2,5.6,5.7
4.1,4.8,4.0,3.7,100.0,4.4,38.4,40.1,4.6,4.5
1.0,1.5,2.7,1.0,100.0,1.1,20.0,20.0,1.9,1.8
5.6,6.2,5.6,5.7,100.0,3.4,68.6,71.9,5.6,5.8
4.7,3.3,3.8,2.3,100.0,1.6,39.8,49.9,3.0,3.7
2.1,1.9,2.6,1.3,100.0,1.7,22.5,20.0,2.9,2.4
1.4,1.0,1.3,1.6,100.0,2.4,20.0,20.0,1.0,1.0
4.6,7.9,6.0,5.3,100.0,9.1,58.5,61.2,6.7,6.0
5.5,5.4,3.7,5.5,100.0,4.2,41.4,44.8,4.6,4.9
4.9,2.8,3.6,4.6,100.0,2.7,58.2,47.6,4.7,4.2
6.7,6.2,6.9,6.1,100.0,8.3,55.1,70.0,6.1,6.6
5.6,5.9,6.9,4.3,100.0,9.9,75.5,65.7,5.9,5.8
6.7,8.7,7.2,6.2,100.0,9.1,87.1,87.8,6.2,7.0
3.7,4.3,2.8,2.6,100.0,1.8,20.0,30.4,2.7,3.1
4.9,4.1,3.9,3.9,100.0,9.2,45.3,44.6,6.6,4.4
3.3,5.4,3.6,2.8,100.0,3.6,20.0,20.0,3.7,3.8
4.9,4.7,4.3,3.7,100.0,3.5,50.9,67.0,5.0,4.6
5.6,5.9,5.2,4.6,100.0,7.5,60.4,55.3,5.1,5.5
6.3,4.6,6.0,6.0,100.0,4.6,71.3,63.4,6.0,5.8
5.2,2.8,5.4,4.3,100.0,4.1,46.4,49.0,5.0,4.5
7.0,4.4,5.8,6.1,100.0,7.0,71.9,75.5,6.3,6.2
6.2,2.7,6.1,4.6,100.0,6.0,72.3,59.0,5.2,5.3
8.6,9.0,7.5,6.6,100.0,8.3,80.4,65.2,8.7,8.2
5.1,4.8,4.2,4.5,100.0,4.6,45.2,47.9,4.7,4.4
2.4,3.0,3.2,4.5,100.0,5.3,51.3,23.6,4.4,3.7
6.3,5.7,3.6,6.1,100.0,1.9,64.3,56.4,6.4,5.5
4.1,4.2,3.9,5.5,100.0,4.2,50.2,51.4,4.4,4.4
6.7,7.4,7.9,6.4,100.0,6.8,98.1,55.5,6.2,7.2
4.9,5.8,5.2,4.5,100.0,3.4,51.2,36.8,5.5,5.2
4.0,4.0,4.5,3.4,100.0,3.0,44.8,50.2,5.5,4.2
4.6,3.6,3.9,3.3,100.0,0.5,56.5,37.9,3.0,3.9
5.4,6.7,6.6,6.1,100.0,4.9,80.7,64.9,5.8,6.3
5.8,5.6,4.7,4.1,100.0,6.7,41.5,51.8,5.0,5.2
4.1,4.3,5.4,5.3,100.0,5.3,38.4,49.3,4.0,4.8
6.7,9.0,6.3,5.7,100.0,7.2,64.8,68.5,6.1,6.7
3.2,3.6,3.4,4.4,100.0,1.6,40.6,20.0,3.3,3.5
5.3,4.2,4.4,4.2,100.0,6.3,59.4,54.5,3.7,4.7
5.9,6.2,4.7,5.1,100.0,7.9,50.3,44.1,6.5,5.3
3.4,2.4,2.4,3.5,100.0,4.1,36.9,34.9,4.0,3.1
4.8,6.1,5.7,5.0,100.0,4.3,52.7,56.8,6.6,5.4
2.5,2.9,3.2,3.3,100.0,2.1,28.8,31.2,3.7,3.1
6.5,5.6,3.2,5.3,100.0,8.7,73.6,69.2,6.2,5.2
5.0,5.7,4.6,5.4,100.0,1.7,29.3,20.0,4.6,4.9
5.0,5.4,4.6,5.3,100.0,6.8,46.4,58.4,5.7,5.0
7.6,5.6,6.8,6.4,100.0,4.0,74.0,71.1,5.6,6.6
6.3,7.2,6.1,5.9,100.0,5.8,61.6,65.4,5.6,6.4
5.3,4.3,6.8,5.5,100.0,6.3,65.8,48.9,5.4,5.7
4.4,4.1,5.4,4.2,100.0,4.6,54.9,41.7,4.2,4.6
3.2,4.9,3.9,4.1,100.0,4.9,23.9,56.8,4.6,3.8
7.6,7.7,6.3,7.1,100.0,5.4,85.2,81.2,5.8,7.4
3.5,5.3,5.2,3.4,100.0,2.7,58.5,32.9,4.0,4.4
3.1,3.0,2.7,4.7,100.0,4.2,44.8,47.9,4.0,3.4
6.6,6.4,5.9,6.8,100.0,7.0,70.7,67.5,5.9,6.4
2.5,3.6,4.0,4.6,100.0,4.1,35.6,42.9,3.5,3.6
2.6,3.3,3.6,3.9,100.0,5.0,31.0,41.0,4.4,3.3
3.3,4.4,3.5,1.0,100.0,0.5,30.5,20.0,3.5,3.3
4.7,3.9,4.6,4.8,100.0,3.6,52.0,57.8,2.9,4.6
5.3,5.2,5.2,4.6,100.0,7.6,57.7,58.3,5.2,4.9
5.1,5.4,5.4,5.1,100.0,7.3,49.3,56.1,5.0,5.2
8.2,5.1,6.4,4.5,100.0,7.4,58.9,66.7,5.8,6.0
5.4,6.6,5.7,6.1,100.0,5.6,43.0,57.0,5.0,5.9
4.6,5.3,4.3,3.5,100.0,6.3,53.6,41.4,4.0,4.6
4.1,2.9,4.8,4.9,100.0,5.3,43.1,52.4,4.9,4.2
5.7,5.9,5.1,6.4,100.0,3.5,54.6,49.7,6.0,5.7
7.0,5.8,6.0,6.1,100.0,8.4,86.4,70.6,6.6,6.2
6.1,6.2,4.9,6.2,100.0,3.9,57.9,52.9,5.8,5.4
3.2,3.0,4.4,3.8,100.0,5.4,46.2,46.8,4.9,3.8
3.6,3.5,3.8,4.3,100.0,1.1,43.4,44.5,2.4,3.6
3.6,3.6,3.9,2.1,100.0,5.2,42.5,32.4,2.6,3.4
6.3,5.9,5.4,6.7,100.0,5.6,43.8,66.9,6.7,5.5
5.7,6.4,5.8,6.5,100.0,4.2,53.0,39.3,4.8,5.6
6.1,4.2,5.8,6.1,100.0,4.8,56.3,63.3,3.7,5.2
4.2,6.4,4.4,4.5,100.0,4.3,38.3,48.8,6.2,4.9
7.9,7.2,6.7,5.5,100.0,7.1,68.5,74.8,6.9,7.0
5.2,5.7,5.1,4.1,100.0,6.3,27.2,37.4,3.9,4.7
5.1,7.0,6.3,7.1,100.0,6.5,73.6,75.8,5.5,6.2
4.1,4.9,5.1,5.1,100.0,1.7,44.2,51.9,5.4,4.7
3.4,3.0,3.8,2.9,100.0,2.2,42.9,33.4,4.6,3.8
6.3,5.2,7.1,4.7,100.0,10.0,59.4,53.2,5.9,5.9
4.5,7.0,5.0,6.6,100.0,5.8,61.7,65.2,5.4,5.5
5.2,6.8,4.2,5.9,100.0,7.0,30.7,54.5,4.5,5.1
5.5,4.5,5.7,4.0,100.0,4.7,55.7,51.2,5.1,4.8
4.9,2.2,4.9,3.4,100.0,3.4,46.7,47.5,5.7,4.3
8.1,7.7,7.6,7.3,100.0,7.9,89.9,95.9,7.5,7.7
5.6,6.1,6.0,4.8,100.0,7.0,56.0,72.6,6.9,5.7
6.3,5.6,7.2,5.7,100.0,5.4,65.0,49.0,5.6,6.2
4.6,5.6,5.4,7.3,100.0,8.0,64.7,41.9,5.7,5.4
5.9,7.0,6.6,4.8,100.0,5.6,67.0,65.2,5.5,6.4
5.8,6.6,5.7,5.5,100.0,4.2,50.6,51.3,5.6,5.6
5.1,5.5,5.2,6.2,100.0,6.3,43.7,28.8,5.4,5.6
4.7,2.9,5.6,5.3,100.0,5.9,51.2,38.0,4.1,4.6
4.3,4.6,4.7,4.8,100.0,4.9,54.5,46.0,5.2,4.6
1.0,3.4,1.0,1.1,100.0,0.5,20.0,20.0,1.2,1.7
5.3,5.6,5.9,4.2,100.0,2.5,52.8,60.4,5.2,5.3
3.3,4.8,4.8,4.2,100.0,6.1,44.7,20.3,3.9,4.4
6.5,7.3,7.0,7.1,100.0,8.7,73.2,66.2,7.6,7.0
5.3,5.4,5.4,6.0,100.0,4.4,46.5,58.2,4.3,5.4
2.6,1.3,3.3,3.0,100.0,3.3,39.7,25.5,3.8,2.9
5.9,4.7,5.0,4.8,100.0,4.6,52.4,37.1,4.3,5.0
4.8,3.7,3.6,2.9,100.0,5.9,47.2,27.5,3.7,4.0
4.6,6.8,5.1,5.8,100.0,4.2,68.3,61.6,6.0,5.7
6.4,5.4,6.2,6.0,100.0,4.5,57.1,51.8,5.1,6.1
6.0,4.6,5.1,6.7,100.0,5.4,70.3,57.1,3.9,5.4
4.4,4.5,5.8,3.0,100.0,4.3,28.6,43.0,3.1,4.6
4.6,4.3,5.7,5.2,100.0,5.1,49.7,54.3,3.5,4.7
4.1,2.2,2.1,2.8,100.0,3.3,33.0,20.0,3.4,2.6
6.2,5.0,5.7,6.7,100.0,4.7,44.7,61.5,5.8,5.6
5.0,6.1,5.5,5.5,100.0,8.0,62.1,44.8,5.4,5.5
4.7,6.8,5.9,4.3,100.0,5.1,47.8,69.1,5.1,5.4
3.8,5.5,4.3,4.8,100.0,6.8,41.5,62.3,5.2,4.6
5.6,6.1,5.5,5.9,100.0,10.0,50.9,53.3,4.5,5.7
7.4,7.4,6.8,7.1,100.0,6.1,73.8,84.7,7.6,7.0
5.2,4.8,4.1,4.2,100.0,5.1,32.4,38.2,4.7,4.8
5.1,5.8,4.5,4.7,100.0,5.0,60.6,50.7,4.5,5.2
2.8,1.4,4.4,2.8,100.0,6.4,35.5,27.9,3.4,3.2
3.4,4.1,2.7,3.6,100.0,3.3,56.2,36.7,3.9,3.7
6.0,4.1,5.5,4.4,100.0,5.5,54.5,52.1,4.1,4.8
5.9,7.4,6.9,7.2,100.0,7.0,72.3,66.5,6.8,6.9
4.8,4.6,4.5,3.9,100.0,4.5,37.6,45.3,5.4,4.7
3.9,4.7,4.8,4.8,100.0,5.8,34.6,47.7,4.8,4.6
4.8,3.1,5.3,4.6,100.0,4.5,50.1,56.5,5.2,4.7
4.0,5.3,3.9,5.2,100.0,4.9,31.0,21.9,6.3,4.7
6.2,6.0,4.9,6.3,100.0,5.8,60.8,73.6,4.0,5.7
3.8,3.7,2.8,3.8,100.0,1.8,44.6,24.0,3.2,3.7
6.1,5.8,7.4,6.8,100.0,6.5,78.7,68.4,5.6,6.4
4.1,3.5,5.1,3.3,100.0,4.8,45.7,53.3,5.3,4.3
5.4,6.1,4.9,4.9,100.0,6.9,63.5,66.9,6.0,5.4
2.3,2.8,4.2,2.7,100.0,5.0,27.1,36.3,3.0,3.0
5.1,6.2,6.4,6.5,100.0,8.8,58.9,72.5,5.6,5.5
6.0,3.7,6.9,5.9,100.0,5.2,54.4,58.4,6.8,5.7
5.7,5.0,5.7,6.2,100.0,5.8,42.6,65.0,5.8,5.5
3.9,5.5,3.8,4.7,100.0,3.2,35.4,22.5,4.2,4.3
5.1,5.7,6.1,4.7,100.0,3.7,64.8,57.9,6.4,5.5
4.3,3.7,4.1,3.6,100.0,4.1,20.0,37.9,4.3,3.8
4.7,6.6,6.3,4.7,100.0,5.8,60.2,57.7,5.5,5.6
6.8,4.0,6.9,5.9,100.0,4.9,77.6,72.5,6.1,6.2
4.5,5.2,6.1,5.5,100.0,5.6,65.9,64.0,4.3,5.2
1.9,4.6,4.2,6.1,100.0,4.3,54.3,47.1,5.1,4.3
4.1,4.7,3.4,3.9,100.0,1.3,33.5,32.1,3.4,4.1
4.6,6.6,4.7,5.8,100.0,5.9,60.1,56.5,6.3,5.3
4.9,4.2,4.9,4.3,100.0,3.3,45.7,37.3,3.7,4.6
2.0,3.2,2.9,2.8,100.0,1.8,20.0,32.6,2.8,2.5
7.2,5.6,5.9,5.1,100.0,6.6,63.1,71.7,6.1,5.9
5.3,6.1,5.7,5.4,100.0,5.6,68.4,52.2,5.2,5.6
6.6,5.5,6.7,6.9,100.0,7.5,73.7,76.2,6.9,6.6
4.4,3.6,3.4,3.3,100.0,5.7,31.5,41.1,3.7,4.0
1.5,1.0,1.3,1.5,100.0,0.5,20.0,20.0,1.0,1.3
5.0,6.3,5.7,5.5,100.0,4.3,47.1,60.6,6.2,5.6
6.2,4.8,5.5,5.3,100.0,6.4,48.9,67.1,5.8,5.5
2.1,2.9,3.1,3.0,100.0,2.3,33.7,20.0,3.5,3.1
4.1,4.3,3.3,3.9,100.0,5.2,30.4,20.0,3.8,4.0
7.1,8.8,8.0,8.4,100.0,10.0,85.2,79.7,8.4,8.1
4.8,5.5,6.3,4.7,100.0,7.4,39.5,44.5,4.6,5.4
6.0,6.1,6.8,4.9,100.0,6.0,53.7,48.8,4.6,5.9
5.6,3.8,3.2,4.1,100.0,1.8,51.5,38.5,3.2,4.3
1.2,2.2,1.0,2.7,100.0,2.4,20.1,20.0,2.4,1.9
4.3,4.8,4.9,4.9,100.0,4.6,44.6,47.4,3.4,4.5
5.3,4.9,5.3,5.5,100.0,5.4,46.3,40.9,4.6,5.2
4.8,4.4,4.1,5.1,100.0,5.4,46.2,43.6,3.9,4.5
5.0,4.9,5.6,4.1,100.0,4.0,40.8,54.3,4.8,5.0
4.6,3.9,5.4,5.2,100.0,3.9,40.1,44.4,5.4,4.7
4.3,5.5,4.7,4.5,100.0,4.6,61.1,50.6,3.5,4.7
4.5,3.7,4.0,3.5,100.0,0.5,40.9,22.5,3.7,3.9
5.5,6.5,5.2,5.6,100.0,5.9,61.1,57.2,5.3,5.6
3.0,2.7,2.5,3.2,100.0,1.5,30.0,20.0,1.0,2.6
2.4,1.0,3.0,2.7,100.0,3.2,38.4,22.8,2.2,2.4
4.9,5.5,5.9,7.0,100.0,3.1,55.7,62.9,6.2,5.9
6.4,5.4,7.0,5.8,100.0,5.8,46.4,70.0,5.3,6.2
5.3,5.6,5.4,4.2,100.0,7.3,55.8,48.9,4.6,5.3
5.2,1.3,3.8,2.9,100.0,3.9,20.0,22.8,3.4,3.7
3.3,4.2,4.1,4.7,100.0,5.4,39.8,48.7,3.8,3.9
5.3,5.2,5.3,3.3,100.0,5.1,43.1,49.4,4.5,5.0
2.0,2.4,2.9,1.9,100.0,0.5,32.8,34.9,2.1,2.5
4.2,4.2,4.3,4.1,100.0,4.1,34.1,37.7,3.7,4.2
6.6,5.2,5.1,6.6,100.0,6.6,71.8,46.7,7.1,6.1
5.1,6.0,7.5,7.9,100.0,5.5,63.9,93.8,6.8,6.5
4.3,4.1,4.7,4.3,100.0,4.2,50.8,37.7,4.7,4.5
5.5,5.2,7.3,6.8,100.0,1.8,54.7,49.7,5.4,5.9
2.1,3.4,4.4,2.8,100.0,1.6,26.8,28.5,2.4,3.1
6.1,5.1,6.3,4.4,100.0,5.3,49.7,50.4,5.6,5.7
4.9,3.2,4.1,4.0,100.0,5.9,37.7,34.0,4.7,4.3
5.3,7.1,4.7,4.8,100.0,4.6,67.8,55.9,6.2,5.5
4.9,5.6,5.4,5.5,100.0,4.2,47.4,44.9,4.4,5.2
6.7,4.8,6.7,6.6,100.0,6.9,81.6,66.2,6.6,6.2
4.0,3.2,4.3,2.8,100.0,2.8,36.6,52.8,3.8,3.7
4.9,6.0,7.0,4.4,100.0,7.0,54.4,58.3,6.3,5.8
5.6,5.0,4.1,4.6,100.0,1.6,47.5,36.8,5.0,5.0
5.0,3.4,4.1,2.7,100.0,6.5,53.8,57.4,4.7,4.2
5.1,5.9,4.6,4.3,100.0,4.7,28.2,40.0,5.5,5.0
3.3,4.8,4.6,4.2,100.0,5.7,42.5,36.2,4.4,4.1
4.6,5.4,5.4,4.1,100.0,0.9,40.4,40.7,4.4,4.8
4.8,6.2,4.3,5.8,100.0,1.3,37.2,51.2,4.9,5.5
4.1,5.7,5.8,6.3,100.0,4.9,59.0,54.0,5.2,5.2
3.8,5.5,4.2,4.2,100.0,5.9,64.7,51.0,4.4,4.3
5.5,7.5,5.4,5.7,100.0,5.4,64.1,63.5,5.8,6.0
6.5,7.2,6.0,7.0,100.0,7.3,50.3,72.0,6.9,6.7
3.2,2.9,3.3,3.7,100.0,4.9,27.5,41.3,4.5,3.5
5.2,6.7,6.7,4.8,100.0,7.3,58.8,52.6,6.7,6.0
2.9,2.9,3.8,3.5,100.0,3.4,34.2,25.5,4.1,3.1
5.3,6.2,7.0,5.0,100.0,6.0,58.1,68.1,5.9,5.9
5.5,6.2,5.6,6.7,100.0,5.0,64.2,51.5,5.3,5.6
4.4,1.4,2.6,3.2,100.0,2.0,31.3,26.2,3.1,3.1
6.0,5.0,6.0,4.8,100.0,3.6,54.8,59.8,3.9,5.4
5.3,4.7,4.4,4.6,100.0,3.1,52.0,26.6,4.0,4.7
5.0,3.7,5.2,2.9,100.0,4.6,35.9,34.6,4.9,4.2
5.8,6.9,7.0,6.0,100.0,6.3,100.0,78.4,6.3,6.4
3.2,5.0,2.5,5.6,100.0,2.9,45.7,38.7,4.7,3.7
3.1,4.0,4.9,4.1,100.0,4.5,44.7,33.9,3.8,4.0
6.2,5.3,5.7,5.9,100.0,5.7,68.7,59.4,5.5,6.3
5.4,7.2,6.5,6.0,100.0,5.7,61.2,71.3,4.7,6.1
3.8,5.3,3.5,6.0,100.0,4.6,41.4,41.1,5.7,4.5
6.1,6.6,5.9,4.6,100.0,7.4,80.6,85.2,5.6,6.0
5.4,4.7,5.2,5.5,100.0,7.2,71.6,40.1,4.7,5.0
2.6,3.0,1.8,3.8,100.0,2.0,20.0,20.0,3.3,2.6
4.6,4.7,5.6,5.2,100.0,2.4,59.7,37.5,4.4,4.9
3.7,5.6,4.3,5.5,100.0,3.8,40.7,38.2,4.1,4.7
6.1,5.6,5.5,5.6,100.0,5.1,66.5,54.3,6.7,5.9
1.3,1.0,2.2,1.4,100.0,0.5,25.8,20.0,2.4,1.7
7.9,6.4,8.5,7.2,100.0,9.6,89.2,81.0,7.7,7.7
6.2,6.3,3.2,4.7,100.0,6.7,62.5,55.8,5.5,5.4
4.7,4.6,4.7,5.9,100.0,6.3,62.5,46.3,6.0,5.2
6.0,6.8,5.4,6.9,100.0,5.3,64.1,74.5,5.7,6.0
8.3,7.9,8.1,7.8,100.0,8.8,77.0,85.5,8.9,7.8
5.4,5.9,5.8,6.5,100.0,6.3,76.4,60.8,5.7,5.6
5.8,6.0,6.1,6.3,100.0,6.9,67.3,63.5,5.5,6.1
5.6,4.3,3.7,6.0,100.0,5.4,46.9,63.1,5.9,4.8
6.5,4.8,4.6,5.7,100.0,4.8,48.8,43.0,5.4,5.5
4.9,3.9,5.2,3.5,100.0,4.1,47.9,30.1,3.1,4.3
4.4,3.7,5.0,4.2,100.0,5.4,21.9,27.8,3.9,4.3
4.6,3.9,4.7,2.7,100.0,2.7,46.9,37.4,3.4,4.2
2.5,3.2,2.4,3.5,100.0,2.7,33.8,34.6,4.0,2.9
5.0,5.8,5.8,5.4,100.0,6.5,65.4,57.7,6.1,5.7
3.0,2.9,3.5,1.8,100.0,1.3,22.5,41.2,3.4,2.9
5.5,6.2,5.1,4.9,100.0,4.1,66.6,60.3,4.7,5.3
5.0,6.4,3.5,5.0,100.0,6.0,49.0,40.6,5.6,5.1
5.5,6.0,5.9,5.4,100.0,3.1,53.6,50.2,5.1,5.7
4.1,4.9,3.9,4.1,100.0,5.2,45.0,20.5,4.3,4.3
8.7,9.0,8.9,7.7,100.0,8.9,100.0,93.0,8.3,8.5
5.6,7.5,6.7,6.6,100.0,7.7,58.0,64.4,6.7,6.5
3.3,3.6,4.6,2.1,100.0,1.3,36.3,20.0,3.5,3.7
6.4,6.2,5.2,5.1,100.0,7.1,53.9,74.6,3.5,5.9
4.5,4.9,4.3,3.9,100.0,2.3,40.6,37.1,4.3,4.7
3.8,3.4,4.9,3.7,100.0,4.6,40.6,20.0,3.7,3.9
4.9,4.3,2.9,2.9,100.0,1.2,41.0,27.2,3.6,3.7
4.4,5.6,6.1,4.2,100.0,8.4,61.8,73.0,4.1,5.3
3.3,4.1,4.0,3.9,100.0,3.9,52.1,58.9,4.6,4.0
7.5,5.7,5.4,7.0,100.0,9.4,62.0,65.1,6.2,6.3
6.2,6.4,6.2,7.3,100.0,5.3,64.4,65.9,6.5,6.5
6.5,7.6,7.1,8.8,100.0,6.4,60.6,82.9,5.5,6.9
3.0,4.8,5.0,5.5,100.0,5.5,57.0,35.7,3.1,4.5
5.9,5.9,6.6,4.5,100.0,3.6,55.3,61.7,4.2,5.9
6.2,6.3,5.5,5.4,100.0,4.9,56.5,67.9,5.9,6.1
3.6,5.7,3.7,4.4,100.0,5.0,49.0,32.1,4.2,4.5
4.0,3.9,3.8,4.0,100.0,2.3,49.5,53.8,4.0,3.9
6.7,5.9,6.1,7.0,100.0,8.2,67.2,65.3,5.9,6.5
5.5,6.5,5.1,7.4,100.0,5.6,65.3,47.1,4.4,6.0
4.9,5.3,5.5,4.8,100.0,3.7,56.5,60.5,4.0,5.2
5.0,3.4,4.5,3.4,100.0,5.2,52.0,47.1,3.0,4.3
4.3,1.8,1.9,5.0,100.0,1.3,26.3,38.5,3.1,3.2
4.0,4.9,3.8,3.8,100.0,5.3,48.8,41.0,3.9,4.0
4.7,3.3,4.3,5.2,100.0,5.0,48.6,51.0,4.8,4.7
3.6,3.0,4.6,4.6,100.0,2.7,22.8,44.8,4.3,3.9
4.4,5.6,4.2,5.4,100.0,3.3,35.7,49.9,4.5,4.9
2.6,3.7,3.1,3.1,100.0,3.0,20.0,20.0,3.3,3.5
3.4,3.0,3.6,4.5,100.0,2.0,43.1,27.2,4.2,3.8
7.1,5.7,6.6,5.0,100.0,7.8,40.6,69.2,6.6,6.4
6.5,4.9,6.2,5.3,100.0,7.8,62.4,50.9,6.1,5.7
5.3,4.0,4.6,5.0,100.0,6.9,46.6,28.4,4.6,4.6
4.1,4.0,3.4,2.0,100.0,3.9,20.0,31.7,3.0,3.6
2.9,3.3,2.4,5.0,100.0,2.9,26.6,33.8,4.0,3.2
4.5,4.3,4.7,4.8,100.0,4.0,36.4,53.0,4.3,4.3
6.5,4.4,6.2,5.9,100.0,5.4,60.2,45.1,6.8,5.7
5.1,7.2,5.0,4.7,100.0,6.8,78.6,67.4,6.2,5.6
4.9,4.9,3.5,3.3,100.0,4.9,53.3,54.1,4.3,4.2
5.5,4.4,3.8,3.3,100.0,5.1,29.1,24.5,4.6,4.5
6.2,6.6,5.6,6.0,100.0,5.4,45.7,54.8,5.0,5.8
5.1,3.2,3.3,2.2,100.0,1.7,22.1,20.0,4.0,3.8
4.6,4.0,4.0,5.1,100.0,3.6,38.4,51.0,5.8,4.3
7.4,4.8,5.3,6.3,100.0,9.3,60.9,77.8,6.8,5.9
5.4,9.0,7.0,5.8,100.0,3.9,62.0,62.2,6.8,6.8
5.8,5.0,4.3,5.4,100.0,6.3,52.4,39.1,6.3,5.2
4.0,4.5,3.9,3.7,100.0,2.5,26.2,37.6,3.1,4.0
5.5,4.1,5.2,4.6,100.0,4.0,48.6,50.7,5.9,4.8
7.3,7.2,7.2,6.8,100.0,7.2,59.0,38.1,6.0,7.0
4.1,6.3,4.0,2.5,100.0,6.8,39.2,52.1,6.0,4.2
6.5,6.6,6.7,6.2,100.0,7.5,84.6,81.9,7.7,6.4
6.6,5.6,5.3,6.7,100.0,6.5,74.6,82.8,7.1,6.4
6.2,6.9,5.6,6.7,100.0,5.6,80.3,62.2,7.7,6.6
5.5,3.2,5.8,3.8,100.0,5.3,64.7,35.4,4.9,4.8
4.3,5.7,4.4,6.4,100.0,3.9,68.0,54.7,6.9,5.0
7.5,7.5,6.5,5.6,100.0,6.7,85.5,76.4,6.0,6.8
5.6,5.5,6.3,5.5,100.0,5.6,62.6,47.3,5.8,5.8
4.0,4.1,4.9,4.5,100.0,0.7,44.5,26.6,3.9,4.3
3.8,5.0,4.0,4.5,100.0,6.4,37.4,50.5,5.1,4.6
5.1,5.9,4.1,6.3,100.0,3.5,45.3,50.1,6.5,5.4
4.0,1.9,3.8,3.4,100.0,2.8,39.5,36.9,3.8,3.3
5.3,4.9,5.8,5.2,100.0,5.6,46.7,48.0,5.1,5.0
5.8,8.7,5.8,6.3,100.0,8.6,52.8,64.8,6.2,6.6
1.7,1.1,1.8,2.9,100.0,0.5,20.0,20.0,2.4,2.0
7.4,6.8,6.5,8.1,100.0,3.5,94.5,69.4,6.6,7.3
5.8,8.2,6.8,6.5,100.0,8.3,57.0,62.3,7.5,7.0
4.5,5.5,5.3,5.1,100.0,2.4,36.2,32.1,5.0,5.1
5.8,5.2,4.8,6.9,100.0,6.4,70.4,63.0,5.4,5.6
5.3,5.2,3.9,6.2,100.0,5.6,38.0,62.5,5.0,5.1
7.2,6.5,8.2,6.1,100.0,2.0,73.8,63.4,8.6,7.5
5.2,5.5,6.1,7.1,100.0,4.1,83.0,83.4,6.4,6.1
1.8,3.2,3.5,3.5,100.0,2.2,50.1,32.8,4.4,3.2
5.3,5.4,5.2,6.7,100.0,2.0,54.3,61.4,5.3,5.7
6.2,4.9,5.1,5.3,100.0,2.7,46.8,53.5,5.1,5.4
6.7,4.4,5.8,5.3,100.0,5.3,47.3,61.0,4.6,5.4
5.6,2.9,4.3,4.5,100.0,3.8,38.9,34.5,3.7,4.3
6.9,7.1,8.4,7.3,100.0,8.1,89.2,81.8,7.7,7.5
4.8,7.9,6.0,6.5,100.0,7.2,51.6,76.1,5.6,6.1
2.2,4.2,3.9,4.0,100.0,1.4,45.4,35.1,3.3,3.4
2.9,3.1,3.6,3.2,100.0,1.1,28.0,30.0,3.9,3.4
4.4,5.3,4.9,6.1,100.0,5.6,57.9,36.5,4.2,5.0
6.6,5.4,5.7,5.9,100.0,7.9,69.7,51.6,5.3,6.0
6.0,7.1,4.4,4.8,100.0,3.9,49.5,50.1,4.0,5.5
6.7,6.5,6.7,6.3,100.0,7.3,67.7,59.8,5.6,6.3
5.2,6.6,5.7,6.9,100.0,7.4,70.8,61.2,6.1,6.2
5.4,5.4,5.7,5.5,100.0,6.8,74.4,67.9,6.0,5.6
5.6,5.9,5.4,4.1,100.0,5.1,30.2,59.2,6.0,5.3
3.9,3.6,2.6,2.1,100.0,2.0,38.1,21.1,2.7,3.2
5.1,4.7,3.9,3.2,100.0,7.7,63.5,41.0,4.6,4.5
5.4,5.8,4.4,5.1,100.0,6.7,68.5,74.4,6.3,5.7
5.5,4.3,6.2,3.9,100.0,5.5,58.7,43.1,4.8,5.2
5.9,5.9,6.0,6.8,100.0,6.2,70.3,65.8,6.0,6.0
3.8,5.2,4.5,4.6,100.0,3.3,47.4,37.9,3.8,4.7
3.1,3.6,3.3,3.4,100.0,3.5,42.7,38.3,4.1,3.2
5.4,5.1,2.8,3.6,100.0,4.3,48.3,55.7,5.7,4.4
5.2,5.3,4.8,5.2,100.0,5.0,54.1,28.1,4.8,5.0
5.5,4.3,4.7,2.7,100.0,4.5,33.5,48.8,4.5,4.4
5.1,4.5,5.4,4.4,100.0,3.3,48.2,59.5,5.0,5.0
3.5,3.9,4.3,5.7,100.0,1.8,54.8,32.8,4.3,4.3
6.3,8.9,6.5,6.9,100.0,7.4,57.8,70.2,6.3,7.0
4.7,4.9,5.6,4.5,100.0,3.8,51.8,37.2,5.7,5.2
6.2,7.4,6.5,7.4,100.0,6.7,75.0,75.4,8.3,6.9
6.1,7.3,7.6,6.4,100.0,4.4,87.7,97.5,7.3,7.2
5.5,4.7,4.6,4.2,100.0,6.3,65.4,26.8,5.1,4.7
4.5,5.0,3.2,5.3,100.0,4.3,25.6,29.9,3.8,3.9
3.0,2.2,1.8,1.5,100.0,2.9,20.0,26.7,1.6,2.3
4.4,4.2,2.5,2.9,100.0,3.4,22.7,40.5,2.2,3.3
2.9,3.0,3.8,3.6,100.0,0.7,24.6,20.0,2.5,3.5
8.0,5.7,6.1,5.8,100.0,7.4,66.7,64.3,6.8,6.7
4.4,5.5,4.4,5.7,100.0,4.3,55.2,45.9,5.0,5.0
4.7,4.4,6.0,5.2,100.0,4.1,47.3,49.3,6.6,5.2
1.0,2.8,2.6,2.9,100.0,2.4,20.0,20.0,1.0,2.2
3.2,2.4,4.3,4.1,100.0,5.7,24.1,20.0,3.6,3.4
5.7,5.8,6.4,5.9,100.0,8.6,68.2,60.8,6.4,6.0
5.8,4.0,4.8,6.8,100.0,6.4,53.7,44.9,6.0,5.3
5.0,7.5,4.9,4.2,100.0,4.7,45.4,47.1,4.9,5.4
4.7,4.1,5.8,6.9,100.0,5.5,50.1,51.4,5.9,5.3
6.6,7.0,6.3,8.0,100.0,6.1,58.5,72.8,7.1,7.0
4.4,5.8,3.9,6.3,100.0,4.3,63.0,36.3,5.1,5.1
3.7,6.1,4.6,5.2,100.0,6.5,48.2,60.6,5.1,4.8
4.4,6.0,6.7,4.5,100.0,8.0,80.0,49.6,6.8,5.6
7.3,7.6,7.6,9.0,100.0,7.4,93.6,86.0,8.3,7.7
3.6,3.8,3.4,2.2,100.0,0.5,36.8,20.0,2.6,3.0
6.0,6.7,5.5,5.1,100.0,5.2,70.2,60.3,5.3,6.0
5.4,5.1,5.5,4.7,100.0,6.2,49.9,48.3,4.6,5.1
4.5,5.9,6.3,4.8,100.0,9.0,52.5,66.6,6.8,5.4
5.2,3.9,4.9,4.7,100.0,6.0,30.4,37.3,2.4,4.5
6.0,4.1,5.2,4.4,100.0,6.9,60.5,42.1,5.0,5.0
4.3,7.0,6.8,5.6,100.0,4.8,63.3,61.1,5.8,5.9
8.2,9.0,9.0,9.0,100.0,8.4,100.0,90.6,9.0,8.6
6.4,5.1,7.2,6.5,100.0,4.2,70.3,61.4,6.2,6.4
4.5,3.8,2.8,4.0,100.0,2.7,40.8,26.8,5.1,3.9
